,selection_0p3_MaxAFs,selection_0p3_H,selection_0p3_total_m,selection_0p3_rec_errors
0,0.9921990096841175,0.2104142650086248,60218.0,3.4291420851499943
1,0.4650215071980702,0.623338429810345,55218.0,4.497430882767693
2,0.9966924895881027,0.13467499955381268,59933.0,3.3556198373536663
3,0.27421124072795006,0.7339454153694123,56067.0,4.24318981572311
4,0.9138565453879631,0.18045986146181625,57527.0,4.389291566825126
5,0.3492762111091674,0.7020036955050472,57002.0,4.344185994015369
6,0.1726287055457849,0.8904991221985078,56733.0,4.338458544935399
7,0.9850846016341362,0.07853765466782858,60564.0,3.2477163259907904
8,0.4094048299945593,0.7052441696253193,57433.0,4.310328383474291
9,0.9955158497799582,0.05933855737169613,61089.0,3.1890440781319285
10,0.615879378079832,0.4975035747859715,57335.0,4.3037917749481664
11,0.9981112802261893,0.12961170914155462,59864.0,3.5558322474571664
12,0.5234941501378272,0.6630971978588195,57180.0,4.35168357139149
13,0.9870575634712531,0.16983003193017754,59599.0,3.714944354624741
14,0.36790856930353405,0.6968888304620605,57062.0,4.3881746735787885
15,0.8613118856900319,0.26396688533161106,59158.0,3.8911996855906494
16,0.20622000063108525,0.7813043170346693,56144.0,4.503542215363122
17,0.06090639322777658,0.9197153123351621,56464.0,4.454269904565518
18,0.5822122513921654,0.5968123348935095,58474.0,4.0329323245925845
19,0.45713331096900994,0.6652717493477222,56770.0,4.416451407320718
20,0.2437374947549522,0.6944290288494597,56485.0,4.3586476634158515
21,0.8365527601315836,0.27955884390903774,57983.0,4.151255857237322
22,0.9992005938489875,0.593383166303131,59011.0,3.4036746903407824
23,0.8858606552254216,0.2693825525425665,59471.0,4.0439070657277405
24,0.9342210805377062,0.27759866489912577,59339.0,3.857242757239
25,0.7778229409316662,0.34744304754003985,58695.0,4.021220790476878
26,0.6338819654262703,0.577244835848826,56964.0,4.324072503075046
27,0.9687228273492073,0.4121346897587519,57712.0,4.230832010549655
28,0.34170642685587493,0.6870439529654382,56774.0,4.338458544935399
29,0.5598731307310278,0.5434944972544739,57858.0,4.245305454777846
30,0.9143007964156694,0.07500377623200438,57864.0,4.48366969722256
31,0.9952906830984107,0.04983776071038992,61035.0,3.2709044113185364
32,0.2595075557424776,0.837965204696743,57310.0,4.31172676998078
33,0.4470474673099601,0.6643373153048653,56059.0,4.230832010549655
34,0.394454234837612,0.6415228135875324,56414.0,4.35168357139149
35,0.9935429394880565,0.1839861518336242,60768.0,3.2150615542014194
36,0.5041046958232234,0.602915767354881,55681.0,4.541236725240008
37,0.2592854474103628,0.7570398474031967,55849.0,4.429142085149994
38,0.8553685505649583,0.2556255204546072,60203.0,3.677625144317826
39,0.6575296558737487,0.49151959415286206,59511.0,3.9245555746975143
40,0.3566579326449567,0.728362648673559,55721.0,4.24318981572311
41,0.31749645542884813,0.7843816126369929,56558.0,4.3586476634158515
42,0.7382092919064553,0.4124215664564256,58802.0,4.0523712275637145
43,0.3014017626762592,0.6997756340695311,55652.0,4.38396303951847
44,0.9882098825287123,0.03368587445151494,60179.0,3.6860442332595866
45,0.5020368736084778,0.5720548381596859,58877.0,4.067755464311045
46,0.987845990491437,0.1141181924027227,60077.0,3.5977025585146727
47,0.9170728207690311,0.27120823801201077,60353.0,3.661773210753962
48,0.7094814682795428,0.4247177273517102,59059.0,4.084802289509987
49,0.5755770162531599,0.4601498297620126,57504.0,4.298217331943391
50,0.9909881524439773,0.28967826581775147,59409.0,3.4826012854819695
51,0.674430739154004,0.5159443263054753,59870.0,3.6422994007040685
52,0.3121492321262048,0.7001954948057865,55687.0,4.579581304488924
53,0.9585150105293558,0.17194351252612006,59979.0,3.6327525830735716
54,0.3925192790058048,0.679419781087027,55906.0,4.35168357139149
55,0.42705342198503254,0.6925592032045349,57800.0,4.215061554201419
56,0.09481786141702934,0.9022320746015158,55953.0,4.512147041268335
57,0.9454671726264805,0.09393149191459282,59199.0,3.9735078993264175
58,0.45685105796167524,0.4763939910820919,54207.0,4.46485314311966
59,0.4624160512074909,0.7385762909627989,55740.0,4.369475692641009
60,0.5867502319985702,0.5438503044317613,59660.0,3.816957139053695
61,0.4025138618614178,0.7698993806638623,57998.0,4.137643841026076
62,0.45561606896997203,0.5030308309536382,56739.0,4.282670969766995
63,0.9999730590342109,0.568276570102126,60173.0,3.2846103519926757
64,0.5446200424789273,0.5988665888556737,58272.0,4.172065958470316
65,0.17731796276780865,0.8311191734170974,56480.0,4.338458544935399
66,0.743944092272739,0.34803716982091004,59270.0,4.133291504105598
67,0.14551009776349005,0.8630082582584737,56465.0,4.36409174578446
68,0.9565589984771568,0.2364190408315513,58682.0,3.8037296037983914
69,0.8160227390685764,0.5775693719055267,56747.0,4.222595835100554
70,0.3015071898229952,0.7494281544280987,56161.0,4.408337186948373
71,0.7340950301503857,0.13365236607413744,56135.0,4.613456249267035
72,0.40690460356072455,0.8029302907597928,55959.0,4.31172676998078
73,0.2834521036749187,0.7547260321126645,56356.0,4.5396690443989804
74,0.9999563583844998,0.43815852452765014,59581.0,3.8400320573846436
75,0.4478412893959972,0.5717407566035626,57209.0,4.441747874867012
76,0.809219792981186,0.24429867036374764,57853.0,4.172065958470313
77,0.4743730205402442,0.6714689339235201,57832.0,4.264269283015999
78,0.5465709343730873,0.5126475687731953,57239.0,4.287820844312627
79,0.37360284653983455,0.5386419223098763,54981.0,4.328040483344937
80,0.4925963932249416,0.5445384178837218,55456.0,4.485576792980048
81,0.8128778881739787,0.18351731673728455,56905.0,4.509601909996245
82,0.6868008262045083,0.373850825196248,57809.0,4.290178016022104
83,0.8954454450296612,0.34304060162051986,57215.0,4.5316808004257485
84,0.7003999315926268,0.7197269431875989,57854.0,4.128502825770507
85,0.2558918994434981,0.7655443625500877,56464.0,4.444431066564505
86,0.3859817907764769,0.6569136255352982,56063.0,4.36481643663593
87,0.37135957300356126,0.6601947773275867,57407.0,4.409113475599394
88,0.6421951261816987,0.482325010152568,59833.0,3.9245555746975143
89,0.46947927485882046,0.5926148857087359,54690.0,4.435215603037257
90,0.08651203726389166,0.91694131139584,56217.0,4.35168357139149
91,0.5643130637473336,0.5407960770070779,60130.0,3.5071148392501925
92,0.9494382160022344,0.5034195393084724,57357.0,4.011960041934763
93,0.503203032556207,0.4220798516336417,55821.0,4.466709280000469
94,0.8810348547284449,0.4385475133633111,58062.0,4.200838403398052
95,0.6553376010996038,0.4315471030910184,57120.0,4.215061554201419
96,0.9977759871924573,0.4982886925115374,59728.0,3.338458544935399
97,0.09182232841987448,0.88476038343839,56536.0,4.3816771785430895
98,0.8654384152073092,0.606819557731801,59362.0,3.8813927673487143
99,0.9413320436491411,0.3222619513746121,58798.0,4.03043625400413
100,0.6742770570950112,0.5014547283389736,57869.0,4.043287866923032
101,0.6729901620716441,0.5874113346932122,58145.0,4.156223400369132
102,0.9120127129056856,0.6105488256428502,58167.0,4.184740595717887
103,0.45882989595332,0.6140231590920139,58854.0,4.270904411318536
104,0.9814145221788193,0.1434874245517388,59522.0,3.710592023507729
105,0.8395885757143843,0.16857789490775332,56954.0,4.479067085173927
106,0.10330030524990508,0.8767735104691127,55692.0,4.325140054619542
107,0.1035825496663706,0.8715212362037291,55921.0,4.463005893842466
108,0.2599052184865505,0.8055716470364412,57573.0,4.26265162430523
109,0.16963673775934512,0.8686142236628345,56764.0,4.36481643663593
110,0.11940129510961249,0.9062450935671484,56201.0,4.403674690340782
111,0.3602047760817006,0.7055343764894069,58128.0,4.098152228707956
112,0.405356477386938,0.6254160243600075,56045.0,4.340797675473857
113,0.9710979535458542,0.0689960222054733,59132.0,4.0668539773117764
114,0.2327369125259744,0.7553722899316269,55674.0,4.409390165067887
115,0.15982149788900438,0.8237466827431282,55646.0,4.431742502679013
116,0.15533771707633787,0.8480386305810479,56473.0,4.3586476634158515
117,0.35431682629031397,0.6671938147092024,57259.0,4.286432643605897
118,0.7514265073863391,0.3095023215071958,57466.0,4.3037917749481664
119,0.4178249556623093,0.7038615022577237,59164.0,3.989546792187607
120,0.4277009157961059,0.6858687956134691,56340.0,4.402208924386308
121,0.5500835947413125,0.48013448648329793,56759.0,4.479067085173927
122,0.9775677027715957,0.0799521539078728,60193.0,3.4343429202080316
123,0.38951662417808897,0.6010711253695313,55433.0,4.506612084950955
124,0.8919887885377049,0.5308495559831513,56555.0,3.9941278175986294
125,0.38095116677620167,0.703933431126629,57073.0,4.37976779740745
126,0.9719548669752444,0.031163264631013377,59644.0,3.877845234683239
127,0.4109514785388447,0.716479864642239,57259.0,4.325140054619542
128,0.5201996806653649,0.593164759160884,55905.0,4.598382781779964
129,0.6839409688045179,0.37985958243375484,56465.0,4.621365487788186
130,0.8621776305329525,0.09707242575784492,57899.0,4.067755464311045
131,0.37121049565045583,0.6716378776931045,57533.0,4.297452527885808
132,0.6923623745117777,0.6588969444736937,57743.0,3.886282924646096
133,0.18062085129208005,0.8341998226981715,55857.0,4.449531363415126
134,0.1553561015364108,0.904410206947456,55099.0,4.431914193037162
135,0.3574315318249136,0.6638722893507808,56687.0,4.311489819361006
136,0.8375739137982048,0.31125220518684793,59492.0,3.7809911899090523
137,0.6954500961262422,0.36716757520099064,57568.0,4.284610351992676
138,0.645298148134196,0.5536830013538467,58248.0,4.075849500529966
139,0.21051172397207393,0.7215107640898129,55608.0,4.36481643663593
140,0.3750633716204605,0.7337382381893286,55460.0,4.257098059927692
141,0.9977008428596265,0.09146725200887806,60375.0,3.3353332398475963
142,0.9683387381784593,0.18272340938818177,59728.0,3.696377125263524
143,0.7658476558657935,0.20968409987354875,56990.0,4.257098059927692
144,0.491951029949428,0.5943730803717802,56732.0,4.448032708436717
145,0.5608479538400915,0.5177386529758721,57447.0,4.268786986960734
146,0.7741050103349445,0.39749654278339397,58730.0,4.020209075629969
147,0.9994333033136864,0.2239504106081649,60314.0,3.1280664843558945
148,0.5940759926124367,0.5483009529255639,58446.0,4.200838403398052
149,0.3928316516005301,0.6371017188290524,56204.0,4.609909169613996
150,0.5994259821749601,0.5580250288522162,57689.0,4.3037917749481664
151,0.173220221253197,0.8366382298710582,55919.0,4.524424338996365
152,0.5226339206329285,0.5890437672987816,59248.0,3.8369784917108483
153,0.30704705477642147,0.7264055371037473,57159.0,4.298217331943391
154,0.8492504170244155,0.4827987502250195,58661.0,3.8755309942369998
155,0.563686892473597,0.48438720327662466,56241.0,4.396875313622758
156,0.4161583098571367,0.648999343751294,57082.0,4.362186269975886
157,0.4444840120788652,0.6935893416345287,59003.0,4.067304720811411
158,0.9714336847139151,0.3905554668389003,58000.0,4.284610351992676
159,0.09780056824647912,0.8974908243226324,55896.0,4.270904411318536
160,0.8566903502898564,0.40692772635606966,59321.0,3.677625144317826
161,0.33210530580929953,0.727178177146453,55962.0,4.429142085149994
162,0.98720960467423,0.14351215144056018,60946.0,3.0690239350203647
163,0.30121608822039175,0.7437646289900619,56387.0,4.287820844312627
164,0.3614978049856714,0.6862275729724223,57069.0,4.325140054619542
165,0.28391512575181166,0.7414647268592884,56502.0,4.270904411318536
166,0.26527493268474106,0.7926519235367769,55917.0,4.2830961540720285
167,0.7701898935176368,0.3057411416561384,57554.0,4.416451407320718
168,0.9463183731278574,0.18909863643070168,60273.0,3.5577676641943334
169,0.31752737396707365,0.6847201859771994,57591.0,4.438045397537522
170,0.7756124329704949,0.5765458012864121,58779.0,3.957331331881676
171,0.7130247465055716,0.39944240783835616,58244.0,4.298217331943391
172,0.9806643331174133,0.07129066850405641,60187.0,3.6196843468105513
173,0.6264266373232357,0.49443843311587976,57812.0,4.1436678155859585
174,0.9196634832828601,0.298085789868512,59041.0,4.0523712275637145
175,0.8609812832708793,0.3127152875573125,58900.0,3.945828395643737
176,0.44573900061404953,0.6474975932401523,59437.0,3.94101470583362
177,0.4500200197320238,0.5829571500421826,56816.0,4.396875313622758
178,0.9985349475313093,0.09141300432827837,61102.0,3.1725232001781105
179,0.7637073181241902,0.379908970708395,59560.0,3.8354792403714626
180,0.30947695635504263,0.7330736838799332,56626.0,4.31172676998078
181,0.9135664145535785,0.058198151920920815,58646.0,4.075849500529966
182,0.06889346177037867,0.926134027101898,55914.0,4.456471063316091
183,0.698800552293235,0.34229948196605553,57317.0,4.337451994624686
184,0.34196697932762826,0.7644829667186435,56998.0,4.478202993587232
185,0.716071060130526,0.44664896196216053,58149.0,4.186507090713519
186,0.906446070212985,0.20239047619675565,59545.0,3.691764654189509
187,0.299311647155958,0.754296422652813,56414.0,4.429142085149994
188,0.5411826638974401,0.5453310216826371,57474.0,4.411951862319633
189,0.5889889609650405,0.378580554251141,56083.0,4.35168357139149
190,0.7064289262744234,0.505181409329556,59337.0,3.821534174188903
191,0.8022190335397584,0.27061032233255067,58640.0,4.172065958470313
192,0.9365589739072708,0.11660218143155221,59766.0,3.8226627313329793
193,0.8747145608540533,0.19501138719058297,59373.0,4.026371779256426
194,0.4102719837400275,0.6326038420696108,57855.0,4.3196284944962855
195,0.3389693931127363,0.752294545934816,55942.0,4.412486341486765
196,0.3126923039222378,0.7095459071504038,54518.0,4.466709280000469
197,0.9982521876626923,0.1827617950262458,60238.0,3.256282586689416
198,0.25401293889709065,0.7145882046478558,56879.0,4.3434939284917675
199,0.43530181617761526,0.5894437210779477,57650.0,4.298473958410817
200,0.6584684316956786,0.4881302740582366,58804.0,4.048741421333341
201,0.514025715065937,0.5752933357972393,56701.0,4.390810759600694
202,0.07170959164617695,0.9178587210422205,55861.0,4.369424168399554
203,0.5595528889001219,0.6213304594182442,58134.0,4.163519193091137
204,0.10334205687418287,0.8696692974116011,56316.0,4.372176855608746
205,0.4552047553347515,0.6440806121808476,55172.0,4.429142085149994
206,0.157349114462224,0.8727439755508366,55529.0,4.510050757271337
207,0.7572071142671597,0.5191996648628384,56508.0,3.9966573474135565
208,0.22487033951467275,0.80055443296872,56326.0,4.357763002761628
209,0.3124190369640789,0.6805299005470011,57554.0,4.36481643663593
210,0.23276908533110202,0.7671766001039939,55283.0,4.3741909413494895
211,0.9127781249873016,0.2644478956529246,59371.0,3.8793421043673906
212,0.11070612417378067,0.8719618981820203,55671.0,4.316608738310361
213,0.8973325067657175,0.1290752170082432,58497.0,4.0926663526192915
214,0.5090251161534912,0.568470915967588,56559.0,4.459029825503022
215,0.3906072006586585,0.7176402373469926,55942.0,4.503647386329025
216,0.4305764171688968,0.650637137016824,57050.0,4.379325231167513
217,0.7857043417831948,0.6494401077367611,56979.0,4.137643841026076
218,0.3216907754949271,0.7166452588093859,56727.0,4.270904411318536
219,0.8519926740160235,0.1490526131653508,57759.0,4.390810759600694
220,0.40005244038372767,0.7722811417910366,56601.0,4.379258416127779
221,0.3651452045463189,0.6912842201893281,57027.0,4.338458544935399
222,0.5765210754596435,0.5089477234025124,58609.0,4.172065958470313
223,0.6530377996440407,0.47773155084923147,58118.0,4.186507090713519
224,0.8337214415990521,0.2519984463048489,57883.0,4.429142085149994
225,0.34172970811138786,0.7574646393694681,57060.0,4.390810759600694
226,0.9697359743257407,0.1332526484289337,59660.0,3.742992108701003
227,0.514600753486237,0.4669612920141252,55360.0,4.37785841627181
228,0.5585284363397306,0.6272891704152461,57008.0,4.2797843351785545
229,0.9954000190906295,0.5562651393805537,58778.0,3.6067087491151355
230,0.23387899985822488,0.7946920837010806,55569.0,4.374031900163178
231,0.5164775319518694,0.566026552547531,54567.0,4.4661084734149075
232,0.7217382589471304,0.31304771224806327,57734.0,4.247291141685757
233,0.7121020527907709,0.257926397064717,56800.0,4.454269904565518
234,0.9840163270499916,0.08658527622012469,60439.0,3.6739966629772116
235,0.3293975669301088,0.7046717681306842,56768.0,4.438045397537522
236,0.6828794810070358,0.4721510934675147,59357.0,4.021220790476878
237,0.6087386905609895,0.574198446384695,57434.0,4.30425946536775
238,0.9856731105373308,0.24905332081409748,59928.0,3.6198654179765697
239,0.35501948207247536,0.6533071490495534,55912.0,4.456902361758534
240,0.45281512775090693,0.5907623793590906,57002.0,4.320900800407031
241,0.154351794564277,0.8562906463406563,56152.0,4.328583740360859
242,0.38848246393550967,0.6729244163772217,55848.0,4.505748344318732
243,0.20992315493279504,0.8615428491129005,56363.0,4.379992176326958
244,0.31746118991081107,0.8114205885250853,56879.0,4.3016001023435155
245,0.9750188262455212,0.10754418234837615,59883.0,3.621365487788186
246,0.8372122467960503,0.16192326260378598,57886.0,4.270904411318536
247,0.37357689352400264,0.651796620978375,57198.0,4.285035536297709
248,0.6802956052798692,0.40590853013745054,57770.0,4.297319866840727
249,0.9131340103344892,0.09325538154267488,59245.0,4.172065958470313
250,0.236325103816144,0.7870739339036813,56310.0,4.4178638110958435
251,0.4748605437760755,0.6769394944786071,57479.0,4.454269904565518
252,0.3137471080234878,0.7393539589223588,55703.0,4.35168357139149
253,0.667733194440742,0.5678763460382804,59693.0,3.7957843152440987
254,0.5711851663317273,0.7620263428952581,58309.0,4.093712748360382
255,0.39478925296352985,0.7385763194983985,56082.0,4.393843036611726
256,0.429307520016489,0.6279385106870145,56954.0,4.347410188701902
257,0.7259032927401305,0.3598577199279578,58199.0,4.200838403398052
258,0.2646226709412655,0.6976660318850427,55319.0,4.484852102128574
259,0.4173013335941292,0.6167702445473061,55254.0,4.393843036611726
260,0.4378098860750232,0.6088166509089783,56073.0,4.36481643663593
261,0.9341646728905854,0.08502885783199543,58533.0,4.200838403398052
262,0.10474665539636265,0.9003386201684644,55978.0,4.31172676998078
263,0.4980566723661643,0.4195156869042421,56483.0,4.327497226329015
264,0.24917343596375124,0.8198737898112378,56253.0,4.416451407320718
265,0.8226309043787549,0.19629388568740225,57012.0,4.2797843351785545
266,0.7944312387989563,0.4085584675718602,58873.0,4.029720266514561
267,0.46240500334970874,0.5705636422660726,56671.0,4.338458544935399
268,0.24065127654259644,0.7227464454845324,55813.0,4.38058091356314
269,0.9385291780753767,0.3173915908172189,60134.0,3.6247217817047463
270,0.9195533912941524,0.23170815867343908,58846.0,3.8578354789095677
271,0.5886892856749825,0.4053851913255002,56666.0,4.263607767733813
272,0.8911838928212781,0.12328074315026527,58755.0,4.186507090713519
273,0.8849378756019289,0.13517380670858525,58170.0,4.299275158026026
274,0.9904382337251976,0.02953180030353897,61120.0,3.492783526565656
275,0.470471236751924,0.6874083845395236,57443.0,4.257098059927692
276,0.3461538511101168,0.6948073506140928,56581.0,4.390810759600694
277,0.6595183218197502,0.4695664444527443,58090.0,4.221490656120338
278,0.6256018107902812,0.4765325932265112,56274.0,4.426908754606934
279,0.07797620976985087,0.8656817443060512,56279.0,4.275990557277261
280,0.5838536915871259,0.3971779601646225,56936.0,4.31172676998078
281,0.4304621070634152,0.7425888149694158,56615.0,4.1835678772382074
282,0.9365522386658236,0.12589438946646703,59005.0,4.111408263687814
283,0.9986172996033931,0.4902677221638386,60159.0,3.325140054619542
284,0.9902463738435111,0.30157011572870973,60286.0,3.5751163314965773
285,0.8894054712170358,0.15250830962618878,58191.0,4.284610351992676
286,0.5248918845555218,0.6528832023175193,58664.0,4.075849500529966
287,0.959965793564317,0.15528766817640483,59890.0,3.710592023507729
288,0.9687704551280131,0.05249869268390084,60163.0,3.847888789552183
289,0.08066144916262522,0.906680963091643,56075.0,4.411951862319633
290,0.16781409036049752,0.8503756317505158,55956.0,4.3926360594102505
291,0.9820459596553711,0.4371734766613361,58341.0,3.6841348521239468
292,0.1705699724706456,0.8304497366122106,56327.0,4.325140054619542
293,0.9647708986574078,0.03895743362602899,59039.0,3.989546792187607
294,0.6173319394247161,0.5034793137280666,57721.0,4.284610351992676
295,0.43729323979262774,0.6361683593767966,57087.0,4.3196933609421
296,0.8777200420777337,0.2514272958628213,56611.0,4.714944354624741
297,0.9508985263111305,0.07308081541428402,59736.0,3.7515388740801825
298,0.8965331263873126,0.10173074632330026,58198.0,4.270904411318536
299,0.7924225475368659,0.3963973195240754,58945.0,3.9565533006241704
300,0.41291135648218064,0.6603783254284634,56993.0,4.335333239847596
301,0.2521695789126188,0.7712157440473536,57256.0,4.36481643663593
302,0.2765710665865643,0.7287859611313814,56419.0,4.412564604677602
303,0.26136737583232317,0.8106569320098657,57972.0,4.172065958470313
304,0.27396804181196655,0.6862261189970162,56333.0,4.297020279991569
305,0.9690768742503876,0.30346161690423556,59468.0,3.9739815255077975
306,0.26983603132014417,0.7462476221324785,57033.0,4.460060958812589
307,0.24507203473886338,0.8194978370070511,55665.0,4.322159584848427
308,0.2317673642105953,0.8182704504434404,55872.0,4.37785841627181
309,0.7144424203306631,0.425559218147629,61176.0,3.1282144763336426
310,0.3810011398622971,0.6398038696119261,56359.0,4.454269904565518
311,0.9093863123760139,0.3592198763104807,59231.0,3.8161910231262013
312,0.9888184854749492,0.31372941603194937,59167.0,3.7274908487718843
313,0.9412241079686008,0.14216754128595277,59137.0,3.795582958153318
314,0.852892962743969,0.08111710837258834,58048.0,4.295062403730899
315,0.7728771689464099,0.6461811234717753,58420.0,4.048733082541862
316,0.7080235548231515,0.5217389017439906,58338.0,4.021220790476878
317,0.6450065482611793,0.33976093559844733,56832.0,4.565818272049697
318,0.17631300288961618,0.8533053917464308,56615.0,4.319296237912457
319,0.5482145051036077,0.33868287238756045,55249.0,4.284610351992676
320,0.23445587672453216,0.8424852529605907,56470.0,4.379482795047286
321,0.5079685079697107,0.5183491875673294,56110.0,4.5156616046293685
322,0.9953068339324935,0.13093123451356437,60669.0,3.3042594653677497
323,0.3571057317016398,0.6579051029316474,56159.0,4.442410775581811
324,0.8363596631647334,0.24443454923349472,59393.0,3.8868931245142235
325,0.1460130673821303,0.8463706619582727,56923.0,4.350908192431348
326,0.2932420434354862,0.7895160629118664,57803.0,4.144781710399885
327,0.5380421342100464,0.5205179343635595,57236.0,4.326318640474279
328,0.8919004400389245,0.5336320206052045,57572.0,4.1280664843558945
329,0.9627274057842168,0.37028989114064803,58971.0,3.795460040528422
330,0.4561543126975186,0.6745396695942039,57357.0,4.270904411318536
331,0.24819302878971225,0.8112331395864381,55428.0,4.390810759600694
332,0.5735950597759981,0.4724137182241407,57095.0,4.3741909413494895
333,0.19391124379574945,0.8463433335223917,56544.0,4.325140054619542
334,0.9077936597272002,0.12337276186694768,58795.0,4.11954997953071
335,0.3347805626120717,0.7248922554551958,56749.0,4.3816771785430895
336,0.40465430269345143,0.7127682698277134,57252.0,4.3715705577934685
337,0.1963571673454155,0.789159700754954,55697.0,4.37785841627181
338,0.5012612212107839,0.6315347070974018,55433.0,4.4264705361336105
339,0.266745208401901,0.7842916299304682,56851.0,4.31172676998078
340,0.9986923322549244,0.18113508894954444,60954.0,3.2350252549824923
341,0.1976875579395065,0.7882393790535271,55871.0,4.36481643663593
342,0.506460312155933,0.6830259809485427,58671.0,4.022058978426022
343,0.25664799043203973,0.7366092100615143,54975.0,4.266472564641251
344,0.8682736941305386,0.15311402672020435,57823.0,4.441747874867012
345,0.6244705307714754,0.7481354244690959,57721.0,4.005450334128643
346,0.6277615553053913,0.16018864799098886,56778.0,4.36418757182841
347,0.2873809229285892,0.7273672279859088,55148.0,4.2291781635492285
348,0.153084134497033,0.8695968466166581,55834.0,4.389291566825126
349,0.9914970068080147,0.07361905729467966,61104.0,3.264463841123286
350,0.9930295233724776,0.6189555930690563,58739.0,3.735418521002135
351,0.9454091498959513,0.378581144564742,57816.0,3.8950345821516184
352,0.20248695010458395,0.8390633286363511,57052.0,4.383574991548468
353,0.22517053025688236,0.8111609377158592,56833.0,4.416451407320718
354,0.9628557190064828,0.5470622191766625,59935.0,3.64407128698387
355,0.20197030382218853,0.8795437219343181,54782.0,4.308929996967802
356,0.38907808607839595,0.6572065169649308,57158.0,4.2439769604051225
357,0.13864744513520855,0.8634298883545671,55963.0,4.416451407320718
358,0.5456214629190123,0.5867861613976488,57453.0,4.270904411318536
359,0.9818311707438087,0.053992327703562215,60469.0,3.5515590430574306
360,0.965129704900121,0.04981785176553155,59792.0,3.98829775448276
361,0.34852931235066226,0.739394677660972,56665.0,4.247291141685757
362,0.2534510101431791,0.8260310174533625,55870.0,4.434342920208032
363,0.3200809840620734,0.7729061338288796,56417.0,4.390810759600694
364,0.3536413949726251,0.7191405986388242,56229.0,4.435444980008503
365,0.3199444236053821,0.4950258097240261,54055.0,4.228198905827718
366,0.35510972056247825,0.7552467271806877,57445.0,4.215061554201419
367,0.42973674561397684,0.6317374316729176,58402.0,4.039606873249209
368,0.987662206026792,0.30210877440705464,59292.0,3.7333304373970684
369,0.2396253205800964,0.8915605747239372,56639.0,4.270904411318536
370,0.2807149840230881,0.6803678215610648,56756.0,4.337585617395833
371,0.6462273279552373,0.5038283187095904,59280.0,4.075646962916226
372,0.45159832562928526,0.6120453166272749,56985.0,4.390090830386004
373,0.645480154288918,0.42899233209534315,57714.0,4.2291781635492285
374,0.9487103975642068,0.343160760485124,58970.0,3.5296886176749203
375,0.9265325790630363,0.2495482065370055,59578.0,3.685465243634164
376,0.34733475198938113,0.7214959471440026,56438.0,4.419445146689018
377,0.38554577839232657,0.569892656789557,55866.0,4.441747874867012
378,0.225951019313932,0.7805150822968945,56286.0,4.374031900163178
379,0.07851439336131305,0.9191037802708305,55616.0,4.31172676998078
380,0.5402992132731128,0.47631813349578933,55835.0,4.435622779310485
381,0.3635874651899054,0.7531145158344253,56191.0,4.449923611333217
382,0.5599127260471383,0.4912703999549102,57113.0,4.186507090713519
383,0.33735528047267854,0.6165467068962427,56080.0,4.563374495779829
384,0.8999961916676867,0.4926632533073294,58314.0,3.8369019269781646
385,0.16986041822052222,0.8256482245783698,55610.0,4.257098059927692
386,0.9999660231123418,0.10279419240579069,61511.0,3.021220790476878
387,0.12476960040525535,0.9129195747022532,56190.0,4.368616498344714
388,0.9638848020453691,0.13594194311148455,59933.0,3.722727843172855
389,0.9215432084166257,0.13539758407479097,59142.0,3.804430715817034
390,0.5323556317103655,0.4902924977693184,57048.0,4.31815777076646
391,0.7624544429428274,0.19168277506176923,57169.0,4.396875313622758
392,0.41944914539193034,0.6288750762835082,57245.0,4.227584368323214
393,0.20862339078737696,0.8164920201469528,55077.0,4.338458544935399
394,0.14027850756018395,0.8023582555342759,56068.0,4.322503997897197
395,0.9906137365919405,0.06949871640704797,60155.0,3.4710801173738055
396,0.5004334308279578,0.6181890417097642,56336.0,4.186507090713519
397,0.4097182163118493,0.5885145343467997,56833.0,4.4395729657554135
398,0.7176777244869934,0.42521310556612035,58962.0,3.974126958019429
399,0.2953811097284489,0.8085551482398877,56464.0,4.463789746440526
400,0.9994228396350093,0.2186412273716385,60645.0,3.4291420851499943
401,0.9494047717484662,0.050277414254498165,58791.0,4.159967942615356
402,0.3735498752403908,0.7340091566921125,58121.0,4.098152228707956
403,0.9869590605650865,0.05036131693962553,60171.0,3.491344382901957
404,0.09975527448656091,0.8899235085772057,56622.0,4.3595561033158425
405,0.34546329986264834,0.7291418537699833,57642.0,4.259396770402169
406,0.3935217389410621,0.6243553493432118,56196.0,4.357505992440753
407,0.9997475143544189,0.18682287251961627,60414.0,3.3908107596006936
408,0.5738612650396803,0.7504980533098902,57778.0,4.093712748360382
409,0.40124408844035236,0.7105216202338809,57518.0,4.186507090713519
410,0.24942653156104505,0.809462875150288,55828.0,4.223663033346726
411,0.8801245834104973,0.14004153908977712,58293.0,4.271713408341494
412,0.5190922403085696,0.5640940114748009,56453.0,4.35825000401371
413,0.7578676404267989,0.747182766038829,59493.0,3.8911996855906494
414,0.9002920612026923,0.09433525139189869,58022.0,4.157513310588389
415,0.4730514527688144,0.6548910255243021,56609.0,4.368616498344714
416,0.308686046573662,0.8286495662687436,55454.0,4.486850573722041
417,0.176506752762525,0.8274183706739531,56897.0,4.456471063316091
418,0.6660685159446146,0.4398255172799169,56360.0,4.655322416139835
419,0.6194437211171219,0.4368754916737648,57396.0,4.41313006611642
420,0.546943649233024,0.6052053250793727,58094.0,4.128502825770507
421,0.48945671403359803,0.559080188257544,59950.0,3.661285954246136
422,0.8088818195962657,0.2314818862154161,57521.0,4.338458544935399
423,0.7949323270172433,0.34509330345265743,59526.0,3.857242757239
424,0.5728547588050331,0.5483653868592266,59310.0,3.933747851633843
425,0.490685637871651,0.5893131923085523,57036.0,4.364454091210195
426,0.31299429874697793,0.6617607339013367,55027.0,4.546377404481202
427,0.9789208849416556,0.27968189472209815,59529.0,3.5633744957798292
428,0.603702705858338,0.4234321837201066,55279.0,4.5276653245141745
429,0.33989428609005035,0.7489342688981966,58968.0,3.8518998565664475
430,0.49386398456523206,0.7517209609266778,59624.0,3.5071148392501925
431,0.8456828352294399,0.17215004212491658,58450.0,4.14457795231324
432,0.6342874029069628,0.6573549105686685,57283.0,4.215061554201419
433,0.9507927383478884,0.048638290627156966,58601.0,4.100106489902096
434,0.9514290296655342,0.10255111854544818,59677.0,3.7881570169211756
435,0.9604086958255601,0.05420352896246816,59092.0,4.037695330191614
436,0.39370855598253224,0.73630498309288,56990.0,4.2291781635492285
437,0.24593549441057863,0.7658890773671835,56905.0,4.592244010198419
438,0.8144857724338715,0.4152172121411901,58697.0,3.9093608154849235
439,0.6469901971395722,0.2914430462660589,57262.0,4.270904411318536
440,0.9923547965060626,0.1693461308180222,60729.0,3.310161261836699
441,0.45707579509976304,0.6082174940689902,56279.0,4.477164798460292
442,0.9665121647523904,0.20120255133412235,58603.0,3.8121311222395704
443,0.6063186083458559,0.46637344647033485,57259.0,4.297020279991569
444,0.2112803060844221,0.7401224794798744,56227.0,4.503542215363122
445,0.8874217192482127,0.07783058318701774,58220.0,4.186507090713519
446,0.07984656226532698,0.9176945683092113,55819.0,4.403674690340782
447,0.3567113506695985,0.7337515713304885,56750.0,4.287820844312627
448,0.11558787700181104,0.8864101654223018,55612.0,4.430625837407483
449,0.6783357445182716,0.37066742394244234,56823.0,4.4104400359404075
450,0.8945580597872436,0.46102402561371103,59479.0,3.6967321603581773
451,0.9285950491662747,0.16053149546721646,59003.0,3.986724186178785
452,0.4093358882692858,0.5497405889239324,55116.0,4.336712689856267
453,0.759140068426445,0.7630287385131609,56189.0,4.165541753181509
454,0.4509601357295478,0.6885384332826205,57122.0,4.420735086443733
455,0.25306024586706816,0.7271459196119747,54429.0,4.249697986590814
456,0.24603417772499814,0.7322892324281023,56081.0,4.3586476634158515
457,0.6293665530332353,0.41500227697337155,58010.0,4.2797843351785545
458,0.6235320384482289,0.5032887367952131,57292.0,4.214644708687867
459,0.19816788202695407,0.8677262159344334,55351.0,4.441747874867012
460,0.3302366628967928,0.6970083530402147,56473.0,4.36888232224473
461,0.08693689869982951,0.9003463896065337,56168.0,4.366355480033867
462,0.996222130908919,0.056439175643518746,61103.0,3.0677554643110447
463,0.9798443346529453,0.05337733478668061,59849.0,3.6099091696139958
464,0.846916269273819,0.14744466040980997,57759.0,4.454269904565518
465,0.22118569853607378,0.8483959732293852,56909.0,4.5142398327505155
466,0.6332337413913155,0.3122902313086222,55850.0,4.480239788028886
467,0.7185343801903079,0.38892730402765063,57014.0,4.416451407320718
468,0.43118219371916916,0.7642158946348898,58779.0,4.102581275484585
469,0.14516893716609922,0.8252341623209339,55974.0,4.325140054619542
470,0.8321784699467814,0.22884132879442498,58732.0,3.9835299053979654
471,0.6396978292342588,0.6349377177902171,54154.0,4.454269904565518
472,0.26303787034689424,0.6509943001552729,55034.0,4.328625322820855
473,0.9375679457213765,0.12976320267730845,58726.0,3.9490191653116984
474,0.16404845466714732,0.8693298330566237,54814.0,4.325140054619542
475,0.547734799558742,0.7594018208007876,57106.0,4.284610351992676
476,0.9056683388249462,0.14316133598619174,59177.0,3.9735078993264175
477,0.2385859370890477,0.7434432846038543,55556.0,4.434229507074949
478,0.258806583770678,0.7824882706176552,56234.0,4.4704378731585415
479,0.507270783346466,0.5973781993471141,57039.0,4.284610351992676
480,0.5070358488466462,0.7975930424580975,58945.0,4.0892575189351845
481,0.5859230429765877,0.5804672468316392,57430.0,4.271713408341494
482,0.46720747104595733,0.7914688125001031,57840.0,4.108800314409351
483,0.07888191933625707,0.9199657066654967,55465.0,4.397704589917488
484,0.5728573446566602,0.59707892309806,59824.0,3.8098186512152594
485,0.3762036548701805,0.8037516741266486,57225.0,4.083908710241488
486,0.9928835645048892,0.0781799338248148,60672.0,3.419445146689018
487,0.740975886830487,0.2590677112911499,55542.0,4.733330437397068
488,0.595947917236975,0.6116117369526477,57367.0,4.270904411318536
489,0.29092791241010935,0.6605112770255307,56806.0,4.284610351992676
490,0.365638062711919,0.7619302364779268,58193.0,4.005450334128643
491,0.6470801005856764,0.5029717399464091,57713.0,4.36481643663593
492,0.07426222238208875,0.9191394375007451,55901.0,4.4710801173738055
493,0.6123826108196139,0.4346476080705919,54529.0,4.618003205832917
494,0.9959916292976028,0.05522158847157632,61407.0,2.9759292465249594
495,0.20353654813910305,0.82006091155249,56553.0,4.35168357139149
496,0.4435476417003093,0.49130152446127806,57079.0,4.240772334765113
497,0.20430622129183873,0.7881957711309904,55541.0,4.388949255840258
498,0.9961948806718389,0.39531649485725984,60524.0,3.257098059927692
499,0.9995811521724972,0.07788986485617,60813.0,3.0882111231940943
500,0.9860617786413587,0.07896547200025994,60561.0,3.35168357139149
501,0.0914325263211131,0.8785134487843591,56392.0,4.327497226329015
502,0.7307489982810272,0.5994415887508233,56958.0,4.179286524591918
503,0.555070602898695,0.4378632817392376,56763.0,4.343222397662387
504,0.28999253857237983,0.811401312489591,57691.0,4.256282586689416
505,0.9633965571765256,0.41324106795050175,58862.0,3.8755309942369998
506,0.39360271647407497,0.6825431216722151,56714.0,4.375435776937824
507,0.6435345801427883,0.7328299774006886,56495.0,4.270904411318536
508,0.3097077758285191,0.7426850130109918,56578.0,4.3196284944962855
509,0.5681034926891746,0.6241352480985403,57540.0,4.257098059927692
510,0.15569492541738114,0.7606554578102881,55978.0,4.387949607042623
511,0.20556116687267714,0.8520724947969788,56920.0,4.377745979153602
512,0.32678336543469105,0.7486528066572888,56079.0,4.284610351992676
513,0.23921448803355064,0.6426349275534495,56622.0,4.338458544935399
514,0.22777685392525018,0.8205769007224044,57129.0,4.15322682646341
515,0.8014704939252375,0.32040460042188224,58428.0,4.114212918143831
516,0.4729588002445683,0.7231543837600095,57297.0,4.317690308087084
517,0.9999847597980517,0.5734023857979211,60674.0,3.26225811964364
518,0.9992294162151298,0.3118527589439887,60957.0,3.4148329727192763
519,0.4561343818809909,0.6583128280747926,58098.0,4.125418439160468
520,0.6062041436047289,0.5858491808024069,59336.0,3.857242757239
521,0.8148186342516219,0.20447600213781403,57311.0,4.429142085149994
522,0.6814659222082877,0.716797554770644,58846.0,3.8459659569755456
523,0.5501314974279324,0.5015053105003162,57404.0,4.270904411318536
524,0.9352950422772566,0.08881093864279588,59571.0,3.8911996855906494
525,0.10870766463689914,0.9134978020717374,55805.0,4.441747874867012
526,0.9920758252107595,0.5925255485969628,56451.0,3.6359306668661624
527,0.9978984328510646,0.09308668146502763,60888.0,3.218804888814235
528,0.8685398650307441,0.13748410590876214,58993.0,4.0830151309729885
529,0.764730765552886,0.34367166462532917,57681.0,4.1797219149868
530,0.8558140558595668,0.16402483169654947,57808.0,4.501752510612336
531,0.9691172599264637,0.21947537739077416,59619.0,3.5354545994013655
532,0.9544390125046716,0.15833540352873776,60138.0,3.6352241623945236
533,0.35846064922727666,0.6805791017089491,57207.0,4.418901456029081
534,0.998910780876763,0.04988236077886554,61315.0,3.0523712275637145
535,0.6253215079102533,0.48569893419963617,57274.0,4.18354061429171
536,0.6698073051717368,0.34297920309916097,56393.0,4.479256877738045
537,0.17338014887409314,0.8710052703358929,56941.0,4.374031900163178
538,0.6948327648569053,0.3355296647077469,57625.0,4.270904411318536
539,0.9991844773783815,0.5446800632349487,59914.0,3.0981522287079564
540,0.5993627963320459,0.31092292603074456,56371.0,4.492783526565656
541,0.9827009876587267,0.08330391687394645,59977.0,3.631416490471679
542,0.22006729623018828,0.8137486063197319,55221.0,4.36409174578446
543,0.4812665917067512,0.6332492986584877,56901.0,4.468295559131661
544,0.9412736171477598,0.08280292370888187,59886.0,3.926499420703827
545,0.12968391262752704,0.8748837970178144,55693.0,4.24318981572311
546,0.6543018859097005,0.41215770465227664,57610.0,4.306360885957984
547,0.9940794908143721,0.09820723444749535,60582.0,3.1773532887273213
548,0.588050468641794,0.5282911651956704,56563.0,4.490447701156228
549,0.613576509683967,0.42641239842129364,57693.0,4.263607767733813
550,0.9566525186791913,0.08257228012555673,59566.0,3.8400320573846436
551,0.6160721056393068,0.37201314091507354,56193.0,4.621365487788186
552,0.8277179617987586,0.28402552102181877,58573.0,4.117969552400961
553,0.7506723751159735,0.24642386028076746,57640.0,4.441747874867012
554,0.18488114064269168,0.8700300702725412,56528.0,4.433253009389913
555,0.9595511724444572,0.2350739041418316,58767.0,3.867293759922493
556,0.4747791624722106,0.5294290468358569,56730.0,4.250380460001871
557,0.4882247404369816,0.6258142211697819,58310.0,4.12893916718512
558,0.4110928155188073,0.5599449715999345,56255.0,4.479067085173927
559,0.18642875995519587,0.8249431268052148,56089.0,4.379329163369125
560,0.5203580447480679,0.6981057048983256,57982.0,4.172065958470313
561,0.6358044902703552,0.7378615044011005,56153.0,4.42954867743358
562,0.8672508910170323,0.4351695530759858,58752.0,3.8887795388620052
563,0.5378533412686619,0.5457133434647845,57666.0,4.273704936672104
564,0.3869256266203614,0.6302597456933716,56154.0,4.484455699132136
565,0.6735177617122605,0.5378809889342886,58738.0,3.906970141938885
566,0.4163495168327644,0.6917767494068388,57733.0,4.31172676998078
567,0.9565263961285695,0.11020709403471152,59845.0,3.748024310719149
568,0.6975561391180272,0.2617024877772228,57254.0,4.306733541548962
569,0.6301621963835413,0.25070923533162803,57033.0,4.391078725362124
570,0.7641058915003976,0.7847425231957047,58836.0,3.785343521026064
571,0.7125311752978285,0.3964394356845986,57478.0,4.478864547560185
572,0.6098461223269156,0.5077272737008907,58656.0,3.8400320573846436
573,0.8625106899406944,0.1512357344654961,58473.0,4.098152228707956
574,0.24922429390937356,0.7335487840669503,55308.0,4.364454091210195
575,0.9291173826040758,0.1511432902756944,59991.0,3.6307825146090806
576,0.48681885328442287,0.6462165252719985,57878.0,4.148341458413469
577,0.6508474544528653,0.37836605747900554,57159.0,4.497393070218683
578,0.8796269830851026,0.18348764388373773,58923.0,4.1280664843558945
579,0.9727357855757537,0.11581394371107379,59236.0,4.016590416205821
580,0.7044182762941571,0.4257958660431077,58087.0,4.199157262420419
581,0.4824622774718965,0.5756949445683099,58448.0,4.1581762924185846
582,0.3673193473581965,0.6961616704777038,58233.0,4.048733082541862
583,0.8474433019170687,0.22931549124561312,59256.0,4.021220790476878
584,0.9913354297402335,0.04555261072891981,60926.0,3.3117267699807797
585,0.07974145298075112,0.906571494885678,55479.0,4.390810759600694
586,0.2673709243595703,0.8188211448051175,56726.0,4.256282586689416
587,0.4736863523656509,0.6403122694718557,57498.0,4.229009898343946
588,0.233231617728451,0.7739117769323465,56328.0,4.206956806421797
589,0.8095856952818525,0.5873259332417043,57618.0,4.142847411389695
590,0.6526544406971742,0.3712080585948999,57725.0,4.454269904565518
591,0.9917343037968627,0.052628312229470064,61140.0,3.3196284944962855
592,0.694980338807902,0.5178735182206775,58239.0,4.002653561115665
593,0.8353553476017305,0.2956314370222446,59571.0,3.9046592176321013
594,0.9999881188279062,0.19699006828379728,60533.0,3.343136806012314
595,0.2243650933156964,0.9023782381261934,55740.0,4.338458544935399
596,0.9999915981299293,0.17342242663230978,60980.0,3.0523712275637145
597,0.9624540615082352,0.3771414438977818,59554.0,3.8911996855906494
598,0.6752056269643398,0.506706634780345,57701.0,4.0830151309729885
599,0.7192757550199219,0.37767940552166646,57563.0,4.366143941587178
600,0.6861391488683974,0.5888559873725321,59419.0,3.8226627313329793
601,0.5860018040653487,0.6547832404387751,58275.0,3.842180263540797
602,0.9961430175945211,0.12883622113508397,60263.0,3.3033989488468816
603,0.5226961013441471,0.5270088500272139,59608.0,3.769573064677825
604,0.3148761544163034,0.7682918889688648,54902.0,4.350908192431348
605,0.14961573428689004,0.8734500283163541,55106.0,4.445435861054424
606,0.17280489568206334,0.8170851802529955,55875.0,4.5156616046293685
607,0.990596348672694,0.16839262249919884,59903.0,3.549814256177891
608,0.3492309200467821,0.7390170036316352,56179.0,4.3219533278719275
609,0.9996833147889399,0.49005493860083016,59503.0,3.1166814055591754
610,0.21465671526724686,0.7945013415934501,56523.0,4.384336974385761
611,0.38174026388418264,0.8257709500222911,55243.0,4.293818565391206
612,0.4244096507178526,0.6537628630694773,55895.0,4.324006297551852
613,0.6456854159265454,0.5457442793361906,57525.0,4.096780016594149
614,0.19495370281796917,0.8319899910715408,56276.0,4.5439147140053
615,0.3110568257904972,0.701641584713972,56537.0,4.318932486141593
616,0.26306281823103056,0.7723502736698995,55556.0,4.343670328750806
617,0.10066609562013693,0.8763687344509631,55387.0,4.31172676998078
618,0.9590426703060567,0.6830314137045358,58045.0,4.1280664843558945
619,0.09788999060390864,0.8616055454361121,55415.0,4.338458544935399
620,0.1692326232725083,0.8939139035644788,55526.0,4.352866147635762
621,0.17322237756136444,0.8631683846029758,56976.0,4.31172676998078
622,0.5053028643495655,0.6039631477614924,56753.0,4.37785841627181
623,0.20576629105639746,0.7298298051828344,54275.0,4.270791008602352
624,0.2932012196250812,0.7217759362115538,56640.0,4.441747874867012
625,0.12391857172126235,0.8809623111670197,55342.0,4.40027500198177
626,0.27590377941287025,0.7610558988106507,55675.0,4.40027500198177
627,0.4809901633087293,0.6579095788967932,57175.0,4.154933490149876
628,0.5300999014137624,0.56784708056164,59103.0,4.102581275484585
629,0.5683451796121801,0.3279850521077743,57108.0,4.438163806095302
630,0.5165545662759228,0.627652394094875,58743.0,4.008705188031703
631,0.890161184207333,0.10969920488618023,58731.0,4.084802289509987
632,0.9836859308116996,0.1132295484999577,60084.0,3.534039278478179
633,0.2026081930415042,0.8354573347497325,55682.0,4.4353236541708245
634,0.07406184894903216,0.9207501922929163,56227.0,4.501752510612336
635,0.9927243327443978,0.575461109490466,59478.0,3.5300898996277716
636,0.7811718679239427,0.3854300611737327,59112.0,3.9390290189257122
637,0.5567944638926927,0.574625184498586,57740.0,4.098029723891955
638,0.25060714035075676,0.8144560610851999,54745.0,4.335359811995703
639,0.2863711178001719,0.7618027703435983,56446.0,4.390810759600694
640,0.8146253826491263,0.3751546981834134,58743.0,3.87692909596033
641,0.29281289515582104,0.763635096057627,56187.0,4.3568824955596135
642,0.445698640710581,0.6104283383650511,58154.0,4.257098059927692
643,0.5829719419548989,0.519224190892372,57705.0,4.3286173509487575
644,0.17992164903933422,0.8711991151168073,56260.0,4.5330427619559615
645,0.8148018305114805,0.44434214358490753,57565.0,4.0918342647780115
646,0.1703151586995132,0.8703092982616404,56459.0,4.391078725362124
647,0.62549579946444,0.5011674755571192,57523.0,4.298897330946973
648,0.5264997516336762,0.645037780327208,57572.0,4.131462322413142
649,0.8607732553733718,0.39974536899517155,57636.0,4.142847411389695
650,0.23707334275024325,0.8572253564911229,56001.0,4.222852882282892
651,0.2885988332723367,0.7178290260109146,55748.0,4.489817050143849
652,0.3869194497854117,0.7020774913720899,56231.0,4.22586319348814
653,0.407235016980755,0.6383101128445468,57627.0,4.37785841627181
654,0.7756783850732891,0.4153390932283213,58212.0,4.157513310588389
655,0.8085061924316728,0.382333249968278,57999.0,4.037695330191616
656,0.2078868783897261,0.8191306904499398,55012.0,4.5396690443989804
657,0.6520485352838639,0.4767908985408811,60970.0,3.3117267699807797
658,0.4703009485427811,0.6260953743107243,57462.0,4.247291141685757
659,0.6778355583412499,0.4078811366774886,58117.0,4.22246204131827
660,0.3330106373774612,0.7011073739832279,56682.0,4.247291141685757
661,0.4256831525761478,0.7052759040871641,57961.0,4.199338333586439
662,0.7583599917311166,0.4677667360848652,57294.0,4.172065958470313
663,0.44141669377873394,0.6412998748476921,57164.0,4.393891344330584
664,0.6371248295474905,0.49151863496361425,57908.0,4.2521048314958705
665,0.8448314285472023,0.322357124770992,59717.0,3.8260186610405214
666,0.3617648435636654,0.6697486035655527,56567.0,4.511437621885689
667,0.07316176640194734,0.9101600274805609,55328.0,4.47834239432245
668,0.9999194520104469,0.0879943890005398,61810.0,2.7268539584008877
669,0.2502956697972968,0.6913445841721407,55521.0,4.386248816004478
670,0.4176503548368316,0.6201066611218937,56528.0,4.453427416827219
671,0.8788853763020203,0.33371565257510205,57746.0,4.0830151309729885
672,0.9145771131323918,0.3295354215376558,58797.0,4.002248999822534
673,0.5686946132166039,0.5687806958323927,56945.0,4.351295881911419
674,0.9248838280383926,0.21635135367133607,60010.0,3.52770355317994
675,0.9762854725902004,0.3430028403564812,59612.0,3.7362715494944307
676,0.5697304229060682,0.6516768473998436,57845.0,4.14305116947634
677,0.11236084585251349,0.9041538312229497,55879.0,4.271713408341494
678,0.41450811556646855,0.501125713460729,56469.0,4.35168357139149
679,0.5848377842440486,0.2669413192134755,56465.0,4.417068053430334
680,0.959904755438701,0.07222672906798877,59934.0,3.7515388740801825
681,0.7003197873739256,0.6313865482059704,55720.0,4.357887658587975
682,0.8953302414737836,0.20124885287278205,59511.0,3.957331331881676
683,0.18116266023034164,0.854554689656313,56612.0,4.37785841627181
684,0.2449189798133216,0.806835157492309,56065.0,4.414599875141475
685,0.7608580017206995,0.4207190881603192,58822.0,3.9735078993264175
686,0.9787118089581065,0.11747134393527559,60076.0,3.5983827817799643
687,0.8461693447427063,0.2578824852014445,58485.0,4.0406509150517405
688,0.35285095768905,0.7071700823779737,56024.0,4.479067085173927
689,0.9997040445563026,0.5686675891863727,59669.0,3.6553224161398354
690,0.5476628252566434,0.5732109864637038,57069.0,4.248141510295824
691,0.9006585219098564,0.1991654551068638,59712.0,3.926499420703827
692,0.3432126467697382,0.7137698051561772,55678.0,4.428025419878464
693,0.5644699158370586,0.5482578349149312,60303.0,3.7417319558382474
694,0.5109835422399336,0.5378720313733569,56897.0,4.312657876052608
695,0.2837723197332171,0.7541807358777651,56539.0,4.3196284944962855
696,0.9792156033001893,0.20954373557911565,60414.0,3.2709102734110562
697,0.7047348412330485,0.3403243318682124,57724.0,4.390810759600694
698,0.9936555829649146,0.08164021025451595,60993.0,3.326681753090739
699,0.025481170932378287,0.9632624513031062,56488.0,4.325140054619542
700,0.9530076276523481,0.09849971123929535,59804.0,3.887236364390599
701,0.4007713758630097,0.656127263539923,55663.0,4.4999985828538325
702,0.4538111617160079,0.5718262899938666,53304.0,4.270904411318536
703,0.4166683497611227,0.6278325364173143,56552.0,4.480834185327948
704,0.20655007041634796,0.8020273714737387,55806.0,4.31172676998078
705,0.6817680287143274,0.4057875500433934,56936.0,4.400842819325822
706,0.3427359652108285,0.7504942466571729,56114.0,4.263607767733813
707,0.11145604691824174,0.8720061896848335,56098.0,4.434342920208032
708,0.7503521246941983,0.34518168605432653,57930.0,4.249132222978492
709,0.9837779390207562,0.03355720306940657,60422.0,3.5751163314965773
710,0.33561440955767874,0.5898664928957211,56815.0,4.374031900163178
711,0.2710896453162577,0.6749256517423257,56088.0,4.472525837161459
712,0.10050378832847433,0.9145489203430219,56279.0,4.400512019154434
713,0.974216585107675,0.058519573065918706,59506.0,3.769573064677825
714,0.6005079420137291,0.38583295097398274,55634.0,4.468894698687137
715,0.20472051595866922,0.7792631265062937,56276.0,4.546663935662567
716,0.2926682163277424,0.8594843846966281,56096.0,4.390182265970584
717,0.9924009638371055,0.23503147326103446,59267.0,3.710592023507729
718,0.15317629734173507,0.8509397174602865,55239.0,4.364265967707487
719,0.582027289978441,0.5335736744844302,58398.0,4.067755464311045
720,0.7794768207052181,0.37550446591264,59251.0,3.906970141938885
721,0.25719243676714354,0.796239025051152,57165.0,4.441747874867012
722,0.43813793700602555,0.72849403426695,57060.0,4.3012383986555704
723,0.24234211423541646,0.8211876828992621,57487.0,4.297020279991569
724,0.7245089087614212,0.3430669847279221,57050.0,4.297020279991569
725,0.5112565858354934,0.6938983481126719,58711.0,4.021220790476878
726,0.2447506073680088,0.7300998899307144,55474.0,4.325140054619542
727,0.7128544582964288,0.5907508261992869,57770.0,4.128502825770507
728,0.770371504492376,0.14760479510982316,56761.0,4.52770355317994
729,0.46522603002094703,0.5985333071164471,57069.0,4.266664276727909
730,0.4956766665558158,0.5597112879103878,55917.0,4.452584929088921
731,0.22138968872506062,0.834254036827669,56315.0,4.338458544935399
732,0.9766913052508759,0.4411082501644218,58215.0,3.785343521026064
733,0.27057473438943924,0.8573875123795045,57380.0,4.306360885957984
734,0.5562110236023221,0.5683614302195137,56977.0,4.577180847170673
735,0.42348569414528053,0.7034894080102565,57923.0,3.9744551516891775
736,0.5561594096602107,0.7943403330446166,57590.0,4.338458544935399
737,0.7289378626468982,0.29018798475079965,58040.0,4.247291141685757
738,0.18905890610383574,0.8509863257172043,56671.0,4.36481643663593
739,0.9943245195854936,0.37431596947989076,59928.0,3.278161880167085
740,0.20394653878046787,0.7671903635097792,56541.0,4.393271706885486
741,0.6718853505208219,0.753521598940669,57371.0,4.285035536297709
742,0.9004786033363482,0.1291895929154624,59089.0,4.1214822471232555
743,0.26559277766314215,0.5460583668479868,55370.0,4.441747874867012
744,0.9533565114411435,0.08854827506651364,59725.0,3.769573064677825
745,0.1779668397088221,0.7544447456505619,56015.0,4.37785841627181
746,0.36995206217672505,0.6246878496445316,57277.0,4.270904411318536
747,0.8419050434561816,0.30771488251693746,59383.0,3.857242757239
748,0.9588345650907264,0.28524516358090246,59404.0,3.801384231327667
749,0.0936780248925074,0.9266289599708375,55675.0,4.338458544935399
750,0.8109386454984443,0.278939963234192,58903.0,4.050552155052788
751,0.19852862121523565,0.8458060006436003,56779.0,4.411951862319633
752,0.8806624405489301,0.2656383584858629,59223.0,3.8226627313329793
753,0.4844178427988976,0.5846316616732665,56186.0,4.323020427513287
754,0.2799776640837331,0.7810913899781983,57788.0,4.338458544935399
755,0.36250429403858025,0.7833343703376973,56686.0,4.30033298410866
756,0.8617798389258418,0.4454827665096589,58510.0,4.0523712275637145
757,0.3303909119531524,0.7548776006632572,56576.0,4.484726128521018
758,0.07267481875435197,0.8863616432423308,56596.0,4.480834185327948
759,0.26578443995483714,0.8000622108348094,56594.0,4.460683876300376
760,0.9964351157379508,0.036661514115971405,60835.0,3.5751163314965773
761,0.23421947318608027,0.7469783870592741,55616.0,4.365282699315127
762,0.6668957822844198,0.4534446528722793,51639.0,4.35168357139149
763,0.8301127868584649,0.32261889957399914,59472.0,3.8400320573846436
764,0.14820176312642072,0.8606889902314208,56570.0,4.411951862319633
765,0.9411284056857911,0.09584372657068796,59344.0,3.927641923640323
766,0.9886580681745091,0.08397967633079251,60088.0,3.463377821720993
767,0.32380462758680845,0.7265406373776206,56174.0,4.38261905399694
768,0.5301807930380833,0.5512942052188295,56828.0,4.47834239432245
769,0.664340926513387,0.5003054302966319,58526.0,4.032295434221588
770,0.4372733003852309,0.6349816334681592,58792.0,4.060572161796568
771,0.42418881383437834,0.7274561766348844,58525.0,4.098152228707956
772,0.34612810427514556,0.7957642688958472,57298.0,4.31172676998078
773,0.36323586668644514,0.6961220643592865,56843.0,4.347497031365812
774,0.8501178370868286,0.17718974145891198,58281.0,4.249697986590814
775,0.6460846765722882,0.5199661164587861,58075.0,4.141746134396628
776,0.7261548677535772,0.4207164336599031,57713.0,4.42622588888292
777,0.8678456111186534,0.19232477740831255,58912.0,4.100106489902096
778,0.6910629797737349,0.3546086610254505,56805.0,4.442834075872613
779,0.8994472179445182,0.3152473484790308,59261.0,3.94101470583362
780,0.5145401964492958,0.45373390217165266,55144.0,4.465318689114735
781,0.8653995415242111,0.07541186466717065,55824.0,4.696377125263524
782,0.5339161802810051,0.5919804372423616,56882.0,4.230487381191841
783,0.794699780779059,0.28394339254726897,58660.0,4.0904901870607855
784,0.2938859720358445,0.7371280715291605,56959.0,4.31172676998078
785,0.47485633425017093,0.5890257293073744,56238.0,4.3816771785430895
786,0.1534762131761305,0.8274902443554615,56248.0,4.454269904565518
787,0.28969710717170316,0.8016827032949256,56851.0,4.098152228707956
788,0.6768710185026103,0.2489637350364482,56880.0,4.37785841627181
789,0.4512551118141573,0.6371165458041997,57528.0,4.325140054619542
790,0.8787161705423958,0.35518624632337903,56774.0,4.41006304883075
791,0.39405989675991676,0.7026737517565568,56591.0,4.403674690340782
792,0.668361032343102,0.2571098203486656,56599.0,4.298217331943391
793,0.12560000241231606,0.8605280300041839,55808.0,4.338458544935399
794,0.06191184278551305,0.9301618007329837,56025.0,4.391078725362124
795,0.21952649242362227,0.7788133086230503,56920.0,4.37785841627181
796,0.8407601383188358,0.4444726757991192,58131.0,4.0523712275637145
797,0.20921121242103605,0.8796961176742887,55954.0,4.452584929088921
798,0.36673638815650056,0.6574185834953499,56528.0,4.358841292135846
799,0.6314014636281026,0.4341108166601354,55653.0,4.600241222835924
800,0.6750014391853616,0.32793087388801945,57033.0,4.389291566825126
801,0.9386469417102739,0.06530620564596035,59388.0,3.957331331881676
802,0.9947775676632536,0.1111641396588533,60366.0,3.361732050025891
803,0.8978784822755378,0.3726124963560853,58564.0,4.048733082541862
804,0.47879131315705276,0.724075717789419,57562.0,4.148007471105643
805,0.903463981926117,0.4567943051910911,59211.0,4.12519192791342
806,0.6282697309907626,0.2778563213088905,57118.0,4.403674690340782
807,0.31901961653676,0.7388080499903829,57052.0,4.202824939944922
808,0.27124001989061125,0.780446341169112,56746.0,4.22586319348814
809,0.030734444489527418,0.9603669544668709,56327.0,4.3816771785430895
810,0.9500842579564142,0.20579735345766126,59249.0,3.712768189066235
811,0.5646180481945529,0.505551611102686,56767.0,4.403674690340782
812,0.2822964599510817,0.7698384888489953,56793.0,4.3962072673218096
813,0.5886386167284824,0.5017159124072132,57159.0,4.31172676998078
814,0.9884450575728697,0.2300687403049838,60233.0,3.2930006220309256
815,0.2937356318249677,0.7695004018487503,56484.0,4.5588597543423255
816,0.15857343359438952,0.8792942761533845,55758.0,4.271308909830015
817,0.17642412578262712,0.850430445801714,56818.0,4.298217331943391
818,0.5021418883934926,0.5889512643458062,58717.0,4.157513310588389
819,0.42246907645759324,0.5609849157617982,56306.0,4.390810759600694
820,0.16623494255805518,0.896471210679116,56135.0,4.2958232280397475
821,0.9738152970168026,0.5588473124626625,58072.0,3.8911996855906494
822,0.1404836918799886,0.8436223823631942,56111.0,4.37785841627181
823,0.7857456123187978,0.37652698970263077,58218.0,4.009428185327032
824,0.2660072699199641,0.7670909940879312,56319.0,4.456471063316091
825,0.9750851219830833,0.03665724485922306,59499.0,3.846541670886646
826,0.913021186449378,0.16889560632585998,58805.0,4.093712748360382
827,0.4854279142442599,0.5094272281939265,56945.0,4.332110591022168
828,0.651218038777242,0.5047766539286921,57762.0,4.2058706054161945
829,0.2555329987012238,0.8396352065453112,56881.0,4.315677632238533
830,0.9991260594678694,0.2536825406595936,60591.0,3.2058706054161945
831,0.1049005779996929,0.856268087353564,56270.0,4.441747874867012
832,0.8399423734803579,0.21531708517329373,58077.0,4.213246577791022
833,0.5435953493741985,0.46167432976473244,56129.0,4.454269904565518
834,0.859253882838774,0.3281874909287963,57902.0,4.270904411318536
835,0.9763579107992354,0.0685255254924454,59971.0,3.710592023507729
836,0.07921281384496232,0.8621683653319139,56121.0,4.31172676998078
837,0.29557803822295914,0.8609332833876637,55942.0,4.314368528577276
838,0.6102417404441206,0.48224458437883555,56243.0,4.416451407320718
839,0.18318348179973246,0.8731726154873788,57128.0,4.3196284944962855
840,0.9261620033295288,0.1180187738652636,59766.0,3.9245555746975143
841,0.9954017630370757,0.03810487077764135,60779.0,3.0705632178603324
842,0.7724319385596156,0.30463390373083,57779.0,4.384334587936252
843,0.30826247376810306,0.7522689494250785,56633.0,4.418238406478958
844,0.43213667364998376,0.7462517197546882,57325.0,4.267797655723811
845,0.5084433339008748,0.539454080494407,57456.0,4.298217331943391
846,0.19398711835246166,0.8299482543070316,55907.0,4.491344382901957
847,0.19556659260793333,0.8257110945545578,56905.0,4.4748278309614165
848,0.647250191204828,0.6836878025439611,54932.0,4.352866147635762
849,0.5363342865962244,0.5753988495670121,57244.0,4.460989365072718
850,0.45706027139913136,0.5900155576750845,56737.0,4.4156042709791095
851,0.2029568448768313,0.7838227540343852,55930.0,4.3037917749481664
852,0.275023309820153,0.7763334902001395,56222.0,4.374031900163178
853,0.5855257840033669,0.5467609218476533,57653.0,4.339881061327629
854,0.7736124528497661,0.4437136439726188,59006.0,4.0523712275637145
855,0.3363719352213756,0.7654390465274414,56107.0,4.403124020315513
856,0.2919140754665076,0.7382319706620379,56111.0,4.377745979153602
857,0.7338345378147167,0.37312184846480934,58553.0,4.157513310588389
858,0.16578186011681847,0.7850380662892524,55910.0,4.377816010768452
859,0.32381460158594144,0.7613540702298283,56736.0,4.404677285809617
860,0.2421167929182235,0.8281312629431115,56244.0,4.257098059927692
861,0.632424318286824,0.5097918739089122,57533.0,4.230005087049442
862,0.567158316669696,0.5618943559602176,57735.0,4.200838403398052
863,0.6206379292527661,0.41918868186413094,56328.0,4.575116331496577
864,0.6011624116105873,0.7197314461928155,55772.0,4.083908710241488
865,0.4664334165499332,0.47682957000050663,54459.0,4.404428664560097
866,0.4560235081231866,0.6517634051089727,57207.0,4.318914811619653
867,0.41657092930447454,0.6041605894278876,57995.0,4.295062403730899
868,0.2462853661493311,0.8453265977006532,56657.0,4.263607767733813
869,0.4326178138700047,0.6647459027667326,56647.0,4.416451407320718
870,0.19813848407257575,0.8414330118801077,54972.0,4.424263251064783
871,0.5545321358085494,0.6123254973469758,59004.0,3.8098186512152594
872,0.8770619385432069,0.16950192784938523,59011.0,4.067304720811411
873,0.9619052510115813,0.09092202493599544,59349.0,3.8742977020177634
874,0.6388713017092041,0.46546354948158875,57633.0,4.186507090713519
875,0.9279497374359762,0.1788260224654723,60208.0,3.54946625157525
876,0.24289226490766444,0.799183226050812,56363.0,4.230005087049442
877,0.9928183082624995,0.056708104453519814,60962.0,3.1720659584703164
878,0.9897661528464938,0.04003031904006804,60791.0,3.3648164366359303
879,0.7799599711886301,0.31968670244982555,58258.0,4.036860370160177
880,0.9776811795627655,0.5157679691907452,59837.0,3.677625144317826
881,0.2566594592424123,0.776656256767842,55188.0,4.264486390460355
882,0.9374215916738052,0.1316452497351358,59415.0,3.867293759922493
883,0.40523463308917423,0.5940496684075788,57073.0,4.390810759600694
884,0.45533525922866175,0.6683579841276996,58272.0,4.215061554201419
885,0.48041837223698425,0.5144688593753601,56251.0,4.441747874867012
886,0.9118255694111862,0.12865437818123726,58753.0,3.9563751884530927
887,0.3880837702871336,0.6691306823740356,55310.0,4.330870534619551
888,0.4038028788294755,0.7121136885981321,57237.0,4.332110591022168
889,0.8917232791344273,0.27781985100408657,60525.0,3.4291420851499943
890,0.9155028136514101,0.08063106081144866,58281.0,4.098152228707956
891,0.9928607299745744,0.06251771769918812,60750.0,3.0830151309729885
892,0.33040048218143336,0.8170453152013151,55515.0,4.343136806012314
893,0.38517115635942917,0.7084136136800664,56087.0,4.2797843351785545
894,0.2671217977438436,0.7534002857628803,56788.0,4.396875313622758
895,0.1401960867611467,0.8874542470133686,55433.0,4.390810759600694
896,0.6402088742699404,0.2103397020871649,56982.0,4.428628832647682
897,0.26456599697719957,0.7691170541194159,56604.0,4.466709280000469
898,0.999984639525883,0.5621138009459912,60034.0,3.3773490349921396
899,0.1519263172832902,0.8455047698754613,56518.0,4.4826012854819695
900,0.9661690540276928,0.3086524314681721,59114.0,3.7333304373970684
901,0.9738387930440454,0.11409978659238795,60064.0,3.677625144317826
902,0.8837579970360986,0.186775025223893,58818.0,4.0523712275637145
903,0.615533045779187,0.4964215937845724,57995.0,4.333995262946278
904,0.21200389781480675,0.8115251131359655,53867.0,4.452330637016667
905,0.9967753657032072,0.12802607171442582,59935.0,3.2431898157231096
906,0.5977392680993527,0.450980103138492,56752.0,4.329803908675592
907,0.3656473150780398,0.6044115014318856,56467.0,4.295353380476776
908,0.25688844026988145,0.811136176832651,56022.0,4.35168357139149
909,0.6438539285232983,0.4416081073958569,56932.0,4.390810759600694
910,0.7153243074167972,0.455018994002065,58349.0,4.106572370034186
911,0.9122545372825983,0.0975007216290874,58772.0,4.021220790476878
912,0.6802736126547352,0.6713432238990262,57682.0,4.286215598152651
913,0.7740022549485275,0.20726078566992123,57896.0,4.245240478704433
914,0.266935805425816,0.8253773636254778,56343.0,4.455370483940804
915,0.4849899860962796,0.6464331899097858,57196.0,4.209558591603608
916,0.950406544414188,0.05996695336097291,59491.0,3.9245555746975143
917,0.724631113875691,0.4281361023856054,59444.0,3.9376088539726073
918,0.971373754810425,0.18525661925194903,59301.0,3.7676373843806967
919,0.37380152757166013,0.41507321263407915,55771.0,4.40405167745044
920,0.9997232623306872,0.2596396055948338,60780.0,3.030220034899889
921,0.4271454645575659,0.6749413944618543,56346.0,4.5156616046293685
922,0.49608459538857436,0.5257949200501462,55814.0,4.54946625157525
923,0.9995901038581962,0.5864102984370916,59768.0,3.4269087546069343
924,0.9400131648197687,0.22282123575192947,59685.0,3.9079514273221783
925,0.19910326445555276,0.8426386632367375,55860.0,4.441747874867012
926,0.9560658739946116,0.5323237818628224,58725.0,4.172065958470315
927,0.4680923563454398,0.4293277815456433,56721.0,4.3586476634158515
928,0.4267974398556899,0.5906331833257328,55678.0,4.5156616046293685
929,0.9190871734139195,0.1837857323118488,58550.0,4.036860370160177
930,0.5176396016458628,0.589860625878424,57359.0,4.24318981572311
931,0.6551892797429874,0.3769361464756965,55215.0,4.756373497192408
932,0.3632804618884258,0.6687171351566363,55741.0,4.609909169613996
933,0.9928375689912302,0.13554259753076703,60630.0,3.2846103519926757
934,0.9813730970075709,0.05931318655222395,60366.0,3.621753535758188
935,0.8496235098825966,0.121727107071114,57509.0,4.2797843351785545
936,0.4423544816507067,0.5775948264632532,56630.0,4.503542215363122
937,0.16961465063465003,0.810167160645771,56287.0,4.3741909413494895
938,0.9999934279850674,0.31801135598095054,61162.0,2.957331331881676
939,0.646571512538584,0.3748149711546995,56728.0,4.429142085149994
940,0.6257202101494985,0.6323867277185249,57438.0,4.167792575780725
941,0.3884603768108145,0.6336493707203328,57147.0,4.465807342394783
942,0.9999799231386961,0.7081115248258743,58128.0,3.714944354624741
943,0.5696050477610661,0.6415032665754616,59054.0,3.94101470583362
944,0.7354604199455688,0.44674112218900464,59374.0,3.8471932729890295
945,0.22096648532687704,0.7270374759426115,56508.0,4.353346544892743
946,0.9213879026833555,0.12447164367358465,58918.0,4.1280664843558945
947,0.47646649509039984,0.5448357852925209,56351.0,4.656894089241327
948,0.2610955177767119,0.7796584206509956,56782.0,4.429142085149994
949,0.41515354756893563,0.6966183847354204,57170.0,4.338458544935399
950,0.6322240307624594,0.5343878122258403,57987.0,4.303984367412944
951,0.46359422019035185,0.6422379025757803,57541.0,4.32048452270346
952,0.9990495148233601,0.44680788203889366,60364.0,3.268492721794578
953,0.912242681883112,0.2754489691014379,58828.0,3.9343283147369714
954,0.6068777192946722,0.5086272256271505,57819.0,4.210049234295255
955,0.7017629503079127,0.4003237129423428,56702.0,4.503542215363122
956,0.2507870846968725,0.8058083797822633,56186.0,4.368616498344714
957,0.9266171389885026,0.15067413164656152,59814.0,3.7642867820081953
958,0.6296937964225335,0.7612370306727237,58733.0,3.7748445605234835
959,0.5082667829480902,0.6254687268728045,53748.0,4.462222041244406
960,0.37707970016526343,0.7145064074619729,56535.0,4.2616954808766465
961,0.8656934609319098,0.27244687241742926,58622.0,3.9255274977006707
962,0.2838643794874888,0.7768451342009558,57828.0,4.335333239847596
963,0.41557051399608513,0.691565043870306,57326.0,4.146308493236784
964,0.8552986466623352,0.22489907215618188,58914.0,4.067755464311045
965,0.5988692079425644,0.46733347066536046,57227.0,4.366355480033867
966,0.583770798290283,0.6512655086218025,58319.0,4.127429594405342
967,0.9170590753783223,0.2490544175532442,57747.0,4.287820844312627
968,0.13193695398207275,0.8597203127673623,56662.0,4.48587506254688
969,0.9291359045180558,0.17592564091881213,59473.0,3.857242757239
970,0.5326853836334681,0.6279564658280123,57284.0,4.366031926781179
971,0.628276560731771,0.5256278215791848,58213.0,4.058909201267625
972,0.34747096881130474,0.606067382570689,55737.0,4.338458544935399
973,0.25029258567525653,0.793934093682219,54628.0,4.36409174578446
974,0.7637326268248327,0.1518142136765801,55790.0,4.677625144317826
975,0.4257083667772292,0.6711824721942068,57403.0,4.2291781635492285
976,0.2237854330077706,0.790271338201171,56355.0,4.479067085173927
977,0.42386491229319617,0.6570810476925484,57266.0,4.209558591603608
978,0.9485277299125568,0.15046470834556847,59376.0,3.8133912751023296
979,0.8085664917425381,0.18955183072033277,56551.0,4.5456140437282055
980,0.21482400526304138,0.7923332533416514,55991.0,4.426908754606934
981,0.7446027456228942,0.29291023863788934,57414.0,4.25886261654739
982,0.9799019707943608,0.47250433797399394,58988.0,3.7874363125082446
983,0.7332143715585461,0.427350546492156,58698.0,4.036860370160177
984,0.6823969147027288,0.29153244014721225,55898.0,4.538454536980801
985,0.5363223452880461,0.590956831765708,57993.0,4.038530290223054
986,0.32245453812965796,0.6531992466043735,54982.0,4.416282475502669
987,0.6518292877111903,0.6983007051376879,58668.0,3.857242757239
988,0.18582853310642214,0.8237982183111515,54349.0,4.3435058677558835
989,0.7007368568915054,0.3847901133337761,57414.0,4.396875313622758
990,0.8217418868711905,0.3169967154806179,59453.0,3.9566565078365876
991,0.9479063093894842,0.28665092098701006,58760.0,3.8911996855906494
992,0.6222716033019762,0.5680714191223741,58560.0,4.2291781635492285
993,0.29869589660655255,0.7331949176615216,57628.0,4.270904411318536
994,0.6921681005958481,0.32713634781053624,57601.0,4.163519193091137
995,0.26918565956789114,0.723268345214116,56223.0,4.390810759600694
996,0.5596003878158898,0.49285898424577723,57141.0,4.285055645375259
997,0.9806526924896568,0.06474489747347889,59789.0,3.7024672087657517
998,0.34310878316119536,0.7963614594820073,57757.0,4.116681405559175
999,0.8469020427944355,0.31384765674985193,59736.0,3.957331331881676
