,neutral_MaxAFs,neutral_H,neutral_total_m,neutral_rec_errors
0,0.0019290195411948371,0.9427917101470054,63199.0,1.2431898157231096
1,0.0011069764498588721,0.9782321553179176,63635.0,1.2570980599276922
2,0.0006641257338309726,0.9853174871579427,63341.0,1.221067635117489
3,0.0017815572714976772,0.9444347656489416,63479.0,1.1844667561929718
4,0.003981567190515248,0.8915399453432532,63343.0,1.2709044113185364
5,0.0008600576875148133,0.9712786558528923,63744.0,1.2187664559160591
6,0.004686241826936992,0.8648826327462159,63510.0,1.2110101944252953
7,0.003180082049158036,0.9193413115391852,63036.0,1.2570980599276922
8,0.0004772313745381259,0.9893301655764669,63693.0,1.253885777857965
9,0.0011398193427835587,0.9704125104523518,63328.0,1.1843384052379555
10,0.0006688593027562936,0.9851162555577516,63819.0,1.2431898157231096
11,0.0016511221045409643,0.9539193208155764,63359.0,1.3005663102519254
12,0.0054199364194925555,0.7822192495422947,63329.0,1.2797843351785545
13,0.00044277339820516295,0.9845315241975123,63229.0,1.2982173319433912
14,0.00032507849026160976,0.9910651466303675,63787.0,1.2651386651683723
15,0.0002112666551932745,0.9927525131038367,63229.0,1.2677461456290864
16,0.006653963233846114,0.7891315950717549,63606.0,1.2848329986839673
17,0.003720396176180068,0.8859725885186409,63460.0,1.2846103519926757
18,0.0022410313194139546,0.9334544538759744,63511.0,1.2651386651683723
19,0.000993362204781975,0.97575707380131,63238.0,1.2846103519926757
20,0.007341902857079972,0.8366440900912461,63158.0,1.2709044113185364
21,0.0029644770050223164,0.9180927945875438,62984.0,1.2664725646412514
22,0.0013337152604686678,0.9689322858898468,63192.0,1.2846103519926757
23,0.0005218008039112028,0.9828370922678298,63273.0,1.2260848618119553
24,0.0004414074500034823,0.9906803249165779,62981.0,1.309070513371669
25,0.0006985063923411989,0.9792985202572833,63647.0,1.2226434467740575
26,0.0033791840335740788,0.9092444809633334,63978.0,1.2136100832328456
27,0.0069854848760024435,0.7811257224692957,63412.0,1.2428274702973745
28,0.0025316002881274435,0.9309112582720038,63125.0,1.1635191930911368
29,0.0006475969015037174,0.9816929358947465,63245.0,1.2570980599276922
30,0.0019631510644984675,0.9465099850272995,62805.0,1.2762224979414043
31,0.0012854002121274603,0.9637865362272234,63233.0,1.2379255674396568
32,0.001911425441087655,0.9502177325089383,63620.0,1.2521048314958705
33,0.0008278677006487918,0.9815524106121553,62943.0,1.1846751385501246
34,0.0024181836330419847,0.9367253233605004,62795.0,1.2364939357004125
35,0.009932857460461577,0.7463819574757292,63701.0,1.2150615542014194
36,0.001374556252612,0.9661336988765491,63242.0,1.2397538059785855
37,0.0006477343554108048,0.9786920761990062,63488.0,1.2431898157231096
38,0.0006677167171536299,0.9781557382845609,63070.0,1.2304269353221748
39,0.0025374334883094636,0.9063031465080605,63061.0,1.23762671775685
40,0.026685722474530802,0.4391480431996284,63015.0,1.2516663453672532
41,0.004991123183725952,0.8497564693304899,63332.0,1.2600960604517812
42,0.002850278580840298,0.9198281093940116,63005.0,1.2316013959390695
43,0.0007276638023821054,0.9838002499174325,63201.0,1.2291781635492285
44,0.016503154219237454,0.6028447145679806,63047.0,1.2325136381458464
45,0.0025628195067746605,0.9312941906761809,63293.0,1.24897483267776
46,0.004018456382829818,0.8696933683821298,63567.0,1.2431898157231096
47,0.0017999846859165767,0.9564328706031138,63636.0,1.2666695626029316
48,0.004696026826947773,0.8551460063301525,63390.0,1.200838403398052
49,0.0010526392022133996,0.9734275058610673,63450.0,1.2026361811587307
50,0.016070148639304685,0.5652118108210655,63861.0,1.3067335415489616
51,0.0005918077969646346,0.9801490725963953,63452.0,1.325140054619542
52,0.0011098715727768998,0.9733607584834953,62892.0,1.2325136381458464
53,0.0005351853781138346,0.9810616705416167,63661.0,1.2142278631743153
54,0.004716808139525543,0.8731657900247394,63432.0,1.235398335654244
55,0.0025626906437367664,0.9333386111678793,63151.0,1.284416692379656
56,0.0009118606287483626,0.9742029461219452,63563.0,1.2846103519926757
57,0.0008690952819058074,0.979814919950368,63311.0,1.2195848504781868
58,0.0024622719737402558,0.9512026397230396,63074.0,1.263607767733813
59,0.0002793407026782902,0.9915135977649465,63334.0,1.3196284944962855
60,0.0004953409267968857,0.9860444224369956,63390.0,1.2253326565512026
61,0.000657141357177096,0.9818303727627222,63161.0,1.2930006220309256
62,0.000965175562959873,0.9778641449554135,63185.0,1.2042156847559013
63,0.0010218752996334097,0.9765920801652317,63268.0,1.247291141685757
64,0.0012472137985647528,0.9681816517949049,63151.0,1.1720659584703164
65,0.00045023027266465234,0.9841027521313969,62900.0,1.2431898157231096
66,0.006480711174831688,0.8069722782719135,63392.0,1.2271668015128725
67,0.0021233879566855593,0.9449947892649639,63649.0,1.267797655723811
68,0.002655231486683332,0.9191234172684026,63386.0,1.2431898157231096
69,0.003309855719186891,0.9034500746128981,63409.0,1.1974761214427865
70,0.018993329336116443,0.4892293716107978,63582.0,1.230946406478898
71,0.002077126126081469,0.941995854498304,63543.0,1.2846103519926757
72,0.0007666405759105653,0.9774868839615398,63209.0,1.1912562485129925
73,0.00022296741903408612,0.9946114414966328,63664.0,1.2431898157231096
74,0.0015127060201039913,0.9634026882521212,63232.0,1.2846103519926757
75,0.01317321304787742,0.6402131952794224,63023.0,1.2448305419699608
76,0.0001624447455696823,0.9943579518531425,63361.0,1.2846103519926757
77,0.0005027634377796033,0.9856979297884879,63209.0,1.2791651363738463
78,0.0019659688695937583,0.9404623119093348,63072.0,1.2431898157231096
79,0.000850667867486908,0.9747683093888942,63001.0,1.239079544658587
80,0.003421837699117126,0.9197428420935609,63058.0,1.3384585449353992
81,0.000823546493444733,0.9788970453761893,62908.0,1.2442672765029776
82,0.0012533562700377191,0.9643211635420308,62801.0,1.3214151813533128
83,0.0926673520863016,0.3554302460537384,63284.0,1.263607767733813
84,0.0011940964543446805,0.9687638472464191,63329.0,1.2431898157231096
85,0.0005520492543396153,0.9855549385405543,63262.0,1.2846103519926757
86,0.0026789165130483234,0.9323995752270624,63181.0,1.2463304772632071
87,0.0020899093394405937,0.9271982749493597,63144.0,1.2137372204826686
88,0.0006878451236727354,0.9859732031426327,63858.0,1.2150615542014194
89,0.002065253544856798,0.9394842935815906,63053.0,1.2227290900766619
90,0.0007013585609132616,0.9838335707068062,63353.0,1.2458179660205264
91,0.002116334853078139,0.9418302214103104,63022.0,1.2846103519926757
92,0.0008758906594374388,0.9735723620547638,63302.0,1.1575133105883886
93,0.001649472657655916,0.9534780786207503,63351.0,1.268864817158537
94,0.0016994715163589436,0.9533458640943702,63196.0,1.2442476352504777
95,0.004952644680610684,0.8701722242175486,63256.0,1.23762671775685
96,0.0010217893909414799,0.9663436471413461,63429.0,1.2709044113185364
97,0.005973806938101078,0.8302934007622306,63180.0,1.282152802478393
98,0.001198503570240669,0.965575628629744,63692.0,1.2484611259198175
99,0.0017792549185539639,0.9541124734120776,63486.0,1.2848329986839673
100,0.0031565001132233604,0.9008987258906672,62858.0,1.2424651248716394
101,0.05096831251884568,0.2936260033852255,63188.0,1.1635191930911368
102,0.001721567231923237,0.9597510060876299,63122.0,1.271713408341494
103,0.004216312691212882,0.8816914407508639,63206.0,1.2142278631743153
104,0.00031341208989756997,0.9892928853015767,63517.0,1.2291781635492285
105,0.006601979884359513,0.8185101245943651,63266.0,1.281800448504213
106,0.016345056453479407,0.687548473232586,62765.0,1.1994782991271897
107,0.0017304931450147225,0.9468031630689061,63369.0,1.1993383335864394
108,0.012924885382985717,0.6556437458543627,63151.0,1.2846103519926757
109,0.004991415273278513,0.8697344162212508,63018.0,1.279210171573908
110,0.0026285396561008052,0.9244733530349128,63488.0,1.2463179394843014
111,0.05265505236706066,0.23576126375509243,63847.0,1.263607767733813
112,0.001000045901014098,0.9759132341666967,63219.0,1.2797843351785545
113,0.0012999531445403347,0.9672439223054365,63258.0,1.239079544658587
114,0.0007108428805022896,0.98091417458441,63288.0,1.2943853089340625
115,0.0011198885262558912,0.9710618305439287,63385.0,1.209217146453975
116,0.0005228832534295158,0.984451528319431,63104.0,1.2749820278228086
117,0.0008850828894739061,0.9784899763132143,63804.0,1.2359277006072755
118,0.0008004714187924422,0.9762212337258924,63553.0,1.263607767733813
119,0.0005065863745704705,0.9873701295892572,63058.0,1.2478761338027873
120,0.0018069261082244883,0.950738488582913,63923.0,1.2570980599276922
121,0.001337984922457569,0.9627088187136774,63118.0,1.239079544658587
122,0.004597300558182276,0.9048711024825351,63789.0,1.2846103519926757
123,0.005149530220774944,0.8641935502077187,63015.0,1.263607767733813
124,0.0038928836478363204,0.8753485257310044,63504.0,1.2411346801908483
125,0.002950637114752458,0.9184699771519121,63273.0,1.2570980599276922
126,0.008422419429824527,0.7910801068155021,63359.0,1.2150615542014194
127,0.01284157113355239,0.7798519108941979,63254.0,1.2538008494918813
128,0.000505632788090052,0.9844692725912557,63763.0,1.2411346801908483
129,0.00418682023727345,0.8474703455409263,63057.0,1.2709044113185364
130,0.0009393170466890632,0.974149345316961,63607.0,1.2767945101332643
131,0.06387318976748099,0.2908311892827081,63228.0,1.2484611259198175
132,0.002748760279587089,0.9360636758207191,63320.0,1.1720659584703128
133,0.650699631366662,0.04024166688478514,63639.0,1.2709044113185364
134,0.0015442431009113477,0.9573375453797427,63154.0,1.2291781635492285
135,0.0021685329742945642,0.9505262388060608,63429.0,1.2709044113185364
136,0.010618915683342176,0.7269195357275919,63361.0,1.2852581829890006
137,0.0004594053209627337,0.9868645686792518,63507.0,1.2150615542014194
138,0.0016830028201160392,0.956465951516948,63177.0,1.2291781635492285
139,0.0035493261979406537,0.9122394645132441,63457.0,1.3384585449353992
140,0.017116275962669823,0.5692818887998468,63976.0,1.2390853094439294
141,0.009814320647337114,0.6464799439239731,63585.0,1.303622874736476
142,0.0019894563059673115,0.9464978324477769,63526.0,1.3009201033399336
143,0.0025761954901080994,0.9299376050885341,63180.0,1.3117267699807797
144,0.0023738117936603458,0.945845321879201,63101.0,1.2666695626029316
145,0.0014438244309148373,0.9593197123891342,63500.0,1.2554671134511395
146,0.0005572209575937773,0.988645999230703,63707.0,1.2850556453752588
147,0.0018372776490832164,0.9552569364018973,63757.0,1.2038106017212762
148,0.0007344935433905087,0.9828182488817803,63914.0,1.2125636874917554
149,0.004193186071345434,0.9056041858527752,62610.0,1.2797843351785545
150,0.00293616150016232,0.9069622157752244,63711.0,1.271713408341494
151,0.004035157032540933,0.8997656264152165,63537.0,1.203405518686651
152,0.0017410513232528704,0.9590524197592692,62945.0,1.275129672955316
153,0.006471561899141186,0.791286345124882,62795.0,1.2291781635492285
154,0.00040382239728428194,0.9853833397349537,62840.0,1.2846103519926757
155,0.0017272887508057483,0.9465567366160658,63374.0,1.2025270440769766
156,0.0013323579031361802,0.9676949477249527,63172.0,1.2713089098300152
157,0.004222412208339884,0.8669268033660054,63417.0,1.2570980599276922
158,0.0067670276632946615,0.801807179813905,63010.0,1.322374855682174
159,0.0005585525423186861,0.9857824340781791,63578.0,1.2747251744438373
160,0.0011179641715566681,0.9722889069997626,63440.0,1.2327758565559641
161,0.004902680185384428,0.8554165460497145,63102.0,1.2797843351785545
162,0.015734950105133767,0.6539890506417689,63505.0,1.2308320105496549
163,0.0026117101433517963,0.9053097311933052,63015.0,1.3003329841086604
164,0.002861060121677463,0.9304328522126859,63233.0,1.2570980599276922
165,0.0017059060773844707,0.962132962572537,63755.0,1.2152213620134145
166,0.00036158109346249716,0.9885045436905695,63537.0,1.2411346801908483
167,0.006205854905872123,0.8065973979929668,62892.0,1.2125636874917554
168,0.019447674635124524,0.48921291287561786,63756.0,1.2150615542014194
169,0.0016544725435262188,0.9503308254566875,63902.0,1.2473958015915123
170,0.0013445827099977624,0.9623499201151214,63842.0,1.2431898157231096
171,0.0014439704756911175,0.9598762931585408,63439.0,1.2137372204826686
172,0.0027539921189256014,0.9436957454339517,63156.0,1.228688534688473
173,0.0019502733515782205,0.936927585451858,63435.0,1.3117267699807797
174,0.0010375965902565266,0.9733115162744866,63031.0,1.2709044113185364
175,0.0011764422181531474,0.9689034418010661,62897.0,1.2982173319433912
176,0.0016178754407642087,0.9572369218477927,63092.0,1.1635191930911368
177,0.00025449590897224966,0.9927512091489453,63815.0,1.1729804418859082
178,0.0027867405122891653,0.9286591093383967,63191.0,1.267334214088077
179,0.0009619797596200918,0.9772721831072441,63453.0,1.2298025494357017
180,0.002246993382633869,0.9408694679284306,63346.0,1.261926115170093
181,0.0018057921134910177,0.9551616442528792,63213.0,1.2691914854722128
182,0.0028069462366310076,0.9301964777425442,63520.0,1.2431898157231096
183,0.003294108655956195,0.8952838363617969,63581.0,1.2306294729359148
184,0.0023600406303440308,0.9251082107220449,63617.0,1.267207854116009
185,0.0035066983050051855,0.8932141956333772,63070.0,1.2291781635492285
186,0.002630111785163117,0.9138208357809531,63610.0,1.2225482234270508
187,0.00798503250660335,0.8042389965977907,63205.0,1.2150615542014194
188,0.0013475121963925616,0.9694460932211458,63956.0,1.2570980599276922
189,0.03527920329172555,0.3145491347753061,63323.0,1.2484611259198175
190,0.0006110685256952511,0.9833970789306017,63132.0,1.3195805586473295
191,0.026112316319377486,0.38874430265352444,63252.0,1.2709044113185364
192,0.001583984461797981,0.9543042201451262,63268.0,1.2291781635492285
193,0.0005192922701068585,0.9832657835650112,63225.0,1.2225482234270508
194,0.0009618251239746186,0.977987078962202,63173.0,1.2982173319433912
195,0.0014335755239676359,0.9641094146980385,63198.0,1.2291781635492285
196,0.0010831024243716362,0.968262243997575,63188.0,1.2308320105496549
197,0.0012276523894123826,0.9715539254282712,63556.0,1.2291781635492285
198,0.002690436868636083,0.930600298789015,63047.0,1.263607767733813
199,0.003462034376070986,0.927271177801292,63043.0,1.2052052824438864
200,0.0024985168508653544,0.9312005703217611,63272.0,1.2129051326413887
201,0.0002359310406462629,0.9927735091605998,63207.0,1.3182364777869005
202,0.0018467447869338583,0.9611365901679493,63291.0,1.2707236649803004
203,0.0006595038462051601,0.9845576082244777,63275.0,1.2846103519926757
204,0.0002883353427233195,0.9911595329378375,63128.0,1.2709044113185364
205,0.003624075350788599,0.8821514068116336,63096.0,1.2874045666090517
206,0.006165056868074756,0.8457016014532397,63441.0,1.2484611259198175
207,0.000932246761343257,0.9683512827680792,63107.0,1.31166219887327
208,0.0005607174413553121,0.9823318447920674,63104.0,1.2666695626029316
209,0.0015117266610159938,0.9681213742796977,63224.0,1.2168771495689548
210,0.004416488534278045,0.916893730971574,63396.0,1.2431898157231096
211,0.0005767136397926037,0.9845619533942377,63083.0,1.208332471913959
212,0.0006318154747962497,0.9840371364333397,62566.0,1.2836496875701187
213,0.0007731180912820573,0.9749977414763542,62845.0,1.213246577791022
214,0.0020202459811548804,0.9455716655769257,63146.0,1.303622874736476
215,0.009807533860674676,0.7834929789794361,63250.0,1.2150615542014194
216,0.0006804226126900179,0.9797404374747991,63371.0,1.2262851069140623
217,0.00037972500919802887,0.9874366877915899,63326.0,1.1728180771224714
218,0.008363082296308751,0.774367963927507,62850.0,1.2453054547778457
219,0.002207647201730112,0.9442257637384363,63719.0,1.2071015386650767
220,0.0010946657343053603,0.9727690008433291,63242.0,1.2150615542014194
221,0.0014422780744601045,0.9590075955703855,62934.0,1.2194865776691195
222,0.0009717561687616805,0.9756331205228695,63851.0,1.2982173319433912
223,0.0010772778150588093,0.9635159151658585,63527.0,1.2484611259198175
224,0.001474021336128092,0.9682423425285087,63308.0,1.337585617395833
225,0.0005822977047680277,0.9856088655294031,63452.0,1.2055082599904594
226,0.0004626784421252515,0.9850301478591043,63660.0,1.1865070907135191
227,0.00047747191887552876,0.9866579430910506,63323.0,1.204254457182099
228,0.00655460983162953,0.8377210729916491,63509.0,1.203405518686651
229,0.0008740264408225665,0.9767195597228063,63413.0,1.2982173319433912
230,0.023413288581548442,0.4970288004001512,63214.0,1.2619088863138703
231,0.0015137798787531113,0.9507499434711163,63400.0,1.2150615542014194
232,0.0005354516950588164,0.9824311544591564,63406.0,1.263607767733813
233,0.0024825550159048347,0.9142593265399512,63388.0,1.2327758565559641
234,0.038236146104465636,0.4371818709092713,63329.0,1.2513791275684483
235,0.0009851063794875405,0.977752923910541,63292.0,1.2797843351785545
236,0.0006421073360894159,0.9863285806611223,63344.0,1.2306940440434246
237,0.0016967568016939682,0.9566080991433635,63515.0,1.2513118366619143
238,0.0013640753921965888,0.9647832614292321,63519.0,1.1865070907135191
239,0.000407903060150938,0.9861508951042397,63178.0,1.2850556453752588
240,0.002263135625847441,0.958461126098244,63023.0,1.325140054619542
241,0.0003170202549586132,0.9918410749802776,63515.0,1.2225846529658142
242,0.0278456272694875,0.4895490408924358,62963.0,1.2864382448439429
243,0.003900701338801914,0.8747558540845058,63024.0,1.1865070907135191
244,0.022431403778008265,0.4714725015664609,63397.0,1.1974761214427865
245,0.0015581345363963643,0.9575544635296307,63271.0,1.2137372204826686
246,0.0018801546772252802,0.9499111137223841,63071.0,1.2226434467740575
247,0.007631922010165112,0.7731155811379139,63017.0,1.2150615542014194
248,0.0020841878205580824,0.9501998637895643,63329.0,1.2973249781205878
249,0.0003209119187030241,0.9920835391796693,64068.0,1.200838403398052
250,0.1002038639032097,0.2203903385217464,63677.0,1.2731764228894793
251,0.0005447298337872133,0.9852572843059797,63217.0,1.2697908105175912
252,0.004924354948358267,0.8978624070410117,63085.0,1.2133957753330353
253,0.012802955176530033,0.7274608339050179,63472.0,1.200838403398052
254,0.004156485878153108,0.85820225620765,63214.0,1.2555476464862991
255,0.0002026156499159637,0.993123601330311,63555.0,1.3147085390339317
256,0.0015263826838591836,0.9512823281691968,62928.0,1.2458133856969908
257,0.006283516363376482,0.7751793813051276,62983.0,1.2042156847559013
258,0.002406396960509243,0.9325124020363039,63677.0,1.3117267699807797
259,0.0006928621912814241,0.982876645917051,63629.0,1.2291781635492285
260,0.0003954978450363036,0.985336719168578,63094.0,1.263607767733813
261,0.0012793092858696515,0.9594459937113486,63259.0,1.2150615542014194
262,0.018024176200720228,0.4791263135164898,63031.0,1.2150615542014194
263,0.0010154922838230402,0.9687134745555668,63246.0,1.2225482234270508
264,0.0009579162784918217,0.9791446130129939,63424.0,1.2555419974126814
265,0.0002939709529139013,0.9914735635896763,63294.0,1.2457042740555728
266,0.011919324143949738,0.7993755607317194,63133.0,1.2148590165876776
267,0.0003747337141969191,0.989929392703398,63040.0,1.2347113072980953
268,0.004843480505775741,0.8724395058946491,63298.0,1.2150615542014194
269,0.0038959076337922423,0.9023338100091004,63314.0,1.1890440781319285
270,0.007918779723387242,0.7998565584820836,63544.0,1.2150615542014194
271,0.004948495290790484,0.7885745602241127,63140.0,1.253967043639527
272,0.0007319248735018136,0.9822127791532604,62712.0,1.1865070907135191
273,0.0009058727929208695,0.9775970411848602,63281.0,1.2279124769897116
274,0.04592576439213067,0.3168791845570478,62984.0,1.2484611259198175
275,0.04135939096304305,0.3415215217479567,63466.0,1.3117267699807797
276,0.0022156796644255293,0.9387713560934507,63326.0,1.2304269353221748
277,0.0007445362694770791,0.9797328778285124,63208.0,1.3117267699807797
278,0.0034618711495563196,0.9041822346719994,62965.0,1.2431898157231096
279,0.0008828149000069646,0.9680200035785974,63593.0,1.2498076027434681
280,0.002975112501083201,0.9143134294950808,63477.0,1.221067635117489
281,0.0007756180342172087,0.9848857651977785,63061.0,1.2051459145647243
282,0.001060087485803696,0.9758628307253956,63312.0,1.200838403398052
283,0.0018512206297833906,0.9565427598454368,63562.0,1.2142278631743153
284,0.0015382982194298194,0.9597778652175905,63497.0,1.3037917749481664
285,0.004390630018007235,0.8641156244844872,62896.0,1.2431898157231096
286,0.00495486971573166,0.8667048450616458,63396.0,1.2982173319433912
287,0.0011910037414352148,0.9610346077731756,63287.0,1.200838403398052
288,0.0033965805436898234,0.9036595923608672,63054.0,1.2418089415108469
289,0.0011811586053400826,0.9670642263551138,63603.0,1.3210016750892297
290,0.0010726301548254179,0.9748753106032684,62922.0,1.1779564674717289
291,0.0003744158520367795,0.9886647916172661,63053.0,1.2291781635492285
292,0.0013785252341791477,0.9711982095335512,62859.0,1.1599978557681023
293,0.0026385652004489897,0.9249124802488211,63146.0,1.2279124769897116
294,0.001252076230527968,0.9642075291768883,63706.0,1.2258631934881397
295,0.0007235401851694846,0.9786750881495876,63420.0,1.2716985352761867
296,0.0025579656656806384,0.9242551359632475,63062.0,1.268004399175565
297,0.0009526500756765372,0.9764982772037324,63231.0,1.2527795929237548
298,0.0004187619188108395,0.988005570913222,63541.0,1.2431898157231096
299,0.0016261312660586433,0.9634018527303692,63346.0,1.256624158688144
300,0.0006802679770445446,0.9771629608146906,62835.0,1.2431898157231096
301,0.00495834901775481,0.8865155361315789,63350.0,1.2672724252235206
302,0.0023250500201211044,0.9320926267536696,63100.0,1.2846103519926757
303,0.0005386646801369835,0.9809419383606548,63529.0,1.2817170113743366
304,0.0015003351684661288,0.9601572677022434,63632.0,1.2709044113185364
305,0.001114115462158222,0.962922320435563,62908.0,1.2357132179918047
306,0.0011960122181747105,0.974473590870422,62945.0,1.2681700762547852
307,0.0006682923053895583,0.982329979997965,63035.0,1.2693252784738114
308,0.0014841671526449778,0.9572703585773368,63787.0,1.2554671134511395
309,0.0023919814820034563,0.9469391482778815,63219.0,1.2347737233883453
310,0.0014719595275217816,0.9564989447782474,63433.0,1.271237569799375
311,0.016148480184606094,0.6808922498504769,63287.0,1.2709044113185364
312,0.004994490804449593,0.8261529879165799,63197.0,1.2677461456290864
313,0.0025595721582197216,0.9406827616920713,63057.0,1.2291781635492285
314,0.0013691611867588211,0.9694781451503524,63523.0,1.2878208443126269
315,0.03670732361375566,0.42490257279634647,63199.0,1.2206321023346938
316,0.0007397855188133721,0.9804206350602277,63186.0,1.2299338177073373
317,0.0005254089689722461,0.9875377965902359,62939.0,1.2144427102833664
318,0.0008261752994177787,0.977130258115012,63375.0,1.2308320105496549
319,0.028692308973668874,0.5157243009647037,63019.0,1.2339183594924634
320,0.0076165271725713276,0.8139123045101073,63269.0,1.257007891298997
321,0.0016681234346738322,0.9516326835738191,63692.0,1.2651386651683723
322,0.0031263977075712285,0.8782398715806057,63514.0,1.229075886942903
323,0.003571593730888806,0.9177719590028971,63558.0,1.2453430532126415
324,0.0022838739840792465,0.9433694039710957,62764.0,1.2757488717600243
325,0.01646164313929707,0.6012115910593989,63272.0,1.1602674094387702
326,0.0008232801764997512,0.9811964347980107,63328.0,1.2304269353221748
327,0.0023012103581106402,0.9333853007484726,63323.0,1.1720659584703146
328,0.0004975487801794765,0.9884906390828694,63360.0,1.1933902489851445
329,0.0017105279650102832,0.9574412518602952,63220.0,1.303622874736476
330,0.0010722779291885065,0.9776843796454863,63441.0,1.2709044113185364
331,0.0011757549486177106,0.9731076776216339,63523.0,1.2562825866894158
332,0.0016193015250502401,0.9594687777127267,63295.0,1.2846103519926757
333,0.0049628248606043415,0.8955145149000489,63139.0,1.2306294729359148
334,0.0010067897333305717,0.9742670465865062,62638.0,1.2258631934881397
335,0.002584193589326745,0.9233318741993101,63447.0,1.200838403398052
336,0.002646468800106513,0.9154812226077653,63246.0,1.2709044113185364
337,0.0044550615369544355,0.9010995570207525,63848.0,1.2304269353221748
338,0.13308782977350767,0.1435625966609272,63655.0,1.2826709697669951
339,0.0015090634915661762,0.9590096396170935,62929.0,1.200838403398052
340,0.0013001335527933868,0.9649645864999455,63545.0,1.2570529756133446
341,0.0003651978493927334,0.9888653423219315,62964.0,1.2357132179918047
342,0.002487580674382716,0.9190949670527849,63284.0,1.285035536297709
343,0.012589755575768344,0.707099882866409,63346.0,1.2523870768815542
344,0.004602850259680928,0.8589504975909774,63188.0,1.2846103519926757
345,0.0005826155669281673,0.9866532280931185,63095.0,1.1893641237542099
346,0.001679600835915627,0.9607688741040475,62815.0,1.3117267699807797
347,0.008943850826360433,0.8073455243957011,63529.0,1.277272156827145
348,0.0018390473681369661,0.9427631700734737,63088.0,1.2472994804772402
349,0.0057060467270948975,0.7985383737080013,63448.0,1.271713408341494
350,0.010975084529213109,0.8094696823848191,63367.0,1.2357132179918047
351,0.0004294060057409171,0.9865886118618877,63156.0,1.23762671775685
352,0.0014259554229934803,0.9622065989002988,63281.0,1.2553535533033617
353,0.004919097336412175,0.8392317862855728,62928.0,1.3117267699807797
354,0.00045841737100554326,0.9869270389509902,62824.0,1.284618690784157
355,0.002168653246463266,0.9391128085311862,63365.0,1.2291781635492285
356,0.012985657191656716,0.6161414162859998,63420.0,1.1725232001781123
357,0.0015498443476251577,0.9537554012706434,63295.0,1.2411346801908483
358,0.0022216675002530227,0.9336632868005742,63024.0,1.2570980599276922
359,0.00369242430608779,0.889567628334379,63327.0,1.2666695626029316
360,0.003950270654045294,0.8827754319615188,63046.0,1.2785459375691381
361,0.0005707000313575316,0.9806300558403013,63288.0,1.1890440781319285
362,0.033354977455540384,0.452704151080762,63143.0,1.223036514279901
363,0.001306800067287124,0.9680042003032239,63607.0,1.2327758565559641
364,0.009176637608882073,0.7469584014868672,63563.0,1.2308320105496549
365,0.0013921245801116035,0.9672369365084619,63085.0,1.2203480632856376
366,0.002621684142484823,0.9274525093115036,63071.0,1.239079544658587
367,0.004127620557664762,0.8940570918980695,63479.0,1.2958232280397475
368,0.009039381291786148,0.7093225553121381,63287.0,1.2889994301673653
369,0.0006304151631177972,0.9792798449794947,63097.0,1.3274972263290152
370,0.000849362055369578,0.9792624640619805,63192.0,1.2666695626029316
371,0.02243371472182117,0.5347181141742705,63095.0,1.3117267699807797
372,0.001096255045106058,0.9712212490473112,63018.0,1.2570980599276922
373,0.0005065606019628916,0.9869519991547523,63418.0,1.2854607206027424
374,0.0012821013183573636,0.9665260178791321,63066.0,1.2478761338027873
375,0.0012345938117202943,0.9616515506200801,63571.0,1.208332471913959
376,0.0038052310094605487,0.8837824967060777,63386.0,1.223036514279901
377,0.00031624707673124676,0.9919120922976479,63380.0,1.2102554302189468
378,0.001133702643918171,0.9642372575056474,63034.0,1.2358945808454358
379,0.002494290143222418,0.9177358748518382,63418.0,1.239079544658587
380,0.006009673816981686,0.8383885004156555,63575.0,1.2570980599276922
381,0.0018213587684686612,0.9527299743072303,63591.0,1.2570980599276922
382,0.0007549054485929818,0.9812782869493474,63413.0,1.2696229809209214
383,0.000328471883592829,0.9903744483823398,62993.0,1.2988973309469731
384,0.0004246982094231749,0.9899874699807132,62869.0,1.2298025494357017
385,0.0009576241889392611,0.9759361128800472,63042.0,1.2146447086878673
386,0.0004029203560190211,0.9872734552812144,63491.0,1.2846103519926757
387,0.017097822775643343,0.5563542948343618,63428.0,1.2570980599276922
388,0.0006491776214352221,0.9834542126942433,63252.0,1.2555476464862991
389,0.007200557286248199,0.8302027083739539,63112.0,1.2721595007529984
390,0.08189976282070606,0.15459291276364073,63406.0,1.189140308799315
391,0.00036526657634627707,0.9889561798106932,63362.0,1.2958232280397475
392,0.002071086745038818,0.937570514572103,63532.0,1.2261073389145647
393,0.0013763775168809077,0.960192780396001,63331.0,1.2554494547097867
394,0.002805709151467221,0.881244357818338,62782.0,1.2058706054161945
395,0.001508015405524635,0.9560159481622357,63424.0,1.2570529756133446
396,0.08070297742430399,0.2726625848708263,63146.0,1.257007891298997
397,0.0035144472690172355,0.9178789720316899,63285.0,1.239393534672672
398,0.0004982618223224922,0.9851374187650843,63603.0,1.2958232280397475
399,0.00030977815222894785,0.9915372005455058,63595.0,1.275990557277261
400,0.0038709339770483073,0.8774049539102701,63473.0,1.239079544658587
401,0.0012715431401192157,0.9720958486171062,63783.0,1.2357132179918047
402,0.0005564391884972179,0.9847972623554547,63266.0,1.26510541597421
403,0.000834525624273336,0.9740059003379327,63292.0,1.263607767733813
404,0.0014931875652975859,0.9600704942488824,63582.0,1.2848329986839673
405,0.0020826156914957707,0.9468275605418204,63701.0,1.284618690784157
406,0.021948167385904258,0.49491103337464126,63244.0,1.2498076027434681
407,0.0003909790478408066,0.9885574293454117,63380.0,1.2407723347651132
408,0.004831848468888472,0.8484019818668687,63102.0,1.3159127299556683
409,0.0009828813443665638,0.973703282061158,63452.0,1.2854607206027424
410,0.0027016307711945097,0.9298088904229301,63240.0,1.2846103519926757
411,0.0019778328599492365,0.9493973544663686,63250.0,1.2304269353221748
412,0.0024733370132607882,0.9380819112511534,63276.0,1.2298025494357017
413,0.0041046056190968214,0.8983373771924481,63565.0,1.2563280203978593
414,0.012981464847490552,0.5748457803425238,63007.0,1.2327758565559641
415,0.006283413272946166,0.8300696416513066,63199.0,1.2819365138551966
416,0.007811514130643942,0.7693152807499402,63714.0,1.2709044113185364
417,0.003191696904306918,0.9095423865465678,63423.0,1.1865070907135191
418,0.00048300443863579504,0.9871888041218589,63384.0,1.2291781635492285
419,0.003597941926703615,0.888853373068056,63592.0,1.2982173319433912
420,0.0007217618752465418,0.9840883695308159,63147.0,1.1875269947185991
421,0.0011001896631964336,0.9645991185011998,63608.0,1.2570980599276922
422,0.0011645180917133188,0.9621119539471609,63585.0,1.2166047286728219
423,0.010947559384318864,0.7472676836516148,63363.0,1.2214870155955655
424,0.05340922759177224,0.2840081776144694,63380.0,1.3117267699807797
425,0.0036442724842612483,0.8965646064900572,63154.0,1.2570980599276922
426,0.0010908170249069142,0.9749408598190696,63344.0,1.2572878524918103
427,0.011915234890213889,0.6145617919393428,63169.0,1.2444145728482248
428,0.0003981180601401564,0.9886581961573083,63246.0,1.2410428162725093
429,0.0010562645490128288,0.9764982812552563,63566.0,1.2569062571148422
430,0.0017327611344816638,0.9439260849384872,63527.0,1.2291781635492285
431,0.04591954460283497,0.5273260502227111,63723.0,1.2629329436887264
432,0.0055249683862456855,0.847822215699792,63189.0,1.2362424041062656
433,0.00020728049188774102,0.9927059442914599,63720.0,1.246810809474482
434,0.0013368337459857124,0.9658416622717269,63565.0,1.2664725646412514
435,0.0022679808760722705,0.9511169108256998,63669.0,1.2484611259198175
436,0.0013359832499356093,0.9568659233207845,63270.0,1.1911896572952045
437,0.009247460734508835,0.7553383962155653,63124.0,1.2913960722830353
438,0.012154318779853969,0.6032370274225469,63676.0,1.2691914854722128
439,0.005106008877443407,0.8830660620888708,63655.0,1.2291781635492285
440,0.000949239500606932,0.9688488450071191,63136.0,1.2709044113185364
441,0.012131372568239571,0.7433722623837244,62958.0,1.2570980599276922
442,0.015566612023297715,0.724826948814939,63575.0,1.2677158204545371
443,0.0022546392562156035,0.9374729977335574,62768.0,1.2569062571148422
444,0.0040882657858918115,0.881986127387675,63850.0,1.3136438594732933
445,0.0015692425302628616,0.9578552893588337,63302.0,1.2383531312077185
446,0.0013390931445834608,0.9589983452928023,63009.0,1.1723855740943065
447,0.0021510161920101187,0.9378255076747973,63664.0,1.2570980599276922
448,0.002079746341185322,0.9252859494986133,63252.0,1.24190092553847
449,0.0015003523502045146,0.9636201779786034,63451.0,1.2150615542014194
450,0.002628256157417438,0.9457605487008038,63512.0,1.267215312864142
451,0.000439749412249241,0.9876930326735731,63136.0,1.2878208443126269
452,0.0026464172548913553,0.9409625378906497,63530.0,1.2958232280397475
453,0.00041237890300047016,0.9886040835131723,63587.0,1.2783204347988448
454,0.002127752118235583,0.9384854227159755,62899.0,1.263607767733813
455,0.0037240558864562686,0.8919615543727603,63238.0,1.2570980599276922
456,0.00018744417492119617,0.9929219560791888,62942.0,1.2774078546933296
457,0.0017192476972411378,0.9582264622887409,63304.0,1.247291141685757
458,0.0012599111032319478,0.9743536954023468,63179.0,1.253052645878336
459,0.0013937912087350376,0.9583317234649923,63410.0,1.2166391416788542
460,0.016479108376366357,0.49206589100872844,63180.0,1.271713408341494
461,0.0011867426703155066,0.9598530077736179,63071.0,1.2713089098300152
462,0.002078913026873605,0.9534263983739247,63411.0,1.2431898157231096
463,0.020053519912350454,0.5252822606491728,63043.0,1.2431898157231096
464,0.0002606297895760232,0.9924237739380846,63558.0,1.239079544658587
465,0.00045108935958394834,0.9850370283252756,63278.0,1.2870091642424732
466,0.001967094273458036,0.952399915535347,63491.0,1.2431898157231096
467,0.001413971160469301,0.9682100387712319,63289.0,1.2982173319433912
468,0.0018121407658246152,0.9452632649695301,63387.0,1.1948681721643233
469,0.0013862484255836188,0.9519872900134342,62780.0,1.2428274702973745
470,0.0015784948963836797,0.9553327392234207,63346.0,1.2651796900184138
471,0.0011500510679923741,0.9727241128344173,63107.0,1.2150615542014194
472,0.0003531792233917822,0.9896602383734965,63025.0,1.2569062571148422
473,0.009671394356573836,0.6633223963266973,62888.0,1.2373963813251958
474,0.004346550268178157,0.8806255877057788,63374.0,1.2080630178175706
475,0.0007140558655804566,0.9838357698375736,63685.0,1.2501210813881265
476,0.006874791526451153,0.7890956885709675,63182.0,1.2359277006072755
477,0.0019730907001547222,0.939682822659956,62956.0,1.2291781635492285
478,0.0003455333498100477,0.9905360578281934,63181.0,1.2570980599276922
479,0.0038356426864036273,0.8990174084150219,63744.0,1.2280962238483113
480,0.00175019200807418,0.9555871129757008,62961.0,1.2300050870494417
481,0.0003734107203412032,0.9892438500539684,63590.0,1.2678752878441095
482,0.0014791414941670961,0.9606611603736891,63241.0,1.2570980599276922
483,0.0012916801375075142,0.9578070296539622,63389.0,1.2441806208370512
484,0.0010382494963151914,0.9708872951722946,63208.0,1.2853745801544019
485,0.007980582436361397,0.8132371624017656,63126.0,1.2238518314517837
486,0.001547206950782919,0.9564453186751743,63244.0,1.1890440781319285
487,0.0013250213008453922,0.9714201340339083,63721.0,1.2431898157231096
488,0.0001648587798129041,0.9943964543242669,63334.0,1.2150615542014194
489,0.001149011572820026,0.9705248640164603,63126.0,1.2570980599276922
490,0.0007097690218531695,0.9805437106545191,63047.0,1.2570529756133446
491,0.01747292589721556,0.4845328705227522,62825.0,1.3113216947532962
492,0.000563535246450603,0.9829517765788809,63180.0,1.2554671134511395
493,0.0021367897126265767,0.9445070253523746,63817.0,1.222526182594537
494,0.002415271328385571,0.9348795173233573,63090.0,1.2148590165876776
495,0.006473331618194935,0.8153681400564106,63599.0,1.2570980599276922
496,0.0005544117433676794,0.9883267964576471,63371.0,1.260369521249265
497,0.004456985891653659,0.854928448354712,63276.0,1.2431898157231096
498,0.0006862300402644589,0.9828023540973198,63577.0,1.3037917749481664
499,0.0003412722786903395,0.9904656388363461,63753.0,1.1720659584703128
500,0.0007380072088904294,0.9826515359688743,63127.0,1.2291781635492285
501,0.0010199337631958006,0.9718747665667289,63448.0,1.2982173319433912
502,0.0005948489646589425,0.9799243581460404,63318.0,1.2677461456290864
503,0.002551565468131883,0.9083976922046273,63361.0,1.2291781635492285
504,0.007980006848125469,0.8187989731006896,63557.0,1.1875269947185991
505,0.00064101629570191,0.9825228065442203,62983.0,1.2291781635492285
506,0.0008362266163735421,0.9791243787388212,62722.0,1.2713089098300152
507,0.003888854530184822,0.9100526956876377,63120.0,1.2431898157231096
508,0.021113504307723834,0.47556865347608734,63292.0,1.208332471913959
509,0.0011428003743935158,0.9637241250301157,63079.0,1.2570980599276922
510,0.0021911956872255932,0.9257767729538274,63310.0,1.2484611259198175
511,0.003340284577868356,0.9052577593936315,63404.0,1.2125636874917554
512,0.0036236286255905653,0.8805517998496395,63313.0,1.2150615542014194
513,0.02817418506177226,0.37181686191204677,63393.0,1.2709044113185364
514,0.0008539152160418469,0.982106981338586,63381.0,1.2616954808766465
515,0.0003664435254257126,0.990653484783158,63593.0,1.2291781635492285
516,0.000633052559960036,0.9850954643046959,63288.0,1.2332237083351494
517,0.17229402246376557,0.08289610934448022,63353.0,1.247291141685757
518,0.004442312687072083,0.8352825585829166,63537.0,1.290992784138595
519,0.001534681463499583,0.9524307479469032,63068.0,1.2747251744438373
520,0.0006986352553790933,0.9830196005939287,63438.0,1.2291781635492285
521,0.007214062132619533,0.7937047143699429,63317.0,1.2861460518478154
522,0.0011379379424303004,0.9659244373920355,63480.0,1.200838403398052
523,0.0014711090314716785,0.962700793386953,63114.0,1.2570980599276922
524,0.0037450004255487053,0.8954814337999546,63316.0,1.1720659584703146
525,0.0015138915600526198,0.9566823399405728,63040.0,1.2677461456290864
526,0.000352354499949258,0.991925037417436,62923.0,1.2407723347651132
527,0.0026284967017548406,0.9390962781069151,63169.0,1.2058706054161945
528,0.0009804071740389913,0.9771799342968814,63617.0,1.2973435975245433
529,0.00537432749494713,0.8506225937674021,62937.0,1.2889994301673635
530,0.0018848538826738293,0.956078078344343,63201.0,1.202379181245906
531,0.027449983379674917,0.5336283765314996,63306.0,1.247291141685757
532,0.0021973811130445242,0.9301509585530674,63089.0,1.3367126898562667
533,0.0017373658403690906,0.9484490057129821,63356.0,1.2826709697669951
534,0.004238528678945877,0.8718739510823036,62794.0,1.2832278724238773
535,0.0004967498293445312,0.9841285272938906,63466.0,1.2291781635492285
536,0.0003815892278129012,0.9873430525297616,63195.0,1.2431898157231096
537,0.012143081922949576,0.6861635802964714,63423.0,1.2709044113185364
538,0.003784028744292323,0.8803400799874952,63268.0,1.2291781635492285
539,0.0037678349558635934,0.9132565741842109,63720.0,1.1974761214427865
540,0.0018915633515135311,0.9521544043803533,63068.0,1.2125636874917554
541,0.00032525030764546896,0.99111796890222,62998.0,1.2308320105496549
542,0.006448134598851983,0.7761597085341436,63030.0,1.2570980599276922
543,0.0003815462734669364,0.9895513157510424,63252.0,1.1720659584703146
544,0.0008469566119955492,0.9783457563816191,63480.0,1.1805741378699004
545,0.004604284934836152,0.8728070311765933,63297.0,1.222119858875324
546,0.0009625123935100554,0.9758871980269305,62794.0,1.2308320105496549
547,0.0019091402698823276,0.9478820050746654,62845.0,1.244599716906027
548,0.005749688342595135,0.8383456423468498,63824.0,1.2125636874917554
549,0.001076685045084495,0.9773771134584032,63614.0,1.2331024641432684
550,0.000907264513730129,0.9769590126450841,63097.0,1.2709044113185364
551,0.0023185639138804193,0.9461723564045383,63669.0,1.2150615542014194
552,0.001543126287916263,0.9595208027014123,63245.0,1.2375834387870732
553,0.0045259018443195844,0.8950081480240246,63073.0,1.2869526257902208
554,0.0012926165422495468,0.9703346477773946,63381.0,1.2431898157231096
555,0.00036773215580465657,0.9868666027127895,63293.0,1.2291781635492285
556,0.0009453134733857493,0.9773267130551078,63265.0,1.2521048314958705
557,0.00055017644485555,0.9854070993072397,63309.0,1.2846103519926757
558,0.030977248225528047,0.38631245138617853,63467.0,1.2125636874917554
559,0.0013936881183047223,0.966463612321379,63592.0,1.1841119118605015
560,0.002915577777575988,0.9165971804965626,63572.0,1.2764015697398303
561,0.001531056116700154,0.9513073872420517,63638.0,1.2616954808766465
562,0.000654985049009663,0.9829887232526568,63169.0,1.268786986960734
563,0.0006158364580973439,0.9853934007659599,63285.0,1.2431898157231096
564,0.0005449703781246161,0.9873506114950759,63561.0,1.263607767733813
565,0.006738342751059368,0.796726190657902,63358.0,1.2150615542014194
566,0.0011198541627791194,0.9625336238341798,63097.0,1.2431898157231096
567,0.002354645564490852,0.9298186629441005,63344.0,1.2150615542014194
568,0.0005202114931105053,0.9880668850841994,63041.0,1.2846103519926757
569,0.0007774307076169232,0.981111047266283,63130.0,1.2570980599276922
570,0.0006530005582260893,0.9841773037283835,63365.0,1.2948835329138042
571,0.0012958724816736786,0.9631190059250541,63179.0,1.2291781635492285
572,0.0005867821384867529,0.9837013445950876,63662.0,1.2361516264968682
573,0.013107200808998716,0.5842617444518274,63530.0,1.2842230327666364
574,0.0013551838425818752,0.9681946200172304,63239.0,1.2570980599276922
575,0.0017708015032680913,0.954706609224143,63330.0,1.2982173319433912
576,0.000535108060291098,0.9852377078403581,63859.0,1.19383241586673
577,0.0033424580677741747,0.9216902219694817,62737.0,1.3117267699807797
578,0.000819036287118429,0.9781825470454151,63039.0,1.2570980599276922
579,0.0016755201730489708,0.9575013758420992,63307.0,1.2291781635492285
580,0.0003903948687356853,0.9872024089595085,63387.0,1.2089146825032007
581,0.0004808824939451339,0.9851921343698754,63413.0,1.1865070907135191
582,0.005215121507063193,0.8181210166810463,63663.0,1.268786986960734
583,0.003259100863994883,0.9158623571171589,62847.0,1.2304269353221748
584,0.001399323728495304,0.9543071393125345,62998.0,1.275990557277261
585,0.00048841668622736,0.9891211371665033,63782.0,1.261083428253496
586,0.00083581425465228,0.977563947027583,62740.0,1.2308320105496549
587,0.0006933432799562299,0.9843477191389771,63506.0,1.2629626472218227
588,0.0010772606333204233,0.9673388252139424,62832.0,1.2666695626029316
589,0.028742745966700744,0.5038180743390972,63373.0,1.2473078192687233
590,0.0005922631130318614,0.9819341364410203,63385.0,1.250973304271227
591,0.0016721439614561376,0.952402226176641,63142.0,1.1883442197491298
592,0.0021696240146820704,0.9470775591273344,63112.0,1.2308320105496549
593,0.004260117533227786,0.8816990926803475,63372.0,1.2457042740555728
594,0.0010598039871203284,0.9721877578970896,63059.0,1.2133957753330353
595,0.0009158296103155102,0.9805218866885503,63084.0,1.3407976754738566
596,0.0004023361769138998,0.9913212559321115,63022.0,1.2225482234270508
597,0.0007821642765422442,0.9799907325129866,63543.0,1.2735870915680287
598,0.001164500909974933,0.9704802292606212,63541.0,1.2948835329138042
599,0.025367659777731706,0.34894900876879975,63261.0,1.1720659584703128
600,0.0012736908574174557,0.9677560971119107,63281.0,1.2846103519926757
601,0.004512517270116953,0.8771854324531746,63076.0,1.2570980599276922
602,0.0012639659934910248,0.9688336640621165,63251.0,1.2411346801908483
603,0.006568174814085215,0.7273073476909586,63280.0,1.200838403398052
604,0.0020463192691555143,0.9493437023970278,63178.0,1.2958232280397475
605,0.002819909858243184,0.9240523529833131,63194.0,1.2071892188544915
606,0.00210034724551004,0.9438612873258336,62905.0,1.263607767733813
607,0.0029914351525498254,0.8986384867122366,63435.0,1.2298025494357017
608,0.002756045336662719,0.9226127709140816,63125.0,1.2306294729359148
609,0.01420791451521592,0.5827613404279246,63649.0,1.2570980599276922
610,0.0020407180224417043,0.9457967972683734,62853.0,1.200838403398052
611,0.0022555069340040924,0.94429136884705,63740.0,1.2709044113185364
612,0.004954835352254889,0.8687740117806688,62941.0,1.2616954808766465
613,0.004334935413029275,0.8973762608187799,63579.0,1.2184317471399329
614,0.007427545232064591,0.8120265632310488,63188.0,1.2406338634384149
615,0.8872979763683573,0.025810570389334653,62873.0,1.1835406142917098
616,0.001800998408481346,0.9549459715745658,62893.0,1.249633415483304
617,0.0007638485434228533,0.977970792842819,63471.0,1.2431898157231096
618,0.0005697808083538849,0.9818897876982604,63183.0,1.2291781635492285
619,0.0013219371788051196,0.9634147448093608,63100.0,1.2709044113185364
620,0.0005878989514818378,0.9829966958505333,63684.0,1.257007891298997
621,0.00102524292035705,0.9729768775276288,63495.0,1.2709044113185364
622,0.00037852228751101446,0.9911650583108185,63400.0,1.2614742730040227
623,0.0007930918621556895,0.9789354991647198,63181.0,1.2707910086023517
624,0.02308097657942636,0.4506294523700045,62867.0,1.2554671134511395
625,0.0022509365915934377,0.9296046397264557,62815.0,1.2251554394765165
626,0.0004003345043919401,0.9896588092234347,63166.0,1.2616954808766465
627,0.0030167524440614787,0.9265367825053816,63516.0,1.2431898157231096
628,0.0009587581836727318,0.9677237115813072,63681.0,1.200838403398052
629,0.008060907063315574,0.8267963481696157,63219.0,1.2431898157231096
630,0.0005039146142514599,0.9888943351172282,63359.0,1.2594432445332515
631,0.0007867174372145131,0.9810244748949434,63139.0,1.3117267699807797
632,0.0036411711804825897,0.9243974072184773,63276.0,1.1974761214427865
633,0.0009129602600050615,0.977394736152775,62846.0,1.2142278631743153
634,0.002414403650597082,0.9187499938935053,63304.0,1.2431898157231096
635,0.0004038481698918608,0.9897611356815008,63432.0,1.2521048314958705
636,0.0011699045666973048,0.963667264220838,63153.0,1.2431898157231096
637,0.0007170368971904138,0.9798285718281402,62914.0,1.2561164703743088
638,0.0015602822536946042,0.9529480341953563,62920.0,1.2428274702973745
639,0.26574034302326965,0.1890739698676176,63515.0,1.2474622641355975
640,0.0004764066510956017,0.9873752611804103,63348.0,1.227739425697326
641,0.0004372494693140896,0.9884497307131976,63344.0,1.2431898157231096
642,0.0014072015555452483,0.9670917384851517,63314.0,1.325140054619542
643,0.0011165638598782156,0.9721471789545799,63150.0,1.208332471913959
644,0.000371941681709207,0.9908354995497074,62976.0,1.2253326565512026
645,0.001431204444070379,0.9610401370247758,63466.0,1.2848329986839673
646,0.0009861630563982745,0.9783553287482676,63560.0,1.2357132179918047
647,0.0005702533061594978,0.9834957582638629,63093.0,1.2554671134511395
648,0.001439374360672884,0.9478437583239979,63270.0,1.2609911000998633
649,0.005079428728160389,0.8365084410959018,63344.0,1.257007891298997
650,0.010540163185450311,0.7442062286199052,63098.0,1.246810809474482
651,0.01222807139187553,0.6362671706060725,63328.0,1.2148590165876776
652,0.00043657079064784575,0.9872942664948934,63455.0,1.3206601877484463
653,0.0003822335430023732,0.9905474089418076,63504.0,1.1850065663003075
654,0.002227818562595182,0.9366081031531881,63462.0,1.2327758565559641
655,0.0032837308859710993,0.9078742230496337,63464.0,1.2569062571148422
656,0.0025886780230454706,0.9263910372403928,63208.0,1.2260000641784607
657,0.02030634919269927,0.6742653096064166,63051.0,1.2481415102958238
658,0.0015987092115947146,0.9593775885469312,63425.0,1.2677461456290864
659,0.0008482108788977214,0.981501014150126,63273.0,1.2406249805776959
660,0.0015631945583510177,0.9616193748689724,63294.0,1.2289231473485245
661,0.0011477744876562397,0.9747210764289281,63343.0,1.1948681721643233
662,0.0011835812304524973,0.9677887857848567,63055.0,1.2570529756133446
663,0.0008093028323228051,0.981317293183027,63502.0,1.2677461456290864
664,0.0025085853495595035,0.9314439642703973,63093.0,1.2726623084293447
665,0.00149769777162389,0.9638027237300697,63162.0,1.2291781635492285
666,0.0013087931489398905,0.9543339084386293,63216.0,1.264094623365839
667,0.004092406584842818,0.910065481947907,63279.0,1.2258631934881397
668,0.004746214684773046,0.8516176343870347,62980.0,1.263607767733813
669,0.001078394628053894,0.9658480609089746,62881.0,1.3117267699807797
670,0.0004374728319131066,0.9900012521258461,62967.0,1.2958232280397475
671,0.002512614467211002,0.9292284365651432,63125.0,1.2013110180037554
672,0.002094840498357353,0.9363450582836625,63158.0,1.271713408341494
673,0.0008718529509167476,0.9789273846524139,63070.0,1.2025270440769766
674,0.0005792909005504917,0.9857163779005896,63321.0,1.2291697061559432
675,0.0007772417084946781,0.9745455933633488,62661.0,1.3117267699807797
676,0.008720900589064733,0.7513852555978298,63094.0,1.2291781635492285
677,0.0005518001191330195,0.9849461809864243,63018.0,1.257007891298997
678,0.0005267920989123126,0.9876090159100553,63151.0,1.2570980599276922
679,0.0013319111779381463,0.9622328367582701,63426.0,1.2850556453752588
680,0.0006092902157723084,0.9811144702666581,63294.0,1.2291781635492285
681,0.0028642043798020865,0.9166904120296644,63728.0,1.2521048314958705
682,0.000671153064830814,0.9786033517898022,63103.0,1.2753443732485454
683,0.005181393754611632,0.8679821180274443,63482.0,1.2291781635492285
684,0.0035656832128840494,0.9175827905943469,63619.0,1.2058706054161945
685,0.006713334730838661,0.8418946690191249,63549.0,1.2392666021204644
686,0.001989155625545558,0.9430823919631862,62929.0,1.2554671134511395
687,0.0006153811420301171,0.9868451685328224,63229.0,1.270623510114648
688,0.04739049899866117,0.369191438438609,63016.0,1.2686735842445493
689,0.0026134540897979675,0.9203877636848556,62946.0,1.2251554394765165
690,0.0005024541664886567,0.9828646996427419,63400.0,1.2478761338027873
691,0.0009588526832338543,0.9751742802246424,63665.0,1.2383531312077185
692,0.0031579863335937427,0.9123003575155296,63003.0,1.24563932997334
693,0.0011230757387264794,0.9720617782910689,63527.0,1.270677605886167
694,0.004880258016790802,0.8267330418598757,62932.0,1.271314771922535
695,0.005244931823162765,0.8303292077067329,63300.0,1.239079544658587
696,0.0018633251644762715,0.9538157189813957,63243.0,1.2431898157231096
697,0.0006458357733191605,0.9818498987619797,63547.0,1.26304206655119
698,0.012058736769213095,0.7297609283217583,63197.0,1.245945429295892
699,0.0015695174380770363,0.9623912808642175,63257.0,1.307759272464473
700,0.00027462431549135516,0.991351376655352,63066.0,1.2394536595823418
701,0.017500193316034016,0.6614335712793675,63001.0,1.2308320105496549
702,0.0002904401056755947,0.9906117181926022,63424.0,1.2982173319433912
703,0.00028458972375518883,0.9907493448636564,63329.0,1.2452404787044333
704,0.0010105353522987023,0.9677035681779853,63082.0,1.205043145086048
705,0.04163342250856009,0.26787250167466103,63381.0,1.2846103519926757
706,0.0011257303173071041,0.9688316772451863,63600.0,1.2570980599276922
707,0.0022078533825907426,0.9429519315976078,63348.0,1.2291781635492285
708,0.0013773225124921332,0.9645296346413738,63913.0,1.2970202799915693
709,0.0008727378104436224,0.9827210071881802,63685.0,1.2379255674396568
710,0.003318420815772272,0.908803130223104,63441.0,1.2308320105496549
711,0.08823073514550446,0.2485943970029324,63483.0,1.2142278631743153
712,0.0007764341667905398,0.979406026662545,63471.0,1.2298025494357017
713,0.006639341574479696,0.839845250968561,63006.0,1.2170466394998058
714,0.0002860072171720273,0.990984284826148,63000.0,1.293435680681224
715,0.0008650661642543091,0.9747996915336865,62811.0,1.1974761214427865
716,0.0014367026003538734,0.9681894485179331,62804.0,1.2554671134511395
717,0.0007835903608282756,0.9815373600287303,63135.0,1.2117604990939732
718,0.004959697784218104,0.8690281788886691,62752.0,1.2353243172976
719,0.0005100055405092686,0.9869108321407591,63587.0,1.2225482234270508
720,0.0030657289893305443,0.9164140302218855,63490.0,1.235871405804934
721,0.0014326133466180243,0.9635322949397432,63163.0,1.1937548644445712
722,0.004908143978191151,0.8491764953989984,63512.0,1.2398522626181414
723,0.0025082245330533995,0.9290417313317813,63756.0,1.239079544658587
724,0.014129402561661458,0.7061295702768473,63416.0,1.2616954808766465
725,0.0009069981967851473,0.9743858699465769,63059.0,1.2291781635492285
726,0.009706539602442237,0.747686633556362,63353.0,1.2709044113185364
727,0.0010831024243716362,0.9691701983054164,63011.0,1.2150615542014194
728,0.004470971826699798,0.9023012667751948,63157.0,1.2506403728091762
729,0.0017244365822336855,0.9467842849914115,63351.0,1.1974761214427865
730,0.0020327371049614442,0.9446826515502373,63886.0,1.2483013181078206
731,0.011674870961064059,0.6433406935030521,63350.0,1.247291141685757
732,0.004106263656851063,0.8655018796773588,62824.0,1.22854532026947
733,0.0028753467371453556,0.9248415998759428,63500.0,1.2904443175612865
734,0.0010968392242111792,0.9722367113128517,63490.0,1.2386969665546648
735,0.0007145111816476835,0.9784235932634534,63397.0,1.2304269353221748
736,0.0036604233183440134,0.898928258573467,62931.0,1.2710709905589557
737,0.011260309977288576,0.7397547739065403,63498.0,1.1427572427610002
738,0.0010094099484344245,0.9627901479820812,63328.0,1.3000452072928965
739,0.00028106746738607523,0.990049222519125,63236.0,1.2160540968506126
740,0.0009526157121997654,0.973686651490857,63576.0,1.2957126999885702
741,0.0008211840044166689,0.9791524652945933,63421.0,1.2167076596381037
742,0.00325540679024191,0.9082138259416843,63494.0,1.272594585719812
743,0.0028880869961585157,0.9177784210738738,63182.0,1.2208252521940146
744,0.0066729404638933626,0.7701216340573498,63411.0,1.2393546458651805
745,0.0035525993191031714,0.9041669888348155,63292.0,1.2554671134511395
746,0.0016226777366430735,0.9605807640384246,63716.0,1.2348157887421323
747,0.008393287792391199,0.8171511868634549,63103.0,1.2850556453752588
748,0.0013662574729716005,0.9554018643880793,63173.0,1.2304269353221748
749,0.006618577443640312,0.7819177834475176,63293.0,1.2225482234270508
750,0.0005655283281033697,0.9811849496818873,63240.0,1.2449913061438673
751,0.012622503969131907,0.619456716235566,62739.0,1.2431898157231096
752,0.0012917746370686367,0.9536442934932406,63226.0,1.2300050870494417
753,0.0012541981752186293,0.9617842611527172,63509.0,1.1987187762918001
754,0.0008768872002638221,0.9768123503462783,63524.0,1.2323751850210574
755,0.0009760945577041252,0.9713959376290028,63568.0,1.227299326235304
756,0.0005331922964610679,0.9866764162189794,63412.0,1.181038932192454
757,0.0006174429506364275,0.9855225991196246,63267.0,1.172650950587343
758,0.003211498857796691,0.9132632605142714,63802.0,1.2146447086878673
759,0.0007735218621341263,0.9840317742379616,63526.0,1.275990557277261
760,0.0013885937328732968,0.9681359794502751,63298.0,1.2846103519926757
761,0.0017453209852417715,0.945608930714969,63205.0,1.18353419566931
762,0.0003924824499495746,0.9899622843078902,63479.0,1.2481415102958238
763,0.0007559191711577511,0.9815474727065978,63011.0,1.2709044113185364
764,0.0015935890535557105,0.9506017281706398,63219.0,1.3117267699807797
765,0.000505400834621842,0.9881442832345313,63905.0,1.2581386747927663
766,0.0011707808353549867,0.9732659144729989,63159.0,1.2555476464862991
767,0.0006707321122403589,0.9816439367815102,63517.0,1.263607767733813
768,0.010438790928973382,0.7149209891061976,63212.0,1.2570980599276922
769,0.003739940403594052,0.8861380979911783,63209.0,1.2615255061335322
770,0.0012959240268888364,0.9611699590119721,63223.0,1.2846103519926757
771,0.0016787847033422957,0.9467390353879396,63086.0,1.2144421710741256
772,0.003016846943622601,0.913501357889674,62907.0,1.2802579613599345
773,0.027922549912241263,0.4043222599528101,63701.0,1.2254452656850017
774,0.0012701256467023772,0.9636267154505646,63410.0,1.1983116059467491
775,0.0006614024282968042,0.9855880391792357,63466.0,1.2982173319433912
776,0.001968597675566804,0.9465358342381252,62993.0,1.2570980599276922
777,0.0009393084558198702,0.9750347397181184,63736.0,1.2785282460028498
778,0.0010801643471076438,0.9734328166467401,63059.0,1.2484611259198175
779,0.0006586877136318289,0.9819731530191568,63677.0,1.247291141685757
780,0.0008079111115135456,0.9825154902239147,63289.0,1.239079544658587
781,0.0038915778357189903,0.9040850246479052,62744.0,1.2291781635492285
782,0.002549598159086695,0.9187810029810317,63385.0,1.2291781635492285
783,0.000755738762904699,0.9822109086152521,63338.0,1.3196284944962855
784,0.0010999577097282238,0.9673027700097859,63486.0,1.2298025494357017
785,0.001706911209080047,0.9614755709847237,63251.0,1.2140258647698143
786,0.002118233435169783,0.9392195625962179,63246.0,1.2291781635492285
787,0.0014393056337193403,0.9636040862025088,63258.0,1.2850556453752588
788,0.006492781346047797,0.8461718512973478,63411.0,1.200838403398052
789,0.00022801025925035372,0.993416936521121,63053.0,1.251975689280851
790,0.001388121235067684,0.9674527065841133,63430.0,1.2340268265395125
791,0.000572564249972404,0.9791091019657506,63052.0,1.2291781635492285
792,0.1695344119163878,0.12162412913130027,62882.0,1.2396921704835968
793,0.0005066465106548212,0.983925300140479,63302.0,1.2948835329138042
794,0.0017048923548197014,0.9490630147469996,63381.0,1.2862155981526513
795,0.0025133361002232105,0.9389857742980828,62852.0,1.200838403398052
796,0.0017106310554405987,0.9495039285252561,63182.0,1.246810809474482
797,0.0030692942000456226,0.921786527473483,63486.0,1.2291781635492285
798,0.0071689858419640715,0.8348040558309588,63569.0,1.1720659584703146
799,0.0019526444314754774,0.9549070433568486,63261.0,1.1974761214427865
800,0.002522425239829362,0.9171144963979381,63291.0,1.1635191930911368
801,0.0005251254702888784,0.9847709851965526,63402.0,1.2821906375557166
802,0.0016720065075490503,0.9514229387289104,63219.0,1.2705128789479048
803,0.02747896038146277,0.3177194614437423,63403.0,1.2308320105496549
804,0.0015524216083830458,0.9643047365957894,63363.0,1.200838403398052
805,0.005863800858085224,0.827670985660374,63307.0,1.2051459145647243
806,0.012051718029082446,0.6051023586360892,63359.0,1.257923039634548
807,0.0013847707960824296,0.9573159935636846,63230.0,1.270677605886167
808,0.004634335795273127,0.8952670677851404,63271.0,1.2497172150955222
809,0.0023842668814681783,0.9309439098435855,63413.0,1.2519641196854785
810,0.0013869786494650205,0.9652650109459675,63175.0,1.2857625311875367
811,0.003688060144537766,0.8718017366185575,63540.0,1.2400010365052818
812,0.0013982240972386052,0.9648096967826577,63609.0,1.2033545044071232
813,0.003953758546937636,0.867494309250337,63092.0,1.2576830520447224
814,0.0007089528892798384,0.983863507870594,63395.0,1.2710709905589557
815,0.002426018505745964,0.9290910951358364,63232.0,1.2431898157231096
816,0.0007436943642961689,0.9770918998343741,63377.0,1.2464652358295485
817,0.0036699076379330415,0.8898753522359564,63602.0,1.2672724252235206
818,0.0011114351109700186,0.9721293826757877,63711.0,1.263607767733813
819,0.0017297027850489701,0.9643756234460431,63195.0,1.2226434467740575
820,0.002288753597780848,0.9177993018850147,63397.0,1.208332471913959
821,0.0016067502651593254,0.9595233375851081,62885.0,1.22854532026947
822,0.001623201779663844,0.9388755495896459,63447.0,1.2570926726940037
823,0.0005440855185977413,0.9835753557014021,62957.0,1.2291781635492285
824,0.0025576306217821127,0.9250932219095561,63501.0,1.2389786823456674
825,0.00071635821852417,0.982980049513374,63724.0,1.2431898157231096
826,0.024083771558582205,0.517339792721321,63254.0,1.303622874736476
827,0.002367987184347519,0.9446588045263267,63161.0,1.2664725646412514
828,0.0024786375795528446,0.9272295037456133,63966.0,1.2327758565559641
829,0.005657826178314813,0.8519977333384492,63564.0,1.261787909858887
830,0.002078629528190237,0.9515895653909472,63360.0,1.2431898157231096
831,0.004308329491138677,0.8844291323165834,63186.0,1.3051782081427188
832,0.0020800899759530404,0.941800780089831,62941.0,1.2563631197245755
833,0.0013151332104042951,0.9650546322950404,63547.0,1.200838403398052
834,0.0005954760981100285,0.984598544260433,63282.0,1.2520790649872158
835,0.0013598916388996172,0.9577834070290359,63422.0,1.2797843351785545
836,0.0010620891583256558,0.9667541290550083,63133.0,1.223036514279901
837,0.00121719730160455,0.9719756224538828,63483.0,1.2982173319433912
838,0.00792074703243243,0.7612609072982551,63433.0,1.2477163259907904
839,0.0005825382491054307,0.9796521098792925,63842.0,1.2291781635492285
840,0.003218878414433444,0.919625461083878,63836.0,1.247291141685757
841,0.0016664310334428192,0.9548682345560947,63214.0,1.343136806012314
842,0.0006762044959162745,0.9820275536528497,63191.0,1.228688534688473
843,0.0014704131710670488,0.9575581676140007,63426.0,1.2034053214991989
844,0.021069828328746827,0.63453189524129,63035.0,1.209847235890754
845,0.006678258211923805,0.7919674786009641,63320.0,1.2327758565559641
846,0.009458882025347583,0.7517016766241684,63316.0,1.2846103519926757
847,0.0016868601203836782,0.9580909487182944,63514.0,1.2431898157231096
848,0.0016714652827898937,0.9550876467417072,63094.0,1.2570980599276922
849,0.00506021954464493,0.9017528728160107,63727.0,1.1979708861000002
850,0.0016086918015969344,0.9606446389349627,63450.0,1.2982173319433912
851,0.002695960797527156,0.9458754290743963,63361.0,1.2519641196854785
852,0.0004278682401553772,0.9878488788768559,63219.0,1.2709044113185364
853,0.00023539840675629938,0.9911932502022126,63358.0,1.2150615542014194
854,0.0008350324855557206,0.9755907250587268,63307.0,1.2279124769897116
855,0.0004410981787125357,0.9888760695095651,63065.0,1.2058706054161945
856,0.0007833755890984516,0.9792896899634838,62912.0,1.2797843351785545
857,0.0034343975498772336,0.9150849542420672,63310.0,1.263607767733813
858,0.00025236537341239557,0.9927203006346955,63485.0,1.2431898157231096
859,0.0007456702642105497,0.9799972409939562,63400.0,1.2225482234270508
860,0.00026954711179831575,0.9940464507445007,63410.0,1.2304269353221748
861,0.003991850460939221,0.8796019268388425,62979.0,1.3243620233620348
862,0.00037832469751957636,0.9898933745556,63399.0,1.2272554100502155
863,0.14867948418050286,0.16692463713487693,63136.0,1.2709044113185364
864,0.0009597203610223434,0.978410650476208,63856.0,1.2850556453752588
865,0.0008011243248511071,0.9780186549927861,62859.0,1.2304269353221748
866,0.0004694910013952688,0.9835895573801833,63319.0,1.2848329986839673
867,0.002026981222602161,0.9486161285753848,62889.0,1.2150615542014194
868,0.0019028861171098525,0.9391848168857324,63210.0,1.1534142973743116
869,0.005828655612216824,0.7542765344037067,63350.0,1.3117267699807797
870,0.003433435372527622,0.9115839159609879,62966.0,1.2666695626029316
871,0.006758264976717843,0.7571519050135368,63384.0,1.2225482234270508
872,0.0003136612251041658,0.9922307802279414,63703.0,1.35168357139149
873,0.00034142691433581277,0.9894340238991477,63368.0,1.2411346801908483
874,0.001368327872447104,0.9668079340722616,63353.0,1.1865070907135191
875,0.00045412193640906323,0.9845255491624901,62752.0,1.2300050870494417
876,0.030958425631126274,0.49197198069672854,63006.0,1.3117267699807797
877,0.0035165949863154755,0.9033453709703009,63320.0,1.2554671134511395
878,0.0005441370638128991,0.9831480012055752,63436.0,1.2511309877058494
879,0.0057554012706084534,0.7815139465046097,63321.0,1.2666695626029316
880,0.01202828213792405,0.6504433232296719,63162.0,1.2173243005046732
881,0.01014078226753879,0.766110966126438,63579.0,1.2357132179918047
882,0.011810185741722374,0.7573345941388916,63074.0,1.3067335415489616
883,0.0023566386461436185,0.9282064787008891,63438.0,1.247291141685757
884,0.0010765905455233725,0.9715858611804137,63577.0,1.2308320105496549
885,0.0015124654757665884,0.9528079136656276,63118.0,1.247291141685757
886,0.001125558499923245,0.9675828116708173,63701.0,1.1835406142917098
887,0.001241758596627223,0.9665244731949852,63374.0,1.200838403398052
888,0.0011092616210641997,0.9704815158248794,63271.0,1.2142278631743153
889,0.005374946037529023,0.8564838626168301,63042.0,1.2846103519926757
890,0.0016737762266028,0.9558606027212971,63503.0,1.2665483566505227
891,0.004959861010732771,0.8650229699830929,63564.0,1.2315452882693059
892,0.001220917147965102,0.9633548083055992,63173.0,1.2538008494918813
893,0.011356751074848747,0.7542596677058155,63492.0,1.277757381655606
894,0.0004383061462248237,0.987623688486113,63376.0,1.2570980599276922
895,0.0008297319192636642,0.9761981513136312,63395.0,1.2709044113185364
896,0.00241674895788676,0.9367415162048315,63231.0,1.2431898157231096
897,0.0007403353344417216,0.982250581194463,63308.0,1.247291141685757
898,0.004995538890491134,0.8881356778424012,63262.0,1.1700289008972575
899,0.0013513694966602009,0.9700156491750915,63551.0,1.2424651248716394
900,0.0060273280531732195,0.8017839956168267,63468.0,1.2431898157231096
901,0.001981827614123963,0.9439605491212886,63198.0,1.2569062571148422
902,0.0017523053618956482,0.96280766577677,63169.0,1.2360396992328244
903,0.0016136143696445005,0.9530737776804373,62995.0,1.2022443612031921
904,0.01502593707976958,0.6654715520490104,63227.0,1.1805741378699004
905,0.004094348121280428,0.8769982615386771,63010.0,1.2431898157231096
906,0.0008414240922352829,0.9837200673419741,63374.0,1.2291781635492285
907,0.0003037989072706476,0.9908022826945749,62989.0,1.2424651248716394
908,0.0010050200142768218,0.9694102409715882,63455.0,1.2473078192687233
909,0.001975788233081312,0.9524570451954582,63257.0,1.2554671134511395
910,0.24510637244302766,0.05696509440865338,63563.0,1.2593967704021694
911,0.003093795358983945,0.910362028834321,63183.0,1.2674020969260233
912,0.0009439475251840686,0.9768652512864947,63110.0,1.1974761214427865
913,0.0006020137495658712,0.9850565063456246,63232.0,1.271713408341494
914,0.0009852266516562418,0.9770167157750611,63432.0,1.1732359427043733
915,0.0005496008566196216,0.9860803204872935,63859.0,1.2519641196854785
916,0.0014901034432573132,0.9627570194626166,63155.0,1.2150615542014194
917,0.0006717200621975493,0.9825429708431977,62777.0,1.3210016750892297
918,0.012857094834184069,0.6471559310256183,63107.0,1.2146564789739358
919,0.001638046801629279,0.958770974165687,62996.0,1.251975689280851
920,0.002218703650381451,0.9529102490499293,62955.0,1.3015552905532957
921,0.0023245689314462985,0.9469701956720162,63231.0,1.2790596443270807
922,0.0031953136602371544,0.9068576560513574,63068.0,1.303622874736476
923,0.005194932964459737,0.8441551369797091,63192.0,1.2481415102958238
924,0.00921061449654023,0.8065424608134629,63747.0,1.2581770698424606
925,0.000949909588403983,0.9752797583534959,62752.0,1.2797843351785545
926,0.006664761956421665,0.8068557587553007,62943.0,1.2241845854155518
927,0.0014084644133166135,0.9489527772852222,63648.0,1.2678752878441095
928,0.0006118760673993894,0.9864571321139596,63763.0,1.2150615542014194
929,0.0006698042983675192,0.9829464007360225,63320.0,1.200838403398052
930,0.0005763785958940782,0.9841282274282799,63365.0,1.2305560775371944
931,0.0015072508181664616,0.9657058745494851,63016.0,1.1905932666827965
932,0.0032651831993834985,0.9064459879298967,63154.0,1.2431898157231096
933,0.006233199642513315,0.8543315804993967,63435.0,1.2570980599276922
934,0.009473331867330142,0.7602057713542913,63399.0,1.258655802891818
935,0.004817106537353353,0.8582916600099629,63036.0,1.2561866852829908
936,0.0014966410947131559,0.9552979879567192,63318.0,1.26225811964364
937,0.0030862955301784907,0.9057443698275941,62960.0,1.2304269353221748
938,0.0004623949434418838,0.9869714362297397,63161.0,1.2304269353221748
939,0.0003231455446931937,0.9904024166175736,63149.0,1.2570980599276922
940,0.0016740339526785887,0.9598064728213288,63352.0,1.2150615542014194
941,0.005299698614267886,0.809059738598932,62571.0,1.2225482234270508
942,0.0008699285962175245,0.970821545208502,63292.0,1.2709044113185364
943,0.0010547955103808327,0.9725239527500897,63053.0,1.2570980599276922
944,0.07277417215656856,0.18370027000743372,63094.0,1.2569062571148422
945,0.00047751487322149355,0.9864171968740838,63485.0,1.2137372204826686
946,0.005443715945418669,0.8721318642625826,63432.0,1.3037917749481664
947,0.003749158406238098,0.8718134362177198,63463.0,1.270916135503576
948,0.001489278719814789,0.9501617886619407,63018.0,1.3089299969678017
949,0.006626798905457974,0.8083868246382168,63034.0,1.2431898157231096
950,0.0008072152511089158,0.9826781367088256,62827.0,1.2846103519926757
951,0.0010115748474710505,0.9652036608059652,63400.0,1.1885468987236791
952,0.0003302587843849647,0.9906080978122764,63137.0,1.200838403398052
953,0.0009390679114824673,0.9750716402615466,62867.0,1.2911544855639239
954,0.0013150215291047867,0.9667925402610517,63645.0,1.3172927886257142
955,0.0008172150228495214,0.9771696259200846,63282.0,1.2846103519926757
956,0.0007907809183427832,0.9799451596630429,63571.0,1.185301872197666
957,0.006152436881230297,0.8267266278653811,63459.0,1.2150615542014194
958,0.006577066363699928,0.7776339842805161,63049.0,1.2431898157231096
959,0.0014276564150936864,0.9676745751030336,63360.0,1.2646767343306884
960,0.0014278282324775456,0.956217044940996,63411.0,1.2593806439398314
961,0.0005041379768504769,0.9837440524451948,63007.0,1.2738519828093775
962,0.0003284031566392853,0.9898425335748725,63797.0,1.2304269353221748
963,0.0007920867304601131,0.9787920848193483,62699.0,1.1873942513596187
964,0.00045312539558267986,0.9896174064376445,63084.0,1.208332471913959
965,0.0006823555582584339,0.984615229262331,63319.0,1.2582680441617526
966,0.0005983798118972491,0.9811986688033272,62963.0,1.2846103519926757
967,0.004315399776484484,0.8846947875424976,63742.0,1.247291141685757
968,0.188077974886776,0.12050476374272712,63473.0,1.2251554394765165
969,0.014203550353665896,0.5348582743163293,63020.0,1.247291141685757
970,0.004985977253079369,0.8755369475399358,62945.0,1.1823113256953857
971,0.0006226490173673613,0.985305662003676,62971.0,1.2797843351785545
972,0.03888248873906718,0.3686800144576412,63678.0,1.2617735349536385
973,0.001045010510370051,0.9722632831391117,63202.0,1.2797843351785545
974,0.021588252921065195,0.3922412931289829,62726.0,1.2846103519926757
975,0.03456131589848503,0.34910693475053356,63430.0,1.2225482234270508
976,0.0009567393294123862,0.9721245346001981,63748.0,1.2150615542014194
977,0.03525562135579088,0.34856621863798176,63433.0,1.2029921589813881
978,0.0008955551590201245,0.9809689317296341,63650.0,1.247291141685757
979,0.0005585869057954579,0.9894871346831978,63281.0,1.327868572449649
980,0.0018011702258652052,0.9519549112091423,63275.0,1.2666695626029316
981,0.0009463787411656764,0.9747610493417261,63071.0,1.247291141685757
982,0.0014971651377339264,0.959772571116217,63117.0,1.2846103519926757
983,0.0009236558921502969,0.9721610914670954,63658.0,1.2570529756133446
984,0.0005710694387328289,0.9835774875114291,63111.0,1.208332471913959
985,0.001143616506966847,0.9746721847644627,63257.0,1.3033989488468816
986,0.01485667977492988,0.6227215211482701,63413.0,1.2243688645918631
987,0.0034583059388412414,0.9105640055833565,63175.0,1.1875269947185991
988,0.00039050655003519376,0.9892281593136386,63333.0,1.2281989058277176
989,0.010017005024206622,0.6490027358133628,63053.0,1.2144421710741256
990,0.002024824914434728,0.9489313156745636,63204.0,1.2308320105496549
991,0.0006482841710391543,0.9778572715825642,63000.0,1.2677461456290864
992,0.0017232424514158642,0.9425461085919742,63371.0,1.2484611259198175
993,0.004179062682392207,0.9002408540583079,63359.0,1.261883811265312
994,0.004793430101857555,0.8558335786996859,63608.0,1.2058706054161945
995,0.0007637454529925378,0.9776338880048661,63455.0,1.2982173319433912
996,0.006934979156017032,0.7854643771756189,63238.0,1.2846103519926757
997,0.0004993614535791911,0.9862593076302721,63254.0,1.2404280672985841
998,0.0039685863871646845,0.8737767478254539,63011.0,1.1800760945779825
999,0.0005233901147119004,0.9864523095413963,63177.0,1.200838403398052
