,selection_0p15_MaxAFs,selection_0p15_H,selection_0p15_total_m,selection_0p15_rec_errors
0,0.2898522067241128,0.6998615350830171,58625.0,2.8457565881651092
1,0.02201826028764962,0.9270132336278013,59869.0,2.686744431679033
2,0.015641369767014853,0.9447667442073456,59921.0,2.731815277072762
3,0.16368379804251376,0.8430687388754362,58988.0,2.7613927031989984
4,0.21955307257290527,0.6461145592853956,60068.0,2.684121056588795
5,0.021508529654954527,0.9419590981891564,59444.0,2.727886990823116
6,0.1673330704126453,0.6898779224672607,58739.0,2.6309550965705455
7,0.2636827353519946,0.4674979358925119,58064.0,2.6978240052261846
8,0.9028747170264335,0.4613250022906831,60247.0,2.7097396441128545
9,0.061368504672535094,0.8417909995029815,59128.0,2.672745436630656
10,0.33197839289871195,0.7341268261364544,58737.0,2.7743214605268367
11,0.8358863148630705,0.2437972869991485,60690.0,2.5412909575535245
12,0.5690416241959151,0.5790087619990418,59548.0,2.743330962976138
13,0.05101984055226506,0.833567763653613,59466.0,2.691361114797999
14,0.05380544706982075,0.8592573698446865,59560.0,2.768636653058179
15,0.7637016825139996,0.29252233674200745,60235.0,2.854743270373543
16,0.8240280374356059,0.11070994979819992,58462.0,3.1601783290708987
17,0.5980912875554035,0.26709958619183405,59609.0,2.8439189842702284
18,0.15399567726362123,0.754356025771852,58805.0,2.8805139524036782
19,0.06636537514775113,0.7547421501895315,59254.0,2.700579644827382
20,0.8019989784253808,0.10470570109584232,60387.0,2.6538864093793393
21,0.18687735796271385,0.5955595776712745,59987.0,2.7097396441128545
22,0.145455734743237,0.7538104684003677,58886.0,2.7421681429194606
23,0.35630729631884606,0.6050391164875333,59160.0,2.8364755685081224
24,0.7807636813651083,0.05973652916295824,58646.0,2.9916726047139193
25,0.043589013608168754,0.8491496404103412,59658.0,2.7287307365887123
26,0.1735623783914142,0.7665097457417962,58097.0,2.6059198375034907
27,0.20437195003203407,0.46627824642838656,58818.0,2.683531297099318
28,0.5012024940289808,0.16545936731685906,58300.0,2.7636326521080576
29,0.09308133748184116,0.7595708287326526,59759.0,2.7545798514947055
30,0.7783017100717898,0.2588450499371834,60080.0,2.7850823924046573
31,0.9245605450397923,0.1443412515916156,60938.0,2.5352419128807195
32,0.043393219108392,0.8666275326943238,59193.0,2.688089691864615
33,0.7223807356905951,0.13435711350374702,60247.0,2.802961113561924
34,0.04937863231077277,0.8419891030938839,59229.0,2.798276318714514
35,0.006695543040740041,0.9660617420208926,59836.0,2.763510900553836
36,0.06910820772759509,0.8873730521272435,59016.0,2.66940270489611
37,0.36143515177664715,0.48842244649379685,59150.0,2.741064948421789
38,0.8834601601920479,0.19524760149229015,60355.0,2.6732962938704414
39,0.05581268647501749,0.8302684232925144,59341.0,2.7108130781211273
40,0.04946396541446644,0.876086136047328,59868.0,2.744079376405079
41,0.9430320392085209,0.030365720234061477,60807.0,2.492173190988833
42,0.8554143914429719,0.34472383111003957,60288.0,2.5352419128807195
43,0.021102757130363442,0.9412527098860008,59548.0,2.7368821576849935
44,0.05021431770238716,0.8795602681961497,59482.0,2.715669496554117
45,0.06097871975551211,0.893854308545657,59260.0,2.8297051250505234
46,0.8990812984621133,0.06358459265788818,60051.0,2.7787712489459793
47,0.8164450576072332,0.10208079293276617,58364.0,3.0783842379072475
48,0.15870447871305893,0.6149214583586187,59020.0,2.672745436630656
49,0.19695492002386167,0.6814308908354124,59240.0,2.727886990823116
50,0.03639306102780798,0.8884454906406937,59955.0,2.789663188409804
51,0.04621062043283084,0.8793455574084228,59273.0,2.75017747806287
52,0.5060857588499892,0.1863933994439364,56391.0,2.8016835788324954
53,0.7480062160436768,0.1410595467126089,59037.0,2.9263811444622014
54,0.21275886339948408,0.7188618772891238,59211.0,2.7426529427400617
55,0.998962291728444,0.1593893419327087,61546.0,1.957829674658635
56,0.11853533549496212,0.7509982757821632,59048.0,2.759545461420128
57,0.14264023200088982,0.7397642814252708,58192.0,2.7314064763031958
58,0.2992791650795394,0.5996859299705458,58672.0,2.7421681429194606
59,0.1764817361514351,0.6548646676874117,59339.0,2.789663188409804
60,0.018401521539151807,0.9280166527823186,59841.0,2.695951261939612
61,0.4221351064177169,0.5451271284271679,60080.0,2.739075547864079
62,0.5147207163836475,0.468324285916905,59522.0,2.7960453294680097
63,0.08771519708523492,0.856022724155381,59085.0,2.672550929063558
64,0.09406410714490822,0.8353355241176397,60037.0,2.695951261939612
65,0.09076377010878713,0.7746518653077411,58844.0,2.7109397582678696
66,0.12029642931604216,0.6561746356080121,59555.0,2.7002606757946186
67,0.24779139706407216,0.6678285013693962,59183.0,2.6820833012099925
68,0.3040037135922078,0.5568926097630587,58740.0,2.6426843891526524
69,0.021495213807705436,0.9372670247307137,59856.0,2.7960275230346037
70,0.16275308904675603,0.7202669349279973,58487.0,2.8085937416165123
71,0.17173114871424283,0.7026014168050396,59395.0,2.6154122615647033
72,0.6655343614708039,0.27215961807635647,60225.0,2.5848888496327165
73,0.0564579724327083,0.8192534800038,59540.0,2.6056312407721194
74,0.009331737161291773,0.9517143705211238,60244.0,2.7035464924289645
75,0.018101133206950767,0.9480266364792493,59394.0,2.779373375458775
76,0.28989120927024886,0.7940726210743365,58606.0,2.748948606350943
77,0.6487962555700082,0.29858825624641416,59642.0,2.7956370693911996
78,0.039812020785745465,0.9044974436794117,59296.0,2.718841851220109
79,0.08639500385287598,0.837711773829472,59088.0,2.7328703983373686
80,0.14537874337352968,0.5536024932577516,59885.0,2.7575203985361902
81,0.7438582179442863,0.43820781076989046,59498.0,2.849018829202281
82,0.8978707333115257,0.1115676344826998,60736.0,2.595750833949398
83,0.8925812234681206,0.11447661544034082,60557.0,2.731931650014154
84,0.283308223797675,0.6403588716587635,59367.0,2.8097463290357565
85,0.6561554604376427,0.38329206660827675,58806.0,3.0169836932431053
86,0.49668896303629906,0.33167036024225904,58948.0,2.828071047311748
87,0.24138380277694177,0.6041982601301268,59573.0,2.743330962976138
88,0.016647540957763534,0.9440174828575616,59410.0,2.7230427672828927
89,0.05550631030698895,0.8903838755420692,59841.0,2.700579644827382
90,0.35023222021469835,0.672946880269351,58337.0,2.943667681195212
91,0.06590809177147906,0.7983537802039561,59334.0,2.649676462810973
92,0.0430414058332019,0.9103349422002425,59922.0,2.640736117363133
93,0.3803082862618849,0.48269639658226315,58244.0,2.83222365063785
94,0.12488552559414516,0.770980527963537,59330.0,2.7225731909266493
95,0.9979933619556468,0.28329860348790104,61632.0,2.107453847023173
96,0.8310511932730196,0.17807427827350109,59392.0,2.9295208519927662
97,0.2952330546887774,0.7405364232163947,59303.0,2.873564446018751
98,0.9978824108800197,0.1847386241255341,61972.0,2.078384237907251
99,0.01302487450952258,0.9237826427905981,59953.0,2.7025958915616197
100,0.35257771650349873,0.6439522493747555,58895.0,2.7230427672828927
101,0.06821647550536583,0.8779607292053393,59562.0,2.7748504697937015
102,0.24675490869594155,0.7392037470518833,59274.0,2.7828896752714343
103,0.5993877012618363,0.4921019989427876,60142.0,2.644363635260831
104,0.12274058314665447,0.7447136569891333,59226.0,2.649676462810973
105,0.4414936164214877,0.6504711042906679,59932.0,2.5658302327141413
106,0.22243811840136948,0.7775354314432421,58757.0,2.857994169481948
107,0.06359461365216088,0.8591016593820985,59610.0,2.691361114797999
108,0.16578960048996133,0.7830621763122467,58865.0,2.7447604284025893
109,0.5970280815840827,0.3459881974701804,59255.0,2.775756211190547
110,0.09092217714583611,0.6503179731522561,59373.0,2.7225731909266493
111,0.11856454445021818,0.811227331645159,58398.0,2.702399671015998
112,0.04762167069777454,0.8703387636004688,59860.0,2.6516514049960307
113,0.0767011873277085,0.7999065988204448,59477.0,2.6847788154380066
114,0.20385311307799442,0.6687196728434365,59182.0,2.6027507019609013
115,0.02505940220934991,0.9056291948455357,59393.0,2.7546870501668295
116,0.208629670712757,0.7770934933358353,58432.0,2.896189344066258
117,0.24811467147180327,0.4035390478401071,59553.0,2.763510900553836
118,0.21325341396631523,0.45322822795288664,59832.0,2.7458088988203784
119,0.22714928233983525,0.6283139460193669,58579.0,2.7674382021781696
120,0.1698303329966085,0.7129699682520487,58770.0,2.7459792773904717
121,0.9773098736053766,0.05426307011068254,60789.0,2.324822133210347
122,0.1340616133873989,0.5741842563684671,59525.0,2.718040798921857
123,0.3780986116150252,0.36458739232893056,59263.0,2.873564446018751
124,0.28482428025676426,0.35267748968153423,59580.0,2.764545461401962
125,0.3173359264471085,0.47536914274356157,58672.0,2.8719333604398223
126,0.1640739867303888,0.7850856554783958,58886.0,2.663492031430838
127,0.007551915245371074,0.963403555202019,59614.0,2.7010087676640477
128,0.6872045369204931,0.26453400204519273,59610.0,2.815349832073455
129,0.05302381542716847,0.8977783468132242,60144.0,2.7439388325016694
130,0.02276204915150691,0.921233159270119,59947.0,2.736100637162064
131,0.693141738164963,0.2507400410846038,59279.0,2.9258263684350254
132,0.03175485075052883,0.9231599523599667,59892.0,2.754166315621962
133,0.06964000830324689,0.8004524151454843,58665.0,2.6807132200375356
134,0.06818523051411103,0.8344475443403574,58761.0,2.7134896953682297
135,0.01964254991189763,0.9231830066386317,59312.0,2.6627919626012293
136,0.5138142164572755,0.502578560804048,58546.0,2.9916726047139193
137,0.2756229181263448,0.7163389546477329,59799.0,2.705544412991234
138,0.2694298807973086,0.6140852794876913,59175.0,2.7097396441128545
139,0.05694364863166311,0.9089192494516597,59469.0,2.678816763704333
140,0.05702118981699877,0.8205856801508831,59712.0,2.7850823924046573
141,0.3959920433774978,0.45176041575252857,59169.0,2.7748504697937015
142,0.8417858021917833,0.36329162483263255,60636.0,2.607206493797939
143,0.4161036117929851,0.25546618086647443,59328.0,2.77228111018157
144,0.34533014139015744,0.573725590649685,58817.0,2.8697171704527644
145,0.291683470764761,0.5324521982910464,59214.0,2.727886990823116
146,0.1070285706622659,0.6501340641748683,59890.0,2.700579644827382
147,0.9380499708009242,0.050995852045169765,60309.0,2.7546870501668295
148,0.29463581746248285,0.2147616803830169,58669.0,2.897811992265428
149,0.041586756907103936,0.8965004333479085,58992.0,2.753046699970813
150,0.3820015981250325,0.39363387098112435,59471.0,2.7799755019715704
151,0.4383669094426255,0.6177801385274813,59567.0,2.6538864093793393
152,0.7939232521127073,0.08764822212392076,59683.0,2.733025844414998
153,0.08480492846482018,0.7700933679887981,59624.0,2.6774143689203243
154,0.1401257962694099,0.6823747666850242,58892.0,2.7576696712366537
155,0.38466351330794796,0.5903277741681874,58623.0,2.8849404382064243
156,0.02585553523919991,0.9299111724140728,60067.0,2.7614380614250607
157,0.08185010759677075,0.7992727182181636,59631.0,2.718841851220109
158,0.03501455297536722,0.893947643616906,60162.0,2.7247559606117457
159,0.05603539616797579,0.7903750744282163,59734.0,2.787778739439762
160,0.11028969038052112,0.7238497713838781,59499.0,2.8068383322179358
161,0.5289642830060142,0.22622110774954207,58016.0,2.8743190642245935
162,0.8403417028530543,0.13214864606967547,59819.0,2.9263811444622014
163,0.24628783172878949,0.6117564589984059,58823.0,2.748948606350943
164,0.09079703395430226,0.7661850715780165,59244.0,2.789663188409804
165,0.09875909447668364,0.718709887849106,59394.0,2.718841851220109
166,0.6856781886001108,0.43116234745542814,60298.0,2.4734893118548733
167,0.5867945265201292,0.2550840218917396,59210.0,2.840587123572476
168,0.8689496494912483,0.12965726483106854,60259.0,2.6282235875139506
169,0.20639195546885153,0.6635617812163184,59575.0,2.717239746623605
170,0.4966714892083606,0.39883743416574025,58748.0,2.8439189842702284
171,0.06636411228997978,0.8829081901006964,59625.0,2.6628547294074867
172,0.41355434867779695,0.45185064395075203,58120.0,2.7458088988203784
173,0.032712887301189354,0.876563351841607,59588.0,2.7394170471051744
174,0.22342600822247555,0.6268629279182425,58853.0,2.6914103818691295
175,0.012290346602655298,0.9398407111911138,60368.0,2.77228111018157
176,0.010814031504452686,0.9554450373152737,59565.0,2.6255001213006928
177,0.6445057177689681,0.16593110196115457,59376.0,2.7898693172003917
178,0.12628478059568693,0.7679850577759778,58781.0,2.714093191306741
179,0.21803807279072676,0.7397781318059098,58851.0,2.8439189842702284
180,0.43657335072686526,0.6719066257403703,58450.0,2.7447604284025893
181,0.11700136707360555,0.7884761662283462,58600.0,2.6881158183996625
182,0.17439211890154707,0.6021144342233808,58897.0,2.58547736699774
183,0.15452275286121692,0.6117975395924873,59277.0,2.718841851220109
184,0.5508063531573854,0.3745546005404442,59265.0,2.815349832073455
185,0.19226115259551163,0.7651910393626613,57130.0,2.77228111018157
186,0.07081115854597718,0.8508323396162354,59537.0,2.6936540019410913
187,0.184190804166953,0.6925346018302587,59292.0,2.7593652222962852
188,0.22547517106933393,0.4033889815733559,58001.0,2.748333515725175
189,0.9914045261011525,0.10499178393357533,61556.0,2.2126424652588454
190,0.548985363796292,0.45263788460803067,59701.0,2.700579644827382
191,0.4893079029974376,0.3502066717800817,59445.0,2.83222365063785
192,0.09952009085153443,0.7548317457855397,59272.0,2.684818268931231
193,0.39391123176853254,0.5550355128833135,58571.0,2.8493899534931035
194,0.17260952213487704,0.7344778148295306,59331.0,2.7447604284025893
195,0.07110841980179199,0.8493570415278868,59069.0,2.754166315621962
196,0.9874899419177348,0.023375748851381162,61247.0,2.3683446041359737
197,0.06961125466405806,0.851824921594273,59479.0,2.644363635260831
198,0.24225410078053458,0.645951706660576,59253.0,2.798276318714514
199,0.10607079183768116,0.7328616530644978,60061.0,2.7421325656768403
200,0.07142500192242175,0.8005819894335331,58985.0,2.6347775864316354
201,0.3229323966376472,0.45311477893987095,57134.0,2.7593652222962852
202,0.8171643539030213,0.08093199980386401,59092.0,2.975814504266701
203,0.8044497987704868,0.1202115917285862,60065.0,2.573522692256864
204,0.09907870917413852,0.7826852734770893,58794.0,2.765538520076227
205,0.9319381687309767,0.04440365767999932,60505.0,2.6154122615647033
206,0.9305944279261598,0.04029832996849669,60025.0,2.912960628699878
207,0.0966549586578595,0.8798794265549934,58287.0,2.691361114797999
208,0.46553978574561233,0.5213579235273763,59457.0,2.789663188409804
209,0.9999336613080919,0.12062481884796239,61265.0,2.0405499578702226
210,0.22342586217769925,0.5357124077396109,59209.0,2.6748182271201664
211,0.41655420288215583,0.5648676791910523,59143.0,2.857170007768083
212,0.1552360269577008,0.7589611228086224,59356.0,2.798276318714514
213,0.25931396909608345,0.7114686288080987,58488.0,2.8321075477049664
214,0.22859834720095779,0.4916721554693616,59181.0,2.7368757740503717
215,0.02766444583820797,0.9071636209533132,59742.0,2.787778739439762
216,0.08824113009722793,0.7650386228993532,59417.0,2.676659923330849
217,0.2512844874322757,0.6068188208644911,57457.0,2.6736162487045476
218,0.20669967181247417,0.5942189917262801,59604.0,2.7277055968905053
219,0.13183387214262643,0.7728108879437798,59830.0,2.6704405376031097
220,0.9995818738055094,0.030923533472675957,61883.0,1.7387658901986907
221,0.5799246403799873,0.414342946332692,59362.0,2.800295486351164
222,0.9276987895559806,0.22283593360778575,60810.0,2.4695101908336223
223,0.02179792167458858,0.9336415444325341,59640.0,2.6538864093793393
224,0.4037058105984643,0.6358175934952821,59601.0,2.794223793895986
225,0.9156842184452886,0.03721139734260315,60783.0,2.6732962938704414
226,0.9029570089624329,0.052668363534061235,60452.0,2.6834896873203036
227,0.49712975194372067,0.5551146757428309,58863.0,2.899414096861932
228,0.27916166896430894,0.5655343896931071,59480.0,2.663943508524458
229,0.011407162295273037,0.9632233413449638,59921.0,2.717239746623605
230,0.9473237625495095,0.04372144470453598,61042.0,2.57330779114909
231,0.903741930907986,0.24562916883833585,60810.0,2.5496098187520992
232,0.5392214028241641,0.5370984789390159,58748.0,2.9528533558233896
233,0.12179949638091164,0.6412206612658663,59746.0,2.7011200812603278
234,0.016959269237299283,0.9380526041821557,59539.0,2.7521433216179982
235,0.16968612666633545,0.6186229985309497,58417.0,2.6693988641977366
236,0.3651537524611659,0.40531390921902843,58768.0,2.7809983272826777
237,0.31024549551304487,0.2796056217550932,58811.0,2.7756828180746034
238,0.5230056819063846,0.6248254007110172,58435.0,2.775756211190547
239,0.16889157435641697,0.686235840589791,59584.0,2.7002718807055963
240,0.42008322885619354,0.5580620214228839,59132.0,2.9150985289984384
241,0.9905023903363306,0.12437385312752469,61165.0,2.2185322123753046
242,0.012008823819201996,0.9525565908653074,59507.0,2.7404246916657016
243,0.45409152473212017,0.16060709957137143,58006.0,2.7005228551040004
244,0.8869622537911656,0.47092672701474236,59055.0,2.9469404433779847
245,0.029553114066803474,0.8691405952911427,59693.0,2.59578345481577
246,0.186941609073408,0.7781717008616227,59405.0,2.810349151015089
247,0.36753301945676375,0.35807781019878115,58502.0,2.6818281368714416
248,0.4738063066721922,0.15264603036940483,58446.0,2.727886990823116
249,0.08934650005454772,0.8747021919502922,59346.0,2.6405976490840235
250,0.6348146417310732,0.26959098000273296,58843.0,3.0358599252653953
251,0.35969267436910823,0.2845512693438239,58965.0,2.7847824869798394
252,0.8639323928834374,0.16157539350484484,60447.0,2.498405144700346
253,0.015680002905775595,0.9395412848368333,59741.0,2.7368757740503717
254,0.5787516001460344,0.21670717167675146,57904.0,2.972240473569671
255,0.28366724481211797,0.4938765210594601,59364.0,2.7232527559736894
256,0.4383281044864809,0.4313692626869794,59497.0,2.6154122615647033
257,0.3325741524955053,0.4413660214110041,59389.0,2.796653670515342
258,0.23687177518636882,0.528714610432211,59406.0,2.763510900553836
259,0.1917164227617244,0.6754955676773302,58982.0,2.754166315621962
260,0.222645433256734,0.6506525820678881,58977.0,2.844259871826921
261,0.07695475542280791,0.7508012227969764,59551.0,2.7350001699466286
262,0.21214902336808342,0.5830123175545967,57088.0,2.618728305476532
263,0.2291272440628224,0.6633605410518251,58334.0,2.7368757740503717
264,0.21415990530181797,0.6083461473637101,59553.0,2.59462045995965
265,0.07979013743646762,0.8374814643670673,58711.0,2.6538864093793393
266,0.06084028648933675,0.7652983932632592,59459.0,2.7437119579848
267,0.3164535668631688,0.707823440182071,58238.0,2.851544016277712
268,0.2490820978424917,0.6207447169250941,59094.0,2.802813281299814
269,0.07276263461924241,0.7731214658457892,59669.0,2.7133603435189446
270,0.19038207177693547,0.6388356629292056,59550.0,2.7748504697937015
271,0.5494346490733455,0.443895639882419,58330.0,2.965909508648835
272,0.08903985756957421,0.7200962305471018,59285.0,2.788729258311605
273,0.1049439189347714,0.7851199961849541,58828.0,2.727886990823116
274,0.009583483992122275,0.9547170454402828,59751.0,2.6633467386284053
275,0.027029975784831097,0.9026549498990878,59308.0,2.661158105684274
276,0.6358845399894952,0.36309266270785756,58823.0,2.897811992265428
277,0.3133599089580919,0.5788293536040392,59426.0,2.815349832073455
278,0.021927764071570977,0.9151199994531989,60231.0,2.6736756489713898
279,0.7999705883002309,0.11284561150191297,60370.0,2.6347775864316354
280,0.056797715536682294,0.8883737611921825,59312.0,2.7230690104345507
281,0.05342616019495156,0.8568566637946101,59704.0,2.717239746623605
282,0.04677001488033044,0.8648731504176609,59928.0,2.7740186606860586
283,0.024682641050023456,0.9158911781843205,59715.0,2.718040798921857
284,0.038375996864057835,0.8528913710577869,59605.0,2.780486914627124
285,0.08379526079030997,0.835361462403051,58807.0,2.802889845659367
286,0.31769914839658686,0.6942472560143155,58738.0,2.7546870501668295
287,0.2964789025391405,0.5593485307822008,58565.0,2.6214157447353017
288,0.27666802313627603,0.36742907367484545,58321.0,2.6633467386284053
289,0.1121458078057445,0.7659061483533033,59586.0,2.789663188409804
290,0.02017421303364235,0.9412633373632011,59277.0,2.7605857765491955
291,0.04050233148887658,0.8827614438669129,59239.0,2.684818268931231
292,0.6515927724914389,0.1371979646952174,58613.0,2.9916726047139193
293,0.45730560085067473,0.5983313200683062,59278.0,2.6538864093793393
294,0.12125799671394098,0.7091149292387418,59534.0,2.7809983272826777
295,0.09076567728174796,0.8447054908915332,58773.0,2.7368757740503717
296,0.4586388779768146,0.46695821278404237,58768.0,2.76240553277873
297,0.15110055434559366,0.7401975483784171,59400.0,2.8068383322179358
298,0.05381280944471912,0.8764795723642176,59029.0,2.6807132200375356
299,0.17352218171446035,0.6882363590850781,57878.0,2.6693988641977366
300,0.4470925350097464,0.49223690918035345,59083.0,2.8422963360710565
301,0.48440827257061664,0.49830134317958996,59924.0,2.7952422586248815
302,0.036675288262535105,0.9259308324854403,59352.0,2.700579644827382
303,0.07742363647249048,0.8191364955511149,58238.0,2.611967703523547
304,0.08582077297428013,0.6414566788778207,58920.0,2.7081264920717008
305,0.36661298032054374,0.5293940607336238,59027.0,2.7437119579848
306,0.33375490732999336,0.535926781274916,59451.0,2.7675661395986175
307,0.981487295431753,0.03675153586689728,61337.0,2.2489060092456157
308,0.18332138243201784,0.47278563858006584,59462.0,2.8045829483425706
309,0.08027898366615463,0.8441140466763235,59483.0,2.727886990823116
310,0.21570422572055206,0.6266830234919196,58507.0,2.642393892416804
311,0.19074588649638813,0.8195353919836976,59284.0,2.690272699023339
312,0.09841729815497252,0.8131154348692892,58809.0,2.7440279128012346
313,0.05625999585215653,0.8963172005634478,59726.0,2.7013719151019266
314,0.2220733415045672,0.7819719721873669,59212.0,2.7809983272826777
315,0.2589818546839528,0.7167656585536293,58092.0,2.8439189842702284
316,0.3763218308667989,0.47477856741249613,59189.0,2.8439189842702284
317,0.22191624027963555,0.6533222068244702,59159.0,2.815349832073455
318,0.26774115645831004,0.4068916494810604,58480.0,2.5867137861914475
319,0.2385035678352256,0.7471829840084685,59067.0,2.766673106428108
320,0.5161042930489121,0.12257908604079482,58104.0,2.772697768408647
321,0.12798475897332826,0.7613197007775301,59506.0,2.7606174380899056
322,0.41476394306016573,0.6019992702283179,60002.0,2.763510900553836
323,0.0210865805236731,0.9262273504104291,59494.0,2.6889478758142378
324,0.19161239592666687,0.699245900012967,58465.0,2.7545798514947055
325,0.23080923316037366,0.7236334566392807,58417.0,2.857994169481948
326,0.020963198460323806,0.9261652714003921,60107.0,2.727886990823116
327,0.1368680699444859,0.7529150762108069,58795.0,2.718841851220109
328,0.3995391617220559,0.4464283130046488,58234.0,2.815349832073455
329,0.05292716814874767,0.832951563968971,59655.0,2.700579644827382
330,0.09376358994966928,0.8528649046686166,59146.0,2.840587123572476
331,0.33179922173082355,0.5281137956902439,58458.0,2.785036088180566
332,0.5153374119286641,0.27077999596434377,57353.0,2.8202471650669416
333,0.04073452550142391,0.8855831197777819,59468.0,2.6820833012099925
334,0.022730460525484397,0.9312265640996461,59253.0,2.730760155808156
335,0.5239867162138747,0.523509214284173,59728.0,2.5758838973780662
336,0.20236926378750958,0.5856806261424284,59762.0,2.774770521912849
337,0.4869277940966588,0.4563949064576035,58933.0,2.857994169481948
338,0.6912075555113832,0.38559886843084756,59500.0,2.786280613209801
339,0.13414198096869903,0.7975325170032002,59271.0,2.718841851220109
340,0.013648176432948605,0.9580409701155224,60005.0,2.6890722998402854
341,0.7786837288430624,0.2601961767147428,59667.0,2.934406960398878
342,0.9842866215674098,0.07992018295696135,61463.0,2.078384237907251
343,0.1286457232672962,0.7593495486484163,59451.0,2.690816906910669
344,0.20146481707887476,0.7594882534623701,59356.0,2.815349832073455
345,0.2369102193260073,0.7181568717534244,57320.0,2.6240448255035496
346,0.11726124086669258,0.633948214037803,59271.0,2.629952501414774
347,0.44996807933688315,0.5380991887092563,59438.0,2.8439189842702284
348,0.23455414767723043,0.3771386481206158,58963.0,2.763510900553836
349,0.08171323786878851,0.7371441469154214,59728.0,2.7909031366934975
350,0.07124036696172666,0.8453923258912613,59106.0,2.7228993674901787
351,0.8877934977034072,0.14205048855351232,60145.0,2.5352419128807195
352,0.9596929131952718,0.09789357391617515,61153.0,2.4230367742774757
353,0.16226948324727675,0.7688264035667342,59591.0,2.8439189842702284
354,0.9018299470604009,0.04047212597510397,59840.0,2.7305341406578716
355,0.016531461133228256,0.93909562057038,59460.0,2.6562491167344575
356,0.17542779113710438,0.614196827372048,58650.0,2.669305269559903
357,0.5719768063369893,0.4501899307091498,58987.0,3.0169836932431053
358,0.9977224660773851,0.12664289326054934,61697.0,2.064170378687546
359,0.14721119295412646,0.7590551440349904,58944.0,2.748333515725175
360,0.5109385690397085,0.5876255979927142,59798.0,2.650132641044868
361,0.37101205516296765,0.7355325031929187,58365.0,2.789663188409804
362,0.02637654568314536,0.9141414043091616,59871.0,2.700849863043855
363,0.7280295156836497,0.2884910408201452,59795.0,2.7618239567920426
364,0.7270148223506616,0.2546168173358624,59807.0,2.757107340196484
365,0.5290040673212468,0.5339456284866013,59899.0,2.763510900553836
366,0.901348901339941,0.18174935146376547,60680.0,2.8094646045885607
367,0.19354583117462687,0.807256517476595,58598.0,2.6347775864316354
368,0.008455709047947247,0.963197140738064,59834.0,2.672745436630656
369,0.5181091957376883,0.5795360752299972,58843.0,2.9263811444622014
370,0.05953079747999223,0.9009508709152899,59644.0,2.7166849705964324
371,0.5851564625367615,0.22963006391630147,58280.0,2.858235062909861
372,0.44586386889776924,0.4700037522723023,56902.0,2.7338179649292638
373,0.23363251923020967,0.6134175500284283,58664.0,2.718841851220109
374,0.28476400671850643,0.398679333242418,59357.0,2.7675661395986175
375,0.6202552232119581,0.30044204772469507,59730.0,2.6633467386284053
376,0.02149646807460761,0.9139378719199507,59770.0,2.7097396441128545
377,0.8488944715411436,0.5931272444389886,60102.0,2.674857129369858
378,0.06478765342959482,0.8149041683019912,59834.0,2.690272699023339
379,0.07335385823710193,0.8152347604934036,59063.0,2.605914755854023
380,0.5623604966336808,0.2698570450304545,59563.0,2.8951733991306394
381,0.03050713009068169,0.9072512213748863,59372.0,2.7533354804621704
382,0.8063345667444687,0.143679053506774,59190.0,3.042220939180769
383,0.32651628390235116,0.4546085831892357,57999.0,2.6383300323172474
384,0.892510357388148,0.06766976196466934,60495.0,2.690816906910669
385,0.13726854190278492,0.710205787830241,59415.0,2.782256829101753
386,0.06243148728125682,0.8318982563728854,59805.0,2.7458088988203784
387,0.024781324364442987,0.9087309178336066,59864.0,2.652768907187685
388,0.05088300518775959,0.8656013867619863,59560.0,2.7097396441128545
389,0.12587094983579283,0.7163755766515396,58989.0,2.6633467386284053
390,0.2825168157458811,0.4232437665446829,58893.0,2.7350285322714996
391,0.7156311131282854,0.12986215409671886,59794.0,2.8297051250505234
392,0.8402782850566719,0.08539687681062391,59057.0,2.9235459211410877
393,0.774172259658987,0.3214104827270491,60002.0,2.5658302327141413
394,0.43521113096241437,0.6998766437611237,57526.0,2.8464957895428142
395,0.9323965259658978,0.035222232382802754,60642.0,2.676096331860867
396,0.13784804757506522,0.7681304026930835,58272.0,2.717239746623605
397,0.47874859935542535,0.45697990974700375,59339.0,2.815349832073455
398,0.3099225647400815,0.29257921660657793,57882.0,2.77228111018157
399,0.9999942612993791,0.07428646138942341,61768.0,2.0246365227144807
400,0.014153517131486097,0.9229008516646066,59755.0,2.7809983272826777
401,0.30029289623517785,0.36946194935654686,59611.0,2.711916417709798
402,0.9403374357683262,0.13517185769417805,60682.0,2.4542053407898123
403,0.03715070696367352,0.8908635675632592,59562.0,2.59462045995965
404,0.153259371046831,0.7434660715606289,59139.0,2.7570261362315573
405,0.1747712425499016,0.6024379409571885,59437.0,2.754319484222272
406,0.12805590855198434,0.7849182408306672,58582.0,2.652308968870594
407,0.06661285231659274,0.7462461915865211,59498.0,2.698256643256034
408,0.063659620759344,0.8588977471358408,59723.0,2.633448368991827
409,0.6807987982611085,0.2164830699692798,59586.0,2.8312361795453214
410,0.06567520189852712,0.8402547869453156,59761.0,2.6709280993117304
411,0.15165682171670702,0.7838263805176149,58524.0,2.8292243014197123
412,0.027612556988282494,0.9070626397484256,59864.0,2.7097396441128545
413,0.16197692978777967,0.35326646833983466,59262.0,2.6633467386284053
414,0.010134244616082947,0.952862847808134,59794.0,2.6858008769069013
415,0.12812565781896199,0.6869995503378947,59096.0,2.706513340030547
416,0.05331315590158737,0.8221558146054286,59410.0,2.7368885413196153
417,0.7953790608061464,0.24980424946261204,60265.0,2.7243766055107965
418,0.39416267791894133,0.2999939755462159,59413.0,2.718841851220109
419,0.05353183647689416,0.87079771288597,59608.0,2.727886990823116
420,0.33821598247538287,0.5727732022489171,59723.0,2.751406349774797
421,0.9876987859478156,0.046913517727399046,61569.0,2.2140266120438916
422,0.24253995336206113,0.6211593904781159,58152.0,2.6946927615964835
423,0.0339054373990793,0.8936796491129932,59530.0,2.6251274163979126
424,0.7471239337775597,0.25968647315506055,58863.0,3.0418583618821344
425,0.018661988102213166,0.925661027333967,59532.0,2.714093191306741
426,0.07779535479160067,0.8560698003464294,59234.0,2.6367141247072494
427,0.6279136480535835,0.120770472833166,59544.0,2.843294050642898
428,0.01952802503468628,0.9449088520303138,59555.0,2.672550929063558
429,0.10177967844840517,0.7410709661360086,59650.0,2.6820833012099925
430,0.04924747551080385,0.8827682602245873,58783.0,2.700579644827382
431,0.28229493077636536,0.5169866596727102,57133.0,2.7097396441128545
432,0.08223721216260553,0.8318370138429898,59317.0,2.700579644827382
433,0.11315921250835366,0.8017091657988081,58599.0,2.836160072523496
434,0.3958789531754417,0.4897428458493328,59144.0,2.885739159964853
435,0.2161725483637371,0.6300880027870446,59419.0,2.6821638132386987
436,0.9883331615016313,0.05367671177574873,61429.0,2.247754463322387
437,0.41049258007916434,0.617685931674196,58624.0,2.8464106880273548
438,0.40832770681514596,0.5030272624800591,57596.0,2.785134018045401
439,0.4460453510094705,0.39627927390456164,59943.0,2.7097396441128545
440,0.16823168392109814,0.5696006440718673,59289.0,2.7012789858805206
441,0.9584812827769044,0.3564718859633089,60574.0,2.4419170283252587
442,0.2807320283075669,0.4519111892918868,58373.0,2.698256643256034
443,0.08096383057647902,0.7971012617607705,58852.0,2.840096494409142
444,0.13749364844824805,0.5424904267422314,60440.0,2.7259757458925726
445,0.4356905615994659,0.5245736232061924,58846.0,2.9072106902676786
446,0.026622785766823174,0.8760403196623733,59673.0,2.700579644827382
447,0.06826616509277791,0.8625841663239623,59344.0,2.8134385871429117
448,0.08057955240660873,0.8066301596730653,59677.0,2.6710886486264442
449,0.2261085414914541,0.6259790712058189,58877.0,2.736955123198645
450,0.3210189265696916,0.6651933046069611,59174.0,2.8376387492020836
451,0.9009119353693104,0.10429007827316272,59992.0,2.83222365063785
452,0.2713557732621172,0.6536283097346389,58737.0,2.7223784552333843
453,0.9078882709696223,0.5737721551232291,58554.0,2.59578345481577
454,0.04230735901500943,0.9067203612332008,59597.0,2.7018116941149017
455,0.0677486339508556,0.7895978072715082,59418.0,2.7153285016930635
456,0.37178254444827663,0.446095310673712,59311.0,2.6056312407721194
457,0.6477096996162209,0.34312542393893153,59896.0,2.59578345481577
458,0.6193585254673354,0.3091655040225798,58964.0,2.9528533558233896
459,0.4309546301851168,0.5238370199281557,59537.0,2.815349832073455
460,0.23002702592948543,0.5880464462751245,59733.0,2.718841851220109
461,0.856051361439284,0.29863154528385183,60286.0,2.4827744929865823
462,0.08217361395797004,0.8611255004439557,59767.0,2.7368757740503717
463,0.05116518087727156,0.8885429575959148,59174.0,2.796730340284288
464,0.10702558103978675,0.804164800332533,59841.0,2.769707166517744
465,0.09282750306979677,0.788065390303212,59118.0,2.699941706761855
466,0.9997492325282575,0.49148982195389934,60996.0,2.2395929509301986
467,0.04144845250396647,0.8847784343494348,59551.0,2.6834507850706117
468,0.10263793205338947,0.8275081562671796,59541.0,2.7301224972347313
469,0.22831330216113538,0.7178603540309145,58809.0,2.691361114797999
470,0.3503069865492847,0.6133192735923099,58686.0,2.83222365063785
471,0.15692013799994273,0.8236153892441354,58395.0,2.859166124661222
472,0.5542664288152804,0.41970325765646865,59251.0,2.7211770974296225
473,0.4400640098790872,0.5317853929135737,59545.0,2.797503329499401
474,0.1764611266562412,0.7432533447442722,58774.0,2.748333515725175
475,0.8635431577820427,0.3659913091853163,60012.0,2.611967703523547
476,0.37032489730883034,0.6413257741179936,57401.0,2.691361114797999
477,0.2646828585708314,0.5856762838362444,58803.0,2.8149870442082374
478,0.5044379356392182,0.32169548285822347,58711.0,2.815349832073455
479,0.05860434955535422,0.8827704689851942,59176.0,2.7011200812603278
480,0.059555865636297285,0.8069756496908099,59629.0,2.6347775864316354
481,0.9310633691119267,0.13406101052359642,60961.0,2.492173190988833
482,0.07888326810272037,0.8173213832591999,59509.0,2.718841851220109
483,0.8530938602200464,0.05667321373210288,59746.0,2.77228111018157
484,0.0704817588485115,0.7777094057467153,59949.0,2.682539552000665
485,0.08880034413647447,0.8268683486288844,59609.0,2.6820833012099925
486,0.2033002391002123,0.768836103516636,59099.0,2.7458088988203784
487,0.7238176015174637,0.395139559902534,59368.0,2.5455102483345478
488,0.6721459889012671,0.23859650130090337,59824.0,2.6507694854307102
489,0.34213984479752896,0.5193330566534994,58930.0,2.810349151015089
490,0.5900338855667187,0.16950426529234408,57184.0,2.866445277823093
491,0.03155855798033889,0.886489376628698,59563.0,2.7421681429194606
492,0.19462523093437636,0.6640871078671786,58881.0,2.6658384423855335
493,0.015175014432875016,0.9420400636503461,59362.0,2.69030317133641
494,0.461611774033646,0.5481794256161792,60093.0,2.5230671989346156
495,0.3106725733932345,0.5818881858765512,58415.0,2.891697690896354
496,0.9574484884825266,0.14639869768768088,60758.0,2.334321021847096
497,0.40088433720202793,0.5718337215939306,59328.0,2.8719333604398223
498,0.08181914610419933,0.8962367847508349,58939.0,2.682155947611209
499,0.13960319651466374,0.6946010982373565,58839.0,2.789917228743631
500,0.02918518432100738,0.9384689728266675,59587.0,2.8014814258216525
501,0.2757713339825224,0.6775842850289387,58804.0,2.776466198921849
502,0.07589743419688436,0.769661327972488,60145.0,2.6488500518813414
503,0.96041167685717,0.07051275097967635,60960.0,2.348473401274994
504,0.925939224909617,0.2588699688893663,60283.0,2.7672403700151857
505,0.04025552440783203,0.8361710963308543,59655.0,2.727886990823116
506,0.015856545267690925,0.930938185032097,59987.0,2.727886990823116
507,0.14703964188721225,0.7285526172779342,58504.0,2.691361114797999
508,0.8019035682321237,0.11665131364834513,59140.0,3.0169836932431053
509,0.03617944906532503,0.8554671187798921,59718.0,2.7458088988203784
510,0.8279883851792146,0.16919626491297002,58783.0,3.0783842379072475
511,0.10714991668961646,0.8265160111232202,58963.0,2.672745436630656
512,0.0390292723300981,0.8492807368056712,60049.0,2.7748504697937015
513,0.8804300403555221,0.13847661439023784,60586.0,2.5144833527139205
514,0.18546789700857086,0.731911324922135,59269.0,2.6627919626012293
515,0.4205258991639684,0.6699207710983281,59733.0,2.5796433691921337
516,0.14469319201193148,0.7734129471019515,58423.0,2.7458088988203784
517,0.12452845470700896,0.7682445618626497,59625.0,2.728245325700156
518,0.9636676592356479,0.05556948025711794,61068.0,2.331829060333927
519,0.2880159084341176,0.7562013648018149,59232.0,2.776639718732124
520,0.6584583803787228,0.24724613498533177,59396.0,2.835181003995025
521,0.6000921783082667,0.18357745306020246,59604.0,2.8220723252046813
522,0.10026290894717292,0.7212365441488431,59316.0,2.59462045995965
523,0.15488028765528952,0.7003747987162292,59823.0,2.754166315621962
524,0.3436504202820731,0.5637208032737917,59864.0,2.8286131933865946
525,0.5135270838362392,0.5042302335735515,58743.0,2.875347670108627
526,0.29918640946486297,0.7138588541800792,58149.0,2.848902391784481
527,0.2552807707817185,0.4810857301678825,59334.0,2.740676492877771
528,0.3644493785051659,0.5693939308792011,57459.0,2.815349832073455
529,0.4120910057920757,0.5231692630335862,58372.0,2.873564446018751
530,0.139969708767043,0.719792722439089,59110.0,2.7753033404921243
531,0.011391569867687815,0.9481790517874737,59567.0,2.746840750910983
532,0.4157881035310044,0.6573853150663109,57168.0,2.7004783436467026
533,0.06699719921341658,0.7925002111564141,59591.0,2.7011200812603278
534,0.13386369694293146,0.6126899540619277,59523.0,2.7725079846984393
535,0.8001166760308572,0.3147242019734615,60888.0,2.447779071630382
536,0.03131896722941642,0.8843645760109584,60114.0,2.7458088988203784
537,0.3950409912034912,0.34976325371499295,57738.0,2.787778739439762
538,0.05893783850655574,0.8542467399669884,59752.0,2.8007639239178275
539,0.7547023604452603,0.2812369224675044,60324.0,2.6372692901887618
540,0.10402194685298292,0.8171693757966327,59034.0,2.6558325647013508
541,0.04755307260726875,0.8932669539570027,59505.0,2.763510900553836
542,0.2058803090723264,0.5671391329783196,58462.0,2.6884316772551244
543,0.3799929669990265,0.3773531577096422,59011.0,2.8464106880273548
544,0.06554968929961796,0.8397436247254276,59468.0,2.798276318714514
545,0.2716084307250822,0.7002458958503512,59220.0,2.7786710091455715
546,0.10002200379326392,0.8455275064359553,59161.0,2.690816906910669
547,0.34492946325099777,0.6828829280456838,59290.0,2.9530645319796225
548,0.6526086427735065,0.3270738023064417,58432.0,2.8861166586330533
549,0.11676479171776981,0.6646545646101636,59764.0,2.6538864093793393
550,0.8546226311655412,0.023537936169583107,58696.0,3.0327415723515365
551,0.011448252422622965,0.9497971439364817,60272.0,2.7500249159026993
552,0.7334480002462487,0.21751754587673533,60453.0,2.7097396441128545
553,0.37194663004986217,0.5275368964564502,58723.0,2.8297051250505234
554,0.26538124469100394,0.6978339171331754,59314.0,2.77228111018157
555,0.08939569996241581,0.7980902429334156,59294.0,2.789663188409804
556,0.955230489283419,0.2020284292882396,60313.0,2.8664112492854947
557,0.052674476322305944,0.8761959295497999,59493.0,2.8297051250505234
558,0.13217430251613588,0.6042461969305282,58477.0,2.718040798921857
559,0.3829547121076454,0.6084628978791704,59222.0,2.715666468965173
560,0.09148306640457528,0.6635940686007418,59757.0,2.673847151110227
561,0.07941573876616922,0.8149370153310487,59362.0,2.8053310762484642
562,0.33933780394720714,0.600180679005957,59202.0,2.815349832073455
563,0.30477133352720637,0.6958550423313725,58041.0,2.727886990823116
564,0.3402518896110765,0.5987322301333837,58008.0,2.8140368503207807
565,0.668596911838533,0.30528134027239606,58527.0,3.004383656463471
566,0.6106144810766647,0.13741575553335794,59442.0,2.8727489032292866
567,1.0,0.9340391862919933,60807.0,2.319904249078224
568,0.8054218040744551,0.09959295038930538,59860.0,2.905804783018958
569,0.5934474846222797,0.30842631534965204,59268.0,2.815349832073455
570,0.04323719174210946,0.8468515564280217,59547.0,2.699324468628234
571,0.7947515665385542,0.3485468892499697,59975.0,2.7546870501668295
572,0.20982402489317747,0.706420694038117,58684.0,2.690272699023339
573,0.6839607020310542,0.7526687842071995,59678.0,2.7458088988203784
574,0.6344404320598971,0.6374520325846316,59314.0,2.718841851220109
575,0.038337827632233513,0.8619835896306169,59655.0,2.769923624890094
576,0.016521959631900843,0.9503096367411736,60020.0,2.760852577344819
577,0.2826502577170554,0.47601316956721784,59235.0,2.745766034460381
578,0.12562854987064428,0.6539305982895519,59678.0,2.6516514049960307
579,0.5465180060279895,0.5254320353049113,60232.0,2.768413285791766
580,0.05257752836346339,0.784016037971552,59564.0,2.6358046246694258
581,0.13208635778820754,0.6152730236060708,60036.0,2.7458088988203784
582,0.3246813945149036,0.6714443899434833,58867.0,2.968201320156826
583,0.11283030249043198,0.8134075566662646,59152.0,2.6158843255878246
584,0.2189940303510426,0.5212097024304087,59100.0,2.6251274163979126
585,0.4608759059511846,0.6505896451051822,59013.0,2.691361114797999
586,0.9435847671415267,0.6683144465883731,60131.0,2.7746905740319967
587,0.7720022748277988,0.18071466779411738,60029.0,2.8238114108216514
588,0.04695349007368449,0.8934131887428891,59447.0,2.6732962938704414
589,0.03458890977033282,0.9054846401607695,59521.0,2.8053310762484642
590,0.13451539168904023,0.7156370605878408,58703.0,2.7272627177244857
591,0.4658312395738527,0.5101733819893907,58167.0,2.9396779670756565
592,0.15264386963263218,0.5837095299000751,58799.0,2.763510900553836
593,0.030313972987747177,0.9159613424506184,59739.0,2.782983218661549
594,0.07444986414700139,0.8211362711467016,58869.0,2.6404241495727767
595,0.5720877574126164,0.43931579438210777,59544.0,2.9263811444622014
596,0.15487552831375662,0.6939531549806792,57817.0,2.6862554431826986
597,0.01840393557339503,0.9328210178035481,59980.0,2.673847151110227
598,0.024474819333376557,0.9084174361246282,59829.0,2.7046121382958574
599,0.04683854424388268,0.8700105477676339,59634.0,2.6651107047269473
600,0.25358991590716007,0.5923117332093514,58766.0,2.725699667231126
601,0.09908961957801359,0.8378543371279932,59372.0,2.6627919626012293
602,0.9998381308426663,0.0949376354156497,61695.0,2.224502103867403
603,0.25064693325685855,0.5720778925918549,59371.0,2.85609949430852
604,0.3946172551714176,0.6213515668293068,59778.0,2.6552841031852576
605,0.46619793223448497,0.5595875818491312,58614.0,2.8439189842702284
606,0.04972726696436147,0.9005446188883995,59649.0,2.6629465893159514
607,0.9323068716550001,0.11602495423406034,61063.0,2.4827744929865823
608,0.08770396022833053,0.6556045839256444,59832.0,2.6957065850739674
609,0.047433771206786116,0.7962051003105933,59691.0,2.7544726528225816
610,0.07032171095544666,0.861680958280912,58685.0,2.7046121382958574
611,0.031161384915809956,0.8984517943747569,59433.0,2.59578345481577
612,0.3269093075770599,0.5318214970953853,58592.0,2.828743477788901
613,0.8029035024518384,0.12544286873611832,59864.0,2.8267582679360874
614,0.12611052340497692,0.783128396100849,59147.0,2.616518298852645
615,0.030033000019922224,0.9150771129967316,59604.0,2.691361114797999
616,0.08365742888497811,0.7731619152918385,59265.0,2.7225731909266493
617,0.8413065863264616,0.1883673129978557,59097.0,2.994824379452389
618,0.025900207759003303,0.8922184877040418,60342.0,2.7331812904926274
619,0.17808186285644664,0.6583102237876524,59007.0,2.720310831927314
620,0.24728744808634395,0.7081579785680319,58539.0,2.7706932816493195
621,0.7474692437647708,0.33557237310895294,60207.0,2.5858679859506886
622,0.02885536367095126,0.9105477784129075,59618.0,2.6562491167344575
623,0.07190077284919708,0.8798073217529063,59247.0,2.6710253530952794
624,0.11487368368232351,0.8283742168392288,59661.0,2.7492042221499773
625,0.3442491179561305,0.3759214189449983,59317.0,2.8297051250505234
626,0.16321981378827116,0.7591089097105332,59400.0,2.693264044229064
627,0.5286377956132049,0.34535202468754955,59092.0,2.8297051250505234
628,0.1559734671692245,0.7188438147857783,58939.0,2.636276886880042
629,0.10901104259157933,0.8316127440905788,59620.0,2.685461037950944
630,0.8882637618830299,0.07124884585231295,60587.0,2.59578345481577
631,0.7432816159857932,0.296791684868319,59978.0,2.77228111018157
632,0.013389436634595034,0.9362703165477952,60330.0,2.698256643256034
633,0.7989898203096859,0.6916100307684262,59044.0,2.8206925025150555
634,0.06112192095408956,0.8763983325984476,59125.0,2.7799755019715704
635,0.02937461298671215,0.9270118606335884,59549.0,2.719610652687141
636,0.18739821377101384,0.7698223388741503,58448.0,2.7713099637909195
637,0.037376552323887244,0.8843990779129368,59861.0,2.718841851220109
638,0.3105121818654019,0.5791176725136145,59043.0,2.8575264928360955
639,0.19856854298437535,0.7509935473384489,59349.0,2.672745436630656
640,0.06620168472614847,0.87201371150158,59263.0,2.7843146586985803
641,0.10116946041876003,0.7770925785208586,58597.0,2.7006254990326006
642,0.524965310714514,0.2190173945516516,57749.0,2.9263811444622014
643,0.0225902403585169,0.916517291752647,60104.0,2.730378694580242
644,0.47913822963680286,0.38933844495861814,59332.0,2.8748894032097994
645,0.02778885880586042,0.9293815003012688,59622.0,2.745531510806792
646,0.06551719004146099,0.884225531977695,59351.0,2.681432492278553
647,0.07320551969874708,0.8357084067664484,59107.0,2.7421325656768403
648,0.4491990333175986,0.31723079365180007,59904.0,2.727886990823116
649,0.8148594322894193,0.12124746630783545,59917.0,2.8535237614849045
650,0.48766797479545504,0.20865460583566642,58853.0,2.849877515201726
651,0.3519565107521558,0.5581684100518981,57594.0,2.861209996626414
652,0.15658634836831947,0.7441668611194164,58415.0,2.7097396441128545
653,0.14818243367073658,0.7568124300340184,58980.0,2.758610834364138
654,0.11873894768570446,0.7797547670816345,59715.0,2.8595926700349352
655,0.6020094197677979,0.4491521751221399,59094.0,2.9567987036047816
656,0.008581831598569095,0.9631587324904148,59767.0,2.738456232533302
657,0.1482257316514691,0.5896612348785685,59359.0,2.7546870501668295
658,0.2577227854859018,0.734459722259398,58148.0,2.840096494409142
659,0.17198223404814547,0.657714247043121,59020.0,2.810349151015089
660,0.8430080509244733,0.12802392305207821,60328.0,2.6056312407721194
661,0.06250828965184188,0.8411000522916833,60066.0,2.6683301461426616
662,0.20332359767354796,0.6738634645024362,59108.0,2.7447604284025893
663,0.5825914609492119,0.3883684985777921,59502.0,2.815349832073455
664,0.2658768519347458,0.2858623541289482,58440.0,2.6538864093793393
665,0.5166234736377194,0.3593518257855881,57805.0,2.8297051250505234
666,0.539996428088407,0.5620961109884776,59434.0,2.899414096861932
667,0.6049103758860075,0.2886648955687744,58896.0,2.857994169481948
668,0.6865707799092593,0.16985175120855156,60354.0,2.7011200812603278
669,0.973072427375949,0.07278689703377506,61167.0,2.51263611093505
670,0.8225453565033314,0.18616861733221346,59480.0,2.8719333604398223
671,0.2130857889266222,0.5751873717031133,59577.0,2.815349832073455
672,0.35002092778689753,0.511179585240079,58736.0,2.8006877766700704
673,0.9887748954046641,0.20053075386180397,60791.0,2.291475840751705
674,0.34392002752995576,0.34113942171781264,58294.0,2.7263878458069915
675,0.9959600664441878,0.0949954242373997,61384.0,2.1768850727659412
676,0.041295500668855005,0.8429350550142003,59943.0,2.754166315621962
677,0.10178142239485134,0.6698192169697713,59626.0,2.721030440872397
678,0.03257926492176205,0.8990423243134048,59339.0,2.684818268931231
679,0.6391485720124069,0.10743779744425419,58463.0,2.8796983728595027
680,0.06104425090571601,0.8194772353190327,59815.0,2.6409638137450067
681,0.9874635335858356,0.41864226851578434,60090.0,2.3687212623367877
682,0.23369721706610186,0.4989750435861151,58280.0,2.645371253985614
683,0.35202586483915055,0.5189720907630144,58030.0,2.8664112492854947
684,0.34453842406707264,0.5762553061475024,58919.0,2.815349832073455
685,0.7229122184040868,0.37790061395216246,60383.0,2.595610457951995
686,0.06450134553200104,0.7836921146930326,59939.0,2.750177478062872
687,0.3092937045242876,0.5713942586375388,58924.0,2.7924280082037134
688,0.15485253914779626,0.7394967242563388,59544.0,2.718040798921857
689,0.6302766783064067,0.3992088768973797,60195.0,2.718841851220109
690,0.14103289755662538,0.8038586883168662,59065.0,2.679343138865079
691,0.06094769812685633,0.763782375103673,59880.0,2.6980692924290857
692,0.18381320969331483,0.4124337902394325,59294.0,2.737666003291837
693,0.17284870911494743,0.7592986699061626,59272.0,2.7331812904926274
694,0.1340701613022459,0.7659011448573776,59277.0,2.7809983272826777
695,0.44143062816856493,0.3023134440084243,56974.0,2.77228111018157
696,0.1657580032730696,0.8370927633848874,58687.0,2.763510900553836
697,0.23809274387954907,0.7804641496223773,58928.0,2.791542130452079
698,0.20389040604116107,0.5906920947146242,59225.0,2.8302487084527925
699,0.12283875100892241,0.7767152096262392,58231.0,2.6738728776200293
700,0.21951166458339522,0.5664698513745643,59158.0,2.7559978136594445
701,0.08798668573347085,0.7772167853269468,58984.0,2.5658302327141413
702,0.004988786467305467,0.9738251958094818,59932.0,2.7331812904926274
703,0.25586061149789735,0.6826375523973329,57868.0,2.5858679859506886
704,0.08675052838355743,0.7721095391831296,60275.0,2.7437119579848
705,0.09403279342669987,0.801049240475571,59694.0,2.7368757740503717
706,0.647345558443739,0.10258540865160126,56948.0,3.0834840828393038
707,0.03028741861107174,0.8892523053023894,59449.0,2.774770521912849
708,0.06571368899251157,0.8485224808407403,59658.0,2.69622633564628
709,0.3252096126981019,0.6581810937229107,58826.0,2.8841417164479957
710,0.10990697574884395,0.8368238910815322,59277.0,2.6633467386284053
711,0.4807327465042314,0.43766391771684243,59541.0,2.798276318714514
712,0.22041903218755565,0.635011697139005,58692.0,2.748948606350943
713,0.05259452969359626,0.8541605749863524,59314.0,2.7178719205133532
714,0.3836688109275719,0.6864673415898186,57247.0,2.6472274036821712
715,0.03608030184396908,0.9053129721789857,59258.0,2.644363635260831
716,0.8718083299421593,0.21038998675425014,60891.0,2.3953116517362467
717,0.15854949084194875,0.7933280302445965,58331.0,2.83222365063785
718,0.19771215359800592,0.6666824842803762,58236.0,2.7025958915616197
719,0.014808545134841724,0.92481636448267,59712.0,2.7148908047439892
720,0.47919090884669413,0.5866070467348614,59109.0,2.899414096861932
721,0.14645500746602375,0.568130243102212,59104.0,2.815349832073455
722,0.2416633496604807,0.4256933512446771,58406.0,2.646048698766652
723,0.41454157700197514,0.5787359228694733,59221.0,2.965909508648835
724,0.8689515996185551,0.223016231687992,60157.0,2.6154122615647033
725,0.1160658042367538,0.7802399956059515,59027.0,2.6347775864316354
726,0.03257240081727688,0.9028131961269994,59166.0,2.684818268931231
727,0.6166587846873632,0.2196809735193873,59485.0,2.844995293821981
728,0.7264043723675483,0.499942518422136,57011.0,3.00381580291382
729,0.1357536538019059,0.7261354675052298,59319.0,2.7499705864800177
730,0.855807784525056,0.1521193665907037,59816.0,2.8252196390160815
731,0.1601571689209809,0.6969785767028129,58793.0,2.7546870501668295
732,0.0889607872095222,0.8572426151022815,59143.0,2.754166315621962
733,0.3096843399373607,0.6049991482063253,57103.0,2.7515102829460023
734,0.013016335185544776,0.9427680198593311,59726.0,2.6538864093793393
735,0.5066029034027978,0.32175089200642104,59250.0,2.765018453249734
736,0.11188787554909507,0.7314810146341905,60257.0,2.688127509239676
737,0.08933753977797947,0.8677742076088029,59492.0,2.718658859266406
738,0.7041670535063473,0.11022802285347832,59837.0,2.848902391784481
739,0.6877191471668899,0.3528255523004672,60062.0,2.7514063497748005
740,0.21457911394582685,0.6889652797264049,58699.0,2.649676462810973
741,0.45132446590115205,0.19104148715584157,57937.0,2.8719333604398223
742,0.03285236865340625,0.9202229083740006,59895.0,2.684818268931231
743,0.2041976584778473,0.6944814459958062,58964.0,2.80338309038926
744,0.9753533632827642,0.47863501249681895,60631.0,2.5046102942270565
745,0.5471165490664015,0.3653733526256955,59156.0,2.885739159964853
746,0.46718707632249323,0.28543232551361586,58853.0,2.880010861340784
747,0.7195102256128054,0.3255254191360888,60371.0,2.5964890727428216
748,0.44682820255554817,0.2773435687368446,57915.0,2.81689415073531
749,0.1557214712031874,0.7614100343694273,58869.0,2.815349832073455
750,0.29963908813524764,0.4365647534864059,59540.0,2.7143105940422743
751,0.6220638760848904,0.17298617291436758,59179.0,2.874226247582911
752,0.7608834994204643,0.4036573241919551,56674.0,3.0663114056066725
753,0.03126516261566091,0.9060311055470813,59561.0,2.7016247923078076
754,0.18709095274345844,0.8117856455702688,58443.0,2.718841851220109
755,0.11470827508688225,0.7716394090519848,59272.0,2.7368757740503717
756,0.45844337556659037,0.25524590719853657,59236.0,2.8068383322179358
757,0.9401652489770916,0.028534772756700022,60720.0,2.6059198375034907
758,0.555068197455321,0.3028493945206159,59106.0,2.8238114108216514
759,0.11777360889622993,0.7350370702069183,59605.0,2.815349832073455
760,0.02975451840416323,0.9028805558594644,60166.0,2.7809983272826777
761,0.5426689014495606,0.5049898380745645,58339.0,2.974231818812088
762,0.519816888715865,0.21271021510395682,59464.0,2.8297051250505234
763,0.23101519924927486,0.6170639697126354,59544.0,2.7225731909266493
764,0.12870962215235346,0.7490787169128437,59544.0,2.7419313377634698
765,0.5747738730740485,0.2187837200733148,58241.0,2.8870454114906074
766,0.06761474525448333,0.751079669770284,59280.0,2.7817799988183154
767,0.469526447321559,0.41850218199736244,59426.0,2.669305269559903
768,0.20275319832261218,0.7472304337400439,59131.0,2.8068383322179358
769,0.016286432362106647,0.9337423092756574,59532.0,2.6807132200375356
770,0.030907619230719108,0.9360051591033463,59683.0,2.718040798921857
771,0.4330600804069275,0.47882550347520536,57669.0,2.9269192992380777
772,0.17163228499157027,0.6938580571184798,58933.0,2.6660522917648173
773,0.06282487177247166,0.852925106292225,59554.0,2.8044391349469127
774,0.03126239635578078,0.9068874150628232,59113.0,2.731203740257488
775,0.0630912058991918,0.8460175952995721,59445.0,2.704263619134375
776,0.16402483836773588,0.8286133895974689,58783.0,2.7809983272826777
777,0.056179722770417516,0.8608340925506236,59477.0,2.718841851220109
778,0.10492720969419109,0.5912846865910485,59606.0,2.704145699533763
779,0.07530179487225966,0.7675683730684536,59422.0,2.6446064495289274
780,0.12501671675759085,0.8426645113750562,59423.0,2.767126313959853
781,0.5370402412721559,0.7748331304860945,59942.0,2.727886990823116
782,0.05520339625924518,0.811739802709739,59512.0,2.6154122615647033
783,0.11160358650576163,0.7321976137382123,59220.0,2.6516514049960307
784,0.0692348543212377,0.862690451558069,59405.0,2.6927635142031345
785,0.5317588326183997,0.16998003121511618,59529.0,2.800295486351164
786,0.6855395749256823,0.39673163866166195,60277.0,2.5808759416643774
787,0.09890506193514122,0.7922965145702927,58681.0,2.7225731909266493
788,0.37793669091247634,0.6002616113808423,59012.0,2.8897746732000087
789,0.10170193967307808,0.8221750920030151,59284.0,2.8068383322179358
790,0.30695310503092726,0.5390068236471435,59418.0,2.718841851220109
791,0.042545824362067615,0.8542629023403766,59563.0,2.618881918177973
792,0.060899761076759616,0.8666366937923221,59141.0,2.789663188409804
793,0.014748898730035003,0.953743780619537,59534.0,2.7225731909266493
794,0.05266154706417054,0.869019325096164,59335.0,2.730378694580242
795,0.0356106991612743,0.8934119957858482,59097.0,2.763571776330947
796,0.2881099956335189,0.7524890701224839,58417.0,2.6633467386284053
797,0.1041047112867879,0.8073401083759335,58905.0,2.7087265491492083
798,0.4339744237968726,0.6335791981151799,58995.0,2.8464106880273548
799,0.10532204604229953,0.8060578980870763,59217.0,2.700579644827382
800,0.08653218285214916,0.8092468240134151,58603.0,2.6154122615647033
801,0.6964010709824261,0.19980359310357787,58629.0,2.917954940957326
802,0.35153858214765665,0.6257404689552581,58599.0,2.7575324525716383
803,0.1489191007040329,0.6620104435629839,59142.0,2.7387112769264306
804,0.8016466067436931,0.39306816031864844,61276.0,2.439381897473204
805,0.5251367415092595,0.3899087497836784,59352.0,2.815349832073455
806,0.17355912245199007,0.7488766587920496,59123.0,2.840587123572476
807,0.17014328117956964,0.5254546087435994,59474.0,2.7239680262975394
808,0.4402613335535803,0.33925888854244224,58691.0,2.7962428619849806
809,0.05178667012729787,0.7871646881431226,59947.0,2.6820833012099925
810,0.78874596479357,0.22647699643554298,60352.0,2.714093191306741
811,0.41525849362699685,0.40025879571355505,59863.0,2.70721156382489
812,0.43519313309145513,0.5729976899044771,60002.0,2.7452541227932024
813,0.2933985432995743,0.6724016314648678,58856.0,2.7368757740503717
814,0.1802857043031243,0.6170699409618133,59520.0,2.739521958484916
815,0.6052234958863525,0.15055272810646247,59132.0,2.7389513862084955
816,0.11176829924079826,0.6215792610551862,59287.0,2.695068365624987
817,0.06698552422218335,0.8908810714485249,59498.0,2.665364424185624
818,0.5963159157097248,0.1612391671243385,58779.0,2.8188685740683734
819,0.021775336279480285,0.9347356983508319,59695.0,2.700579644827382
820,0.9599208547275686,0.06152473263520897,60587.0,2.444989688406391
821,0.11788032467334487,0.6806856994223456,59781.0,2.6838526816091743
822,0.683616946991167,0.1923951275350233,60022.0,2.6538864093793393
823,0.03954383962214883,0.8088411661569388,59791.0,2.663943508524458
824,0.5197542355068407,0.30096792213790524,58677.0,2.8719333604398223
825,0.8594903121498335,0.1829038289608077,60239.0,2.799285902532839
826,0.1515694869404914,0.7263893822481524,59448.0,2.790171269077458
827,0.6047924060702498,0.358795502786447,59610.0,2.825299492481058
828,0.06397365998269267,0.7973651650246744,59121.0,2.7368757740503717
829,0.6888874022867021,0.08152983709958339,57611.0,3.0418583618821344
830,0.0780834409991174,0.8362417759903631,59219.0,2.644363635260831
831,0.1573547500724146,0.6670309860414462,58662.0,2.5758838973780662
832,0.05650571189281358,0.8808567909125226,59443.0,2.6820833012099925
833,0.04419214417072971,0.8866711577305574,59149.0,2.6633467386284053
834,0.7212787848992142,0.24629579232146237,59540.0,2.857654735026232
835,0.04240129157876525,0.8982664737061944,59218.0,2.727886990823116
836,0.7808211027347941,0.2751520806687494,59997.0,2.6399013733207326
837,0.9412943125516456,0.1198961226439621,61337.0,2.407439669037906
838,0.08531985657337701,0.7486441488359274,59530.0,2.679343138865079
839,0.2099886345377838,0.7845205299273137,59224.0,2.7368757740503717
840,0.15352021560813686,0.5011293006668018,59816.0,2.7629597697250716
841,0.2445784119859051,0.6513209558741708,59199.0,2.7799755019715704
842,0.09278606071680992,0.7731629207173478,59134.0,2.696194444808647
843,0.49952499795601746,0.5333023117931708,59218.0,2.8719333604398223
844,0.048788044417233535,0.8812624340152578,59293.0,2.718841851220109
845,0.10747139560568622,0.7859151660493033,59564.0,2.7768108593698404
846,0.9978829435139096,0.10017997010103785,61720.0,2.01257701569918
847,0.33285393133251245,0.676530385632726,59435.0,2.700579644827382
848,0.6797729282073003,0.2340143729112969,59152.0,2.9303074176081925
849,0.111193114775722,0.7117754060631918,59391.0,2.7546870501668295
850,0.032759381085261656,0.905346009786258,59274.0,2.696194444808647
851,0.20726178097463874,0.6317736976441457,58794.0,2.77228111018157
852,0.1149800901881475,0.6047935819048426,58945.0,2.700579644827382
853,0.9820339324385009,0.06219459976431607,61610.0,2.317072866049781
854,0.16972222549868426,0.7663833722530754,58622.0,2.6347775864316354
855,0.020996900440167787,0.9428179632161875,59444.0,2.6980692924290857
856,0.04288579082864062,0.8687979755037731,59980.0,2.7458088988203784
857,0.03174742823954611,0.9021810282453466,60011.0,2.7546870501668295
858,0.036982738289212766,0.9125550350746942,59388.0,2.813387646320148
859,0.10218503002040581,0.6789987996795931,59439.0,2.796730340284288
860,0.06750288354672179,0.7667355422431477,59192.0,2.7437119579848
861,0.15000485770698516,0.777777451842671,59182.0,2.717239746623605
862,0.05490268147401481,0.8719046823990134,59447.0,2.6572324372593314
863,0.39135352382892774,0.6147468195063146,59474.0,2.9396779670756565
864,0.054200687188781266,0.865489015738053,59024.0,2.7368757740503717
865,0.7538670444610212,0.38258370975393463,60013.0,2.8319914447720826
866,0.9736675340666837,0.1538802712452767,61017.0,2.2967067300473154
867,0.021891089650986233,0.9328418398679342,59619.0,2.720707521073379
868,0.19436253074532484,0.42861455258326375,59511.0,2.5730722809714495
869,0.650344974513769,0.3300541228695425,58249.0,2.9955658321306355
870,0.5555314171222053,0.3560480542108052,57935.0,2.966853636695081
871,0.9909737111928639,0.38027944582672224,60765.0,2.4021300035540207
872,0.8055131937409298,0.251209711880482,59691.0,2.5272071717327194
873,0.4178865006492077,0.6555722252826862,58535.0,2.9528533558233896
874,0.035408813735239734,0.8675764052586572,59624.0,2.7268952457244637
875,0.8794147456616905,0.10561100507877585,60021.0,2.8440894280485747
876,0.11170232136539632,0.7866122556826389,58508.0,2.7458088988203784
877,0.5903404507338694,0.22032781355622555,58145.0,3.004383656463471
878,0.39906014344672563,0.4255349025118048,59220.0,2.881692326902151
879,0.6425143456991708,0.1889349238092186,57340.0,3.0633537361877696
880,0.7847337367909051,0.18335403020163366,58760.0,3.0663114056066725
881,0.7995494896649996,0.13163356958235828,59896.0,2.7097396441128545
882,0.25493670647054045,0.4359585597415222,58731.0,2.706513340030547
883,0.09684959339029521,0.7929936941784234,59409.0,2.6633467386284053
884,0.07986993802040103,0.7975550491812528,59099.0,2.754166315621962
885,0.19408191859400598,0.6599422365178482,59667.0,2.68545745984712
886,0.8650318866862292,0.13281017844638332,60446.0,2.522347829664721
887,0.3566838856607887,0.5347166830218327,59659.0,2.8245554516513547
888,0.4477355357962319,0.5372337610280153,58359.0,2.977136767356403
889,0.10467651954027132,0.7928837943410455,59326.0,2.7952422586248815
890,0.8613591956066776,0.08709380225837904,59735.0,2.8238114108216514
891,0.05247751346431895,0.7804329641884193,59454.0,2.7546870501668295
892,0.5766676270972062,0.4174912448179644,59341.0,2.817713820725478
893,0.023203576873679094,0.9182581015606989,59755.0,2.798276318714514
894,0.10311775787042386,0.7616525323345534,59224.0,2.700579644827382
895,0.9803801299827718,0.12609240166196833,61485.0,2.276323615519157
896,0.06145847684559297,0.8231322442562515,59508.0,2.691361114797999
897,0.13941622483754817,0.7918016983008013,58989.0,2.727886990823116
898,0.09053005551239264,0.8734229158910126,59947.0,2.798276318714514
899,0.5815576013870543,0.4843358260488141,60076.0,2.7225731909266493
900,0.5768506126110162,0.20247753176020844,57150.0,2.9086362783687427
901,0.05183848165940061,0.8441620389878661,59060.0,2.6627919626012293
902,0.9659935597518191,0.05138888105933859,60716.0,2.440162669427046
903,0.1755721177395461,0.7144223618658792,59369.0,2.7097396441128545
904,0.3618791794417545,0.5999277969407586,58976.0,2.857170007768083
905,0.7176143410540878,0.2686606367610097,59223.0,2.7809983272826777
906,0.5885280866054458,0.12669248770222452,59338.0,2.7834141031899513
907,0.27243241535285573,0.5147833465107441,59078.0,2.7338475058646807
908,0.19133150027666465,0.6853167017875494,59350.0,2.7952422586248815
909,0.08568529496710715,0.7871070232386141,59399.0,2.717506156238821
910,0.07412987145130201,0.8477523509244225,59792.0,2.77228111018157
911,0.8772384293599071,0.044168022729881073,59717.0,2.965909508648835
912,0.35411323128131,0.33770214661151343,59049.0,2.817841535830583
913,0.058310095103756954,0.8914347866339666,59581.0,2.7748504697937015
914,0.03546705123749881,0.8854268543932818,59999.0,2.7458088988203784
915,0.04586334313657462,0.8565564104474097,60206.0,2.6658384423855335
916,0.2281736747641422,0.6267989674070695,58780.0,2.7809983272826777
917,0.3000021382673421,0.3856189926030762,59108.0,2.7387658901986907
918,0.01197305143988251,0.9493776188548985,59753.0,2.8068383322179358
919,0.016706225185220643,0.9482198634686138,59848.0,2.755013089255531
920,0.6566510590905155,0.3592069453993667,59851.0,2.8644258237708797
921,0.03674098263925367,0.8695330048095066,59606.0,2.672648182847107
922,0.3692829107844162,0.7228278641622219,59888.0,2.6059198375034907
923,0.49779336222540005,0.4176848878311047,58771.0,2.8464329571605695
924,0.5936162866110521,0.15149635623193747,59113.0,2.769707166517744
925,0.186780040596496,0.4876909420652559,58892.0,2.6331549382324635
926,0.05388034226744498,0.791247683030188,59558.0,2.7252300908748825
927,0.29146077825354105,0.7094899940187361,57877.0,2.835181003995025
928,0.02096181533038374,0.9419266028735238,59981.0,2.718841851220109
929,0.08660224139041775,0.7686788687537567,58809.0,2.729757786470035
930,0.636187093220733,0.25068387334738895,59707.0,2.6347775864316354
931,0.5766262706529113,0.2762852485645606,57853.0,2.9086362783687427
932,0.14566640003758677,0.7824804529734333,59597.0,2.7097396441128545
933,0.061281135532842694,0.8312080245125966,59501.0,2.7046121382958574
934,0.16982357198255363,0.46146080916847965,59392.0,2.727886990823116
935,0.03466726708824181,0.881262153942487,59285.0,2.646048698766652
936,0.06209472520889278,0.8312224622459559,59596.0,2.723512343639136
937,0.9714938379800042,0.03737993047954746,61296.0,2.3953116517362467
938,0.43421148883225236,0.3402048095278306,59616.0,2.674267369880381
939,0.3836919375474393,0.6757216390709075,58947.0,2.857994169481948
940,0.07918101903807917,0.7698905662768617,59198.0,2.8235340228080634
941,0.974161199773988,0.0794865496428021,61562.0,2.0987992450276085
942,0.6851294811938872,0.1550767349310287,59453.0,2.8035397456496884
943,0.4316354737503973,0.5073665732514685,58256.0,2.912960628699878
944,0.15583189823579371,0.6603117936927044,58818.0,2.675408695017911
945,0.08266670407703838,0.7778290025018895,59017.0,2.763510900553836
946,0.05648863324485798,0.8766270836468596,59090.0,2.6538864093793393
947,0.9872374133178077,0.04221007318369585,61747.0,2.2528583585805944
948,0.7185642935968377,0.2123496744187856,60281.0,2.6811073003503694
949,0.05311257628767013,0.8332309449701784,59689.0,2.74062184539177
950,0.7601988501001313,0.2540832281724217,58435.0,3.1601783290708987
951,0.40089273907209866,0.5158513239845784,59872.0,2.7268952457244637
952,0.2117336548426038,0.7898995599251768,58815.0,2.7546870501668295
953,0.10301387708014259,0.7362694080946838,59432.0,2.741273068371351
954,0.35484781073339244,0.4358686545356588,58773.0,2.789663188409804
955,0.12733165532467183,0.7147495764744101,58927.0,2.8283034529915128
956,0.7892543724324094,0.06161747779828897,59086.0,2.7828593271627753
957,0.668297992544964,0.16302323474660751,58769.0,2.970862006457768
958,0.6813475915760239,0.1268024703345194,58266.0,3.0169836932431053
959,0.030704874717765247,0.9117315822457146,59674.0,2.727886990823116
960,0.13001617308443397,0.7776579087102624,58961.0,2.7011200812603278
961,0.10872250965886457,0.7391097745296673,59462.0,2.727886990823116
962,0.011128680679514042,0.9644390698619422,59571.0,2.725699667231126
963,0.8641909694552763,0.03563165320999617,59183.0,2.9396779670756565
964,0.19721201037533018,0.7394728382087551,58090.0,2.6732962938704414
965,0.18976218042857904,0.6227174508793274,59068.0,2.81446861752449
966,0.019161658827083303,0.9241390568827641,59516.0,2.700579644827382
967,0.3698450113557116,0.6165177222438032,58507.0,2.804394722366637
968,0.07345690571307148,0.8360033356888877,59163.0,2.8068383322179358
969,0.09048832966072244,0.8467792733018956,59376.0,2.792862169662234
970,0.11745157157366262,0.8325351736371369,58781.0,2.6538864093793393
971,0.5673418176356576,0.1277872870931388,59232.0,2.857170007768083
972,0.6133568153860955,0.4212728985962124,59110.0,2.978848564356337
973,0.47281388087215226,0.6155250666593353,59894.0,2.700849863043855
974,0.39136105802120996,0.5335624753602957,59277.0,2.815349832073455
975,0.9867772348186176,0.038909007137468477,61233.0,2.251448946880128
976,0.08801135011892383,0.8041980268874819,59480.0,2.77228111018157
977,0.2825711444026574,0.4921072333381623,57835.0,2.75892377859799
978,0.06176879622258107,0.8833168278496242,59479.0,2.7748504697937015
979,0.995423815798294,0.06475680744037282,61970.0,2.099855768210073
980,0.7194765494055689,0.10177689534861312,58813.0,2.9396779670756565
981,0.34761140375000205,0.5814274024764089,57768.0,2.8107862360706193
982,0.8741942462705126,0.20933497462048833,61150.0,2.5683763607091237
983,0.8728702988283162,0.1402507286016792,60497.0,2.720707521073379
984,0.5394949360992679,0.35680471626395216,59177.0,2.790941008354105
985,0.11700991498845253,0.7489900898372307,59403.0,2.727886990823116
986,0.7014092985867153,0.21423667700947968,59085.0,2.9528533558233896
987,0.12836036036531365,0.8141452992306659,59337.0,2.700579644827382
988,0.12751216666815432,0.7606792922913924,58874.0,2.815349832073455
989,0.8594427702797196,0.07129758120430829,60430.0,2.7458088988203784
990,0.3727765767408557,0.5272244481298146,58857.0,2.89861304456368
991,0.04865565912297002,0.8452197554866613,59362.0,2.705544412991234
992,0.08201144412021454,0.8487203235403225,59421.0,2.6572324372593314
993,0.023418511830017762,0.9031746388774193,59570.0,2.808059323617165
994,0.8205456083360709,0.07257420666835879,59432.0,2.89861304456368
995,0.019503274740541362,0.9341409256192044,59821.0,2.7290047440289236
996,0.07922807981951821,0.8233271041203073,59010.0,2.727886990823116
997,0.24019117536122908,0.6876027607299391,58939.0,2.8430198938597577
998,0.09989363043491353,0.7750099024914135,59212.0,2.6627919626012293
999,0.03716282868010479,0.9005963879433567,59432.0,2.6516514049960307
