,selection_0p1_MaxAFs,selection_0p1_H,selection_0p1_total_m,selection_0p1_rec_errors
0,0.7034,0.09393152984746989,1180.0,2.7796897581708357
1,0.042347,0.7207606746081521,1497.0,2.503404328839185
2,0.428801,0.39789897400568564,1463.0,2.503404328839185
3,0.34919,0.4841860343938783,1323.0,2.503404328839185
4,0.090498,0.5579639912978789,1507.0,2.503404328839185
5,0.484312,0.10577787692729879,1319.0,2.503404328839185
6,0.053374,0.7849413087839474,1515.0,2.503404328839185
7,0.060723,0.7499668789983827,1407.0,2.503404328839185
8,0.016847,0.9134353763255822,1511.0,2.332515380432408
9,0.040034,0.8270608039794349,1431.0,2.503404328839185
10,0.023405,0.884859405429964,1409.0,2.503404328839185
11,0.029805,0.8608827708870966,1495.0,2.322832083197362
12,0.023464,0.8623617032890049,1457.0,2.324269402975702
13,0.086266,0.6065065527936493,1461.0,2.503404328839185
14,0.317112,0.4022796245143977,1352.0,2.503404328839185
15,0.250947,0.5381215474457406,1398.0,2.503404328839185
16,0.417396,0.3735813956899935,1320.0,2.5572973368343845
17,0.68688,0.13171333273685049,1218.0,3.0344738215651397
18,0.178222,0.49660477287329385,1475.0,2.324269402975702
19,0.503674,0.19844279691265632,1295.0,2.5287281846376146
20,0.86855,0.060472619916572046,1217.0,2.503404328839185
21,0.636383,0.3061818220063126,1302.0,2.503404328839185
22,0.009256,0.9472125817572583,1552.0,2.503404328839185
23,0.233213,0.5995437524296152,1456.0,2.503404328839185
24,0.7358,0.11992435550822966,1125.0,3.0344738215651397
25,0.067164,0.8386550539833713,1432.0,2.503404328839185
26,0.01833,0.8976271799147099,1476.0,2.503404328839185
27,0.496242,0.23191693917557077,1166.0,2.503404328839185
28,0.041737,0.7550563330048647,1483.0,2.503404328839185
29,0.987843,0.0717296534757611,1338.0,2.2689390752021623
30,0.913426,0.04564159564730508,1164.0,2.503404328839185
31,0.082382,0.7759975424264776,1486.0,2.503404328839185
32,0.194451,0.7089218580523087,1382.0,2.503404328839185
33,0.40379,0.4761220729466573,1450.0,2.503404328839185
34,0.007655,0.9573255473249378,1511.0,2.376725091192565
35,0.196942,0.40784126086876604,1384.0,2.322832083197362
36,0.293575,0.427527410964308,1437.0,2.503404328839185
37,0.052222,0.8070021550423738,1477.0,2.503404328839185
38,0.112691,0.773492770504802,1452.0,2.503404328839185
39,0.087798,0.7245162629171098,1460.0,2.503404328839185
40,0.062455,0.8453997302003624,1438.0,2.322832083197362
41,0.058055,0.6595089706516499,1519.0,2.324269402975702
42,0.025913,0.8489321711121617,1479.0,2.3864083884276113
43,0.006991,0.9541977818323817,1495.0,2.503404328839185
44,0.129613,0.5011973347375789,1458.0,2.503404328839185
45,0.334664,0.4937042483410474,1422.0,2.503404328839185
46,0.150211,0.8017824661489757,1416.0,2.503404328839185
47,0.227362,0.6531395625705186,1315.0,2.7378695824762076
48,0.03866,0.7271087963282482,1516.0,2.503404328839185
49,0.20481,0.5192180775135666,1421.0,2.503404328839185
50,0.085472,0.6384162067806023,1490.0,2.503404328839185
51,0.010429,0.9413580107386355,1540.0,2.376725091192565
52,0.070273,0.8079122461058833,1469.0,2.503404328839185
53,0.0485,0.7693327967774782,1498.0,2.324269402975702
54,0.310084,0.24673672441911088,1414.0,2.503404328839185
55,0.020905,0.8876932914319416,1544.0,2.503404328839185
56,0.960934,0.0383151021164958,1096.0,2.324269402975702
57,0.233093,0.5617104679463979,1431.0,2.503404328839185
58,0.022965,0.8479205249655641,1506.0,2.503404328839185
59,0.095844,0.5240292238344444,1507.0,2.503404328839185
60,0.48248,0.28869242331598677,1284.0,2.503404328839185
61,0.011853,0.9145526660721438,1487.0,2.3481559389957916
62,0.15218,0.33795312246899234,1493.0,2.503404328839185
63,0.738998,0.0945818839449023,1253.0,2.503404328839185
64,0.022121,0.8871607537516165,1355.0,2.324269402975702
65,0.636453,0.07392797759044423,1090.0,3.0344738215651397
66,0.007471,0.94209866372783,1448.0,2.503404328839185
67,0.021138,0.9313902179065022,1410.0,2.503404328839185
68,0.103786,0.667263799663238,1419.0,2.4412653433872755
69,0.021,0.8540352297032906,1451.0,2.503404328839185
70,0.025762,0.8464514046255278,1507.0,2.3362126709857467
71,0.047151,0.7934601320733774,1461.0,2.503404328839185
72,0.062647,0.8392250508043051,1480.0,2.503404328839185
73,0.797923,0.0662546546153322,1198.0,2.503404328839185
74,0.087306,0.7646451357429516,1394.0,2.503404328839185
75,0.049715,0.8446412181327994,1459.0,2.503404328839185
76,0.057532,0.8209743696535702,1416.0,2.503404328839185
77,0.51248,0.1334040412784322,1257.0,2.5287281846376146
78,0.006856,0.9476459514224509,1579.0,2.503404328839185
79,0.577181,0.17245076067924703,1384.0,2.503404328839185
80,0.9496,0.05372614494785044,1088.0,2.6435526752260916
81,0.013078,0.9047773466789998,1445.0,2.503404328839185
82,0.10516,0.5594124863649459,1443.0,2.503404328839185
83,0.082036,0.7606742761497196,1531.0,2.503404328839185
84,0.08386,0.7955647905399874,1483.0,2.503404328839185
85,0.998873,0.0650906546436183,1264.0,2.2689390752021623
86,0.298371,0.5982894015606073,1362.0,2.503404328839185
87,0.030177,0.8650228399497223,1505.0,2.503404328839185
88,0.016303,0.9157322819316599,1557.0,2.503404328839185
89,0.010667,0.9311067848432438,1492.0,2.503404328839185
90,0.022172,0.8585543366992365,1500.0,2.322832083197362
91,0.022186,0.8610897596482666,1564.0,2.503404328839185
92,0.196715,0.7025593995266508,1364.0,2.503404328839185
93,0.034429,0.7973597068004358,1390.0,2.503404328839185
94,0.315652,0.466426944232609,1380.0,2.503404328839185
95,0.66869,0.28105450518431485,1059.0,3.0344738215651397
96,0.253846,0.4725540396758636,1349.0,2.503404328839185
97,0.00811,0.9491653424468053,1508.0,2.322832083197362
98,0.026829,0.8337232391823588,1516.0,2.322832083197362
99,0.012231,0.897518774364763,1453.0,2.503404328839185
100,0.013417,0.924937239413507,1526.0,2.437511575052805
101,0.041864,0.8198778149098498,1550.0,2.503404328839185
102,0.024522,0.85815838447387,1449.0,2.376725091192565
103,0.064551,0.6819893733183733,1550.0,2.503404328839185
104,0.156652,0.551965276066688,1430.0,2.503404328839185
105,0.162394,0.6070143951085128,1425.0,2.5287281846376146
106,0.053508,0.8283710966709222,1460.0,2.503404328839185
107,0.024009,0.8606234150559319,1468.0,2.503404328839185
108,0.017465,0.91152511810379,1476.0,2.503404328839185
109,0.39715,0.5841822086720568,1431.0,2.503404328839185
110,0.059013,0.7759141203146612,1466.0,2.503404328839185
111,0.050923,0.8326115115452195,1441.0,2.503404328839185
112,0.018255,0.8986961155886566,1520.0,2.503404328839185
113,0.177445,0.4232980368990097,1375.0,2.503404328839185
114,0.112399,0.6557671903623272,1409.0,2.503404328839185
115,0.024182,0.8825378396975481,1503.0,2.503404328839185
116,0.107331,0.7220151893162892,1405.0,2.503404328839185
117,0.224088,0.6536717213605703,1466.0,2.503404328839185
118,0.044591,0.7661770860123245,1454.0,2.322832083197362
119,0.014208,0.927410291509146,1660.0,2.322832083197362
120,0.54042,0.3207038790519853,1328.0,2.503404328839185
121,0.156807,0.6933613955364857,1394.0,2.503404328839185
122,0.848146,0.20420286015691413,1172.0,2.5572973368343845
123,0.021465,0.8993483724187503,1546.0,2.503404328839185
124,0.09472,0.733565743989548,1474.0,2.376725091192565
125,0.056396,0.7725845480071963,1449.0,2.376725091192565
126,0.043184,0.782002164620685,1559.0,2.503404328839185
127,0.036798,0.7607139271144374,1509.0,2.503404328839185
128,0.01911,0.9188581872282778,1510.0,2.503404328839185
129,0.046778,0.8497054765519501,1536.0,2.503404328839185
130,0.006246,0.9566840168446965,1493.0,2.503404328839185
131,0.253536,0.5780034645942536,1432.0,2.503404328839185
132,0.155248,0.7484786983436624,1446.0,2.376170315165389
133,0.084386,0.7761083851431615,1408.0,2.503404328839185
134,0.010338,0.9422997857516928,1583.0,2.503404328839185
135,0.101871,0.6848582034087012,1454.0,2.503404328839185
136,0.502433,0.3709384411257225,1226.0,2.503404328839185
137,0.999953,0.1313289459208108,1283.0,1.7378695824762076
138,0.012581,0.9311598340962711,1508.0,2.503404328839185
139,0.171915,0.6459848923914715,1541.0,2.376725091192565
140,0.041294,0.8129484465399404,1542.0,2.503404328839185
141,0.497805,0.15442060406844638,1308.0,2.503404328839185
142,0.027422,0.8656885353762984,1542.0,2.503404328839185
143,0.503736,0.19717956613167553,1332.0,2.503404328839185
144,0.107065,0.4361723811435769,1373.0,2.503404328839185
145,0.01484,0.9267330578546759,1543.0,2.503404328839185
146,0.091225,0.7657955291511737,1444.0,2.503404328839185
147,0.37937,0.6130822369920532,1198.0,2.7378695824762076
148,0.286079,0.5470676828573757,1385.0,2.503404328839185
149,0.263388,0.4658913672974698,1408.0,2.503404328839185
150,0.026085,0.8931333969989126,1543.0,2.503404328839185
151,0.044901,0.8151330446071052,1514.0,2.503404328839185
152,0.086267,0.6858898840197163,1428.0,2.503404328839185
153,0.005415,0.9607741253045804,1477.0,2.503404328839185
154,0.369371,0.37344456035693874,1384.0,2.503404328839185
155,0.952639,0.5535085360765026,1077.0,2.620873642064634
156,0.333953,0.53697405106005,1464.0,2.503404328839185
157,0.062826,0.6678703456766089,1414.0,2.503404328839185
158,0.011697,0.9315729534355119,1452.0,2.503404328839185
159,0.02348,0.8966271299703018,1507.0,2.4337578067183347
160,0.085961,0.6538120572922702,1454.0,2.3481559389957916
161,0.059428,0.7647438737104453,1439.0,2.503404328839185
162,0.167439,0.735457172980909,1391.0,2.503404328839185
163,0.266103,0.41136407785945384,1410.0,2.503404328839185
164,0.207898,0.4248794277704281,1398.0,2.503404328839185
165,0.892633,0.10747987457728037,1237.0,2.503404328839185
166,0.018099,0.8924642756274025,1478.0,2.503404328839185
167,0.108084,0.7665136511938782,1359.0,2.5572973368343845
168,0.015202,0.9123066117162745,1454.0,2.503404328839185
169,0.004236,0.9557990293960575,1510.0,2.4884817953633886
170,0.015848,0.9267997216618346,1546.0,2.4723348361132302
171,0.074033,0.8277205491766575,1417.0,2.503404328839185
172,0.54129,0.46077039487004756,1161.0,2.9723348361132302
173,0.452757,0.15206020765664208,1299.0,2.6662317083875493
174,0.671246,0.21671902364761997,1227.0,2.503404328839185
175,0.529078,0.27235926904264074,1191.0,2.7378695824762076
176,0.865997,0.07452398727692211,1270.0,2.503404328839185
177,0.230006,0.6653962256352173,1277.0,2.503404328839185
178,0.1103,0.6344849151141174,1401.0,2.503404328839185
179,0.168378,0.6297039339622557,1363.0,2.503404328839185
180,0.142196,0.6205633168666411,1325.0,2.503404328839185
181,0.158924,0.5819226955198771,1403.0,2.503404328839185
182,0.324777,0.2534786251640304,1379.0,2.503404328839185
183,0.156868,0.4940481447724785,1500.0,2.324269402975702
184,0.009849,0.9362313234580515,1478.0,2.503404328839185
185,0.032154,0.8598591252226966,1420.0,2.503404328839185
186,0.02913,0.8578860441015757,1427.0,2.3481559389957916
187,0.018283,0.8719370773768294,1521.0,2.503404328839185
188,0.224039,0.36091011365515835,1339.0,2.503404328839185
189,0.39719,0.5197232515635651,1123.0,2.503404328839185
190,0.046715,0.8041420874968477,1532.0,2.503404328839185
191,0.063094,0.7511604632948108,1489.0,2.503404328839185
192,0.029838,0.8532064954444448,1465.0,2.503404328839185
193,0.463605,0.5101962593985152,1169.0,2.503404328839185
194,0.004862,0.9736679605144403,1555.0,2.503404328839185
195,0.156425,0.47811807557660313,1381.0,2.503404328839185
196,0.017998,0.8919933911801897,1445.0,2.503404328839185
197,0.235573,0.4198093744806628,1447.0,2.503404328839185
198,0.056729,0.7526899180562551,1470.0,2.435941721287521
199,0.019209,0.8876582140751748,1532.0,2.503404328839185
200,0.521523,0.2733685940000562,1282.0,2.503404328839185
201,0.165923,0.5893569467868652,1453.0,2.503404328839185
202,0.003134,0.9758332417906417,1555.0,2.503404328839185
203,0.01374,0.9379051273036979,1511.0,2.503404328839185
204,0.421477,0.18107318537195782,1324.0,2.503404328839185
205,0.562715,0.18807717316742845,1279.0,2.503404328839185
206,0.082551,0.6370832937848776,1488.0,2.503404328839185
207,0.186375,0.49045934716580464,1414.0,2.503404328839185
208,0.014951,0.9070147545894509,1502.0,2.376725091192565
209,0.020934,0.8763638854283814,1562.0,2.503404328839185
210,0.053036,0.8428613716540094,1446.0,2.503404328839185
211,0.122182,0.34152217916052796,1452.0,2.503404328839185
212,0.03939,0.7694990590896309,1509.0,2.503404328839185
213,0.073323,0.7375562356474198,1525.0,2.503404328839185
214,0.02412,0.908599047726527,1579.0,2.503404328839185
215,0.012069,0.9429074637100158,1534.0,2.503404328839185
216,0.862698,0.1498182919916099,1235.0,2.503404328839185
217,0.719806,0.07337907443032143,1163.0,2.791762590471407
218,0.041354,0.8220528275823726,1527.0,2.503404328839185
219,0.071054,0.6193366521072776,1513.0,2.503404328839185
220,0.027375,0.8724605143363942,1467.0,2.503404328839185
221,0.360117,0.20165371131436827,1386.0,2.503404328839185
222,0.273135,0.5409759376330865,1336.0,2.503404328839185
223,0.169698,0.5514616906218885,1429.0,2.503404328839185
224,0.050205,0.7908535423585319,1515.0,2.503404328839185
225,0.75577,0.134118208195521,1072.0,3.0344738215651397
226,0.022699,0.8411115349693762,1534.0,2.4412653433872755
227,0.017479,0.9147388341884349,1553.0,2.503404328839185
228,0.4866,0.24805103549575136,1465.0,2.503404328839185
229,0.028385,0.8614626287502848,1477.0,2.503404328839185
230,0.040997,0.8296223315771684,1492.0,2.503404328839185
231,0.096388,0.6689948899794633,1484.0,2.3481559389957916
232,0.051228,0.7479615419003234,1498.0,2.503404328839185
233,0.335158,0.30538248726632133,1368.0,2.503404328839185
234,0.062926,0.7986586605702395,1457.0,2.503404328839185
235,0.642445,0.37781680119952443,1308.0,2.503404328839185
236,0.991544,0.06055925684393271,1307.0,2.0141550118078584
237,0.005394,0.9646647221220448,1511.0,2.322832083197362
238,0.007697,0.9455437616072437,1484.0,2.3624405150941783
239,0.012259,0.9249991071439743,1576.0,2.503404328839185
240,0.047091,0.806265223741285,1472.0,2.3463720758643865
241,0.044085,0.8444569229355587,1441.0,2.503404328839185
242,0.517516,0.1178785851126527,1206.0,2.5572973368343845
243,0.017995,0.9318835521472575,1494.0,2.322832083197362
244,0.046137,0.7675435716025302,1487.0,2.503404328839185
245,0.022536,0.9024828174088078,1500.0,2.503404328839185
246,0.04287,0.8403786861826142,1492.0,2.503404328839185
247,0.032242,0.8913014951015296,1501.0,2.503404328839185
248,0.564091,0.09068392593706687,1246.0,2.503404328839185
249,0.040277,0.8434742315882168,1510.0,2.503404328839185
250,0.784506,0.08810342778057512,1177.0,2.7796897581708357
251,0.226358,0.6737477741582043,1375.0,2.5572973368343845
252,0.064472,0.790771812626208,1402.0,2.503404328839185
253,0.026095,0.8836405542438315,1513.0,2.503404328839185
254,0.095399,0.7861767016115893,1431.0,2.503404328839185
255,0.454139,0.19513077871396256,1396.0,2.448603649186736
256,0.496643,0.2429859948892178,1329.0,2.503404328839185
257,0.572925,0.20176748746855466,1228.0,2.5572973368343845
258,0.093775,0.7314401128151186,1513.0,2.3450559353998894
259,0.016344,0.8936780327921389,1425.0,2.503404328839185
260,0.016002,0.924198797456614,1433.0,2.503404328839185
261,0.700812,0.12206928056153465,1278.0,2.531219888394742
262,0.72116,0.13812861596823678,1220.0,2.503404328839185
263,0.089614,0.5477528545026782,1437.0,2.503404328839185
264,0.010632,0.946036775231575,1512.0,2.503404328839185
265,0.220061,0.6279713770802657,1335.0,2.503404328839185
266,0.008179,0.9458270775487727,1482.0,2.503404328839185
267,0.056413,0.735671832709595,1455.0,2.503404328839185
268,0.980761,0.05878027496355509,820.0,3.0883668295603393
269,0.178324,0.5037364226035045,1543.0,2.503404328839185
270,0.91609,0.03349697407579333,1095.0,2.503404328839185
271,0.048809,0.8356247494279168,1466.0,2.322832083197362
272,0.043932,0.7828727030983222,1479.0,2.503404328839185
273,0.477429,0.28362594502413085,1361.0,2.503404328839185
274,0.022449,0.8569297155283258,1514.0,2.503404328839185
275,0.065315,0.7889830932002285,1432.0,2.503404328839185
276,0.348689,0.5412760423471856,1248.0,2.503404328839185
277,0.047007,0.7758013932763291,1465.0,2.503404328839185
278,0.061686,0.8056871482029502,1494.0,2.503404328839185
279,0.050642,0.5916994749996259,1473.0,2.3364606053634187
280,0.185344,0.5138591771868376,1441.0,2.503404328839185
281,0.048939,0.8258091456886687,1463.0,2.503404328839185
282,0.311471,0.5675708826812972,1361.0,2.503404328839185
283,0.028612,0.8847191980976922,1424.0,2.3624405150941783
284,0.518184,0.3108673655050447,1261.0,2.8553388957016566
285,0.185022,0.6732462758710875,1382.0,2.503404328839185
286,0.119135,0.6167571203795242,1429.0,2.324269402975702
287,0.043833,0.8657093059231876,1525.0,2.503404328839185
288,0.332671,0.5303365411504128,1311.0,2.503404328839185
289,0.033085,0.8654242507767602,1502.0,2.322832083197362
290,0.017369,0.8956950672696233,1537.0,2.503404328839185
291,0.027477,0.804618162622354,1504.0,2.503404328839185
292,0.021268,0.9296742297305517,1552.0,2.503404328839185
293,0.005561,0.9666526090239308,1529.0,2.503404328839185
294,0.024779,0.7964608522461203,1466.0,2.322832083197362
295,0.82773,0.1066441640393716,1047.0,3.0344738215651397
296,0.010086,0.9261716979983892,1527.0,2.503404328839185
297,0.029665,0.8649865403978224,1509.0,2.503404328839185
298,0.401127,0.19122438250257534,1291.0,2.503404328839185
299,0.022159,0.9082516375172429,1443.0,2.503404328839185
300,0.017336,0.9193478852264639,1489.0,2.503404328839185
301,0.327301,0.28765461297462547,1337.0,2.503404328839185
302,0.621192,0.17652268022401352,1248.0,2.503404328839185
303,0.043387,0.8393292761184645,1451.0,2.503404328839185
304,0.006887,0.9554010045339013,1491.0,2.503404328839185
305,0.156665,0.6551201912465372,1356.0,2.7378695824762076
306,0.016093,0.9257169283436136,1485.0,2.503404328839185
307,0.956758,0.06173697872592776,1404.0,2.2689390752021623
308,0.077596,0.8011821850847817,1432.0,2.503404328839185
309,0.239273,0.41718223029786816,1395.0,2.503404328839185
310,0.104669,0.4733410087490503,1439.0,2.324269402975702
311,0.458286,0.36999536087460083,1205.0,2.6662317083875493
312,0.439714,0.14071348151771157,1346.0,2.322832083197362
313,0.13771,0.6464032469526845,1369.0,2.503404328839185
314,0.144682,0.4674437264856546,1518.0,2.503404328839185
315,0.081417,0.5435525620260326,1473.0,2.503404328839185
316,0.150286,0.3974107777350828,1438.0,2.503404328839185
317,0.074272,0.7426395570157234,1421.0,2.503404328839185
318,0.575469,0.1354299820828433,1315.0,2.5572973368343845
319,0.020034,0.8886873911043595,1523.0,2.503404328839185
320,0.463291,0.20933731937174216,1265.0,2.5572973368343845
321,0.177796,0.6763213077541022,1334.0,2.503404328839185
322,0.01449,0.9024179401413402,1558.0,2.503404328839185
323,0.20674,0.533599388955434,1425.0,2.503404328839185
324,0.266059,0.4927540396177821,1284.0,2.5287281846376146
325,0.131371,0.6367399725863485,1516.0,2.503404328839185
326,0.020538,0.8989447142400419,1552.0,2.324269402975702
327,0.735864,0.1293131559944558,1415.0,2.503404328839185
328,0.026954,0.8445120427933022,1433.0,2.503404328839185
329,0.011779,0.9387039780462193,1507.0,2.503404328839185
330,0.035739,0.8181128716225571,1431.0,2.503404328839185
331,0.099029,0.811188690571609,1418.0,2.503404328839185
332,0.124762,0.5133934688746977,1466.0,2.503404328839185
333,0.314407,0.27859198103429006,1374.0,2.503404328839185
334,0.057132,0.6644483948757285,1473.0,2.503404328839185
335,0.720785,0.35984597488941206,1079.0,2.7378695824762076
336,0.03036,0.8583560622639657,1472.0,2.503404328839185
337,0.067484,0.7425389844762416,1456.0,2.503404328839185
338,0.744561,0.096176980764484,1220.0,2.5572973368343845
339,0.00871,0.9412347210460991,1493.0,2.4647847023389566
340,0.013273,0.9333224169928769,1511.0,2.503404328839185
341,0.036963,0.8903999735473933,1510.0,2.322832083197362
342,0.287075,0.6560306284678016,1267.0,2.7378695824762076
343,0.325849,0.6498845810065188,1277.0,2.5572973368343845
344,0.803242,0.09813135418687591,1167.0,2.7378695824762076
345,0.063406,0.6531420508211676,1469.0,2.503404328839185
346,0.768503,0.4030089506219551,1258.0,2.503404328839185
347,0.033108,0.8771859041745284,1491.0,2.503404328839185
348,0.053606,0.7653565578360684,1471.0,2.376725091192565
349,0.122486,0.7832784015013148,1426.0,2.3621631270805903
350,0.00492,0.965101341342613,1554.0,2.503404328839185
351,0.674268,0.3114253375902952,1194.0,2.5939271380670332
352,0.179615,0.6282058698023361,1399.0,2.503404328839185
353,0.008667,0.9321408377092748,1511.0,2.4306180991877664
354,0.01304,0.9236954245489679,1507.0,2.503404328839185
355,0.13138,0.7470826948143201,1412.0,2.503404328839185
356,0.007749,0.940433733852669,1511.0,2.324269402975702
357,0.059485,0.7697521499531104,1532.0,2.503404328839185
358,0.500987,0.15309479475525978,1243.0,2.7378695824762076
359,0.821718,0.5348252048803799,1124.0,2.844460830933846
360,0.015739,0.9057795850560076,1494.0,2.503404328839185
361,0.059825,0.7695286932204963,1397.0,2.503404328839185
362,0.036063,0.6828211509020885,1465.0,2.4306180991877664
363,0.119492,0.6998169490543626,1464.0,2.503404328839185
364,0.083976,0.799050818359373,1420.0,2.503404328839185
365,0.021607,0.8797841307480959,1567.0,2.503404328839185
366,0.031567,0.853847145601577,1458.0,2.503404328839185
367,0.338141,0.5863118293039815,1277.0,2.503404328839185
368,0.013412,0.9308099147025161,1495.0,2.503404328839185
369,0.054012,0.8508947908088733,1501.0,2.503404328839185
370,0.184659,0.49792286401953634,1449.0,2.503404328839185
371,0.026705,0.8911342375206851,1545.0,2.503404328839185
372,0.058451,0.8238749521951997,1533.0,2.503404328839185
373,0.074993,0.8180418084980039,1450.0,2.503404328839185
374,0.446629,0.24443196924577837,1379.0,2.503404328839185
375,0.030136,0.8360003542890154,1504.0,2.3481559389957916
376,0.014333,0.9112338309528258,1454.0,2.503404328839185
377,0.020725,0.878238873912771,1518.0,2.437511575052805
378,0.066228,0.8288364642941625,1487.0,2.3481559389957916
379,0.220919,0.5996560797725679,1385.0,2.503404328839185
380,0.977896,0.043898928916558555,1186.0,2.322832083197362
381,0.448939,0.1426497178593612,1301.0,2.503404328839185
382,0.073037,0.70438660079727,1452.0,2.503404328839185
383,0.04555,0.7499135829495664,1517.0,2.503404328839185
384,0.018239,0.8980730814723663,1451.0,2.503404328839185
385,0.313762,0.1229044486284292,1342.0,2.503404328839185
386,0.015858,0.9111797865521164,1513.0,2.376170315165389
387,0.077627,0.7320492481923726,1499.0,2.503404328839185
388,0.125115,0.7668154534624921,1453.0,2.503404328839185
389,0.036244,0.8332549140222316,1498.0,2.503404328839185
390,0.809072,0.6016227020912444,1219.0,2.8553388957016566
391,0.098408,0.6831995090743065,1464.0,2.503404328839185
392,0.211678,0.7550112148590804,1373.0,2.503404328839185
393,0.241087,0.36014889409095496,1365.0,2.503404328839185
394,0.156835,0.35259389892684534,1551.0,2.376170315165389
395,0.034274,0.8766851322468163,1503.0,2.503404328839185
396,0.2089,0.6188826406365933,1385.0,2.503404328839185
397,0.835028,0.12576491629360453,1173.0,2.5572973368343845
398,0.954857,0.053189928944676335,1366.0,2.322832083197362
399,0.502291,0.22354735487347166,1416.0,2.503404328839185
400,0.053438,0.7681584455424896,1436.0,2.503404328839185
401,0.707817,0.12864437492862235,1118.0,3.0344738215651397
402,0.371579,0.22608643189837374,1344.0,2.503404328839185
403,0.183875,0.4423368398433307,1406.0,2.503404328839185
404,0.226823,0.6204577986156348,1427.0,2.503404328839185
405,0.004112,0.9633965279039893,1531.0,2.503404328839185
406,0.379922,0.40194975369305386,1410.0,2.503404328839185
407,0.056411,0.7853952625403993,1494.0,2.503404328839185
408,0.082835,0.4690805199526108,1499.0,2.503404328839185
409,0.015252,0.9222696170278809,1496.0,2.503404328839185
410,0.573034,0.18437861414998857,1156.0,2.9448535979313606
411,0.072721,0.644548151883445,1505.0,2.3481559389957916
412,0.404444,0.2478007599676888,1274.0,2.5572973368343845
413,0.156456,0.7074868662457195,1341.0,2.503404328839185
414,0.004887,0.9639883310466498,1540.0,2.503404328839185
415,0.185185,0.5463453497684072,1398.0,2.5287281846376146
416,0.17507,0.35424650328158014,1410.0,2.503404328839185
417,0.969385,0.03622982944778719,1157.0,2.322832083197362
418,0.029043,0.8830135500464162,1513.0,2.503404328839185
419,0.007279,0.9524138020209287,1498.0,2.503404328839185
420,0.112851,0.39789485493175003,1431.0,2.503404328839185
421,0.112907,0.7023611353157484,1423.0,2.503404328839185
422,0.048353,0.818254901378939,1455.0,2.503404328839185
423,0.004966,0.959612446146914,1480.0,2.503404328839185
424,0.05053,0.7924211598169543,1449.0,2.503404328839185
425,0.547868,0.11744939857711312,1189.0,2.5572973368343845
426,0.024407,0.8823802584993092,1507.0,2.503404328839185
427,0.039752,0.7369925242054707,1461.0,2.503404328839185
428,0.569345,0.30299532460760426,1204.0,2.9039683849579587
429,0.728289,0.12948509208428804,1274.0,2.503404328839185
430,0.708998,0.0890975532882714,1116.0,2.7796897581708357
431,0.053643,0.8364914535539979,1461.0,2.503404328839185
432,0.239183,0.2618282268342922,1407.0,2.503404328839185
433,0.020521,0.9177329168102532,1499.0,2.503404328839185
434,0.110342,0.6593184127725623,1455.0,2.503404328839185
435,0.352973,0.32251551295298586,1281.0,2.5572973368343845
436,0.05761,0.6889739224495655,1530.0,2.503404328839185
437,0.043179,0.8433378098375162,1555.0,2.503404328839185
438,0.074004,0.7550968835866363,1475.0,2.503404328839185
439,0.097408,0.8076301667791612,1405.0,2.503404328839185
440,0.237764,0.6514484040218853,1289.0,2.503404328839185
441,0.005857,0.9592900435848524,1466.0,2.503404328839185
442,0.088217,0.6838566653614222,1479.0,2.503404328839185
443,0.10327,0.6844230557000762,1417.0,2.324269402975702
444,0.806405,0.20196196068399475,1225.0,2.322832083197362
445,0.040489,0.837874772556312,1528.0,2.503404328839185
446,0.01416,0.925393648082784,1509.0,2.376725091192565
447,0.016491,0.9032279408579889,1580.0,2.322832083197362
448,0.453104,0.14099429803210484,1322.0,2.503404328839185
449,0.336389,0.26625191453304686,1394.0,2.4412653433872755
450,0.508347,0.1485434553595496,1265.0,2.503404328839185
451,0.063741,0.8031733333214733,1481.0,2.503404328839185
452,0.046031,0.839219082383752,1525.0,2.503404328839185
453,0.028231,0.8894193447673377,1438.0,2.503404328839185
454,0.082013,0.625571681923782,1491.0,2.503404328839185
455,0.02805,0.8373818365666865,1479.0,2.503404328839185
456,0.016182,0.8970234861707699,1559.0,2.503404328839185
457,0.00429,0.9716761017239339,1517.0,2.503404328839185
458,0.241715,0.4620838435438873,1374.0,2.503404328839185
459,0.379481,0.5479872422158697,1349.0,2.503404328839185
460,0.663982,0.19506650888581634,1225.0,2.503404328839185
461,0.994695,0.08729483660305071,1300.0,2.2689390752021623
462,0.25341,0.4539569031270233,1352.0,2.503404328839185
463,0.152393,0.3856873128288425,1452.0,2.503404328839185
464,0.011521,0.9441344289502303,1502.0,2.503404328839185
465,0.790793,0.29819133598839853,1364.0,2.3439118920965836
466,0.155547,0.4806816845529428,1410.0,2.503404328839185
467,0.951754,0.0816005403989184,1375.0,2.322832083197362
468,0.060735,0.7408423368905983,1510.0,2.503404328839185
469,0.1266,0.6573527038472318,1380.0,2.531219888394742
470,0.027195,0.8756935309589675,1531.0,2.503404328839185
471,0.14219,0.693166213027897,1425.0,2.503404328839185
472,0.247885,0.5755267076628925,1321.0,2.503404328839185
473,0.002701,0.9772570805066386,1472.0,2.503404328839185
474,0.149584,0.5274615108673464,1468.0,2.3835393522755917
475,0.023334,0.8897619040970738,1538.0,2.503404328839185
476,0.281667,0.35442934701256557,1410.0,2.503404328839185
477,0.509009,0.5065074466677506,1280.0,2.5572973368343845
478,0.266345,0.6739278913642421,1409.0,2.503404328839185
479,0.024866,0.8842609776629587,1484.0,2.503404328839185
480,0.077737,0.782307266698385,1508.0,2.503404328839185
481,0.015158,0.9016082051417839,1501.0,2.503404328839185
482,0.055405,0.7524602651246861,1459.0,2.503404328839185
483,0.008607,0.9528127180354782,1569.0,2.503404328839185
484,0.01803,0.8749501443618007,1501.0,2.503404328839185
485,0.04685,0.8309008604565038,1516.0,2.503404328839185
486,0.085749,0.7114468423148638,1436.0,2.503404328839185
487,0.02633,0.9005770713205671,1545.0,2.503404328839185
488,0.985572,0.2735817393982043,1393.0,2.2689390752021623
489,0.345578,0.5636493553565374,1174.0,2.503404328839185
490,0.712152,0.11195104247802734,1227.0,2.503404328839185
491,0.646513,0.13410934683814468,1209.0,2.5572973368343845
492,0.094006,0.7368402817642767,1497.0,2.503404328839185
493,0.192192,0.6979097050679579,1339.0,2.4412653433872755
494,0.423839,0.14700318647123312,1315.0,2.7378695824762076
495,0.214236,0.44315541962955896,1367.0,2.503404328839185
496,0.106456,0.6932031563637785,1422.0,2.503404328839185
497,0.307759,0.3282539701540059,1395.0,2.503404328839185
498,0.478359,0.2676188333159121,1353.0,2.503404328839185
499,0.862043,0.1287182073959059,1227.0,2.503404328839185
500,0.062549,0.7704890061621497,1432.0,2.503404328839185
501,0.099547,0.669167342375075,1463.0,2.503404328839185
502,0.017713,0.9022267506124435,1496.0,2.503404328839185
503,0.008444,0.9433049811120315,1538.0,2.503404328839185
504,0.188079,0.5394518930296526,1441.0,2.503404328839185
505,0.10396,0.6004477924647617,1453.0,2.503404328839185
506,0.029575,0.8744096990649304,1522.0,2.503404328839185
507,0.036165,0.8425952187156887,1453.0,2.503404328839185
508,0.214646,0.6744763005545972,1379.0,2.5287281846376146
509,0.17135,0.4251324511537541,1404.0,2.503404328839185
510,0.214373,0.5998514526509702,1283.0,2.503404328839185
511,0.011314,0.9529215018581018,1543.0,2.376447703178977
512,0.090399,0.6544458076643926,1582.0,2.503404328839185
513,0.052103,0.7204501689135614,1464.0,2.503404328839185
514,0.005059,0.9601743269887654,1484.0,2.503404328839185
515,0.019608,0.8156243304127151,1469.0,2.503404328839185
516,0.996976,0.1455569793568895,1245.0,2.02622784410843
517,0.060185,0.7751949227538569,1439.0,2.503404328839185
518,0.140149,0.5895748661346271,1458.0,2.5287281846376146
519,0.037714,0.7655221515351079,1529.0,2.503404328839185
520,0.022098,0.8762098210076008,1518.0,2.503404328839185
521,0.796304,0.09058385197854724,1100.0,2.7378695824762076
522,0.094863,0.6461943481080294,1438.0,2.503404328839185
523,0.173784,0.4766567769956366,1366.0,2.503404328839185
524,0.032549,0.8585013777352232,1475.0,2.503404328839185
525,0.80799,0.05520004265200995,1224.0,2.503404328839185
526,0.139618,0.539457102441969,1314.0,2.503404328839185
527,0.432433,0.4689829189554966,1277.0,2.7378695824762076
528,0.069256,0.7085370459517382,1463.0,2.503404328839185
529,0.033122,0.8207455462052948,1483.0,2.503404328839185
530,0.532111,0.19480218234838265,1199.0,2.7378695824762076
531,0.278206,0.5288835585533938,1333.0,2.6891928568308607
532,0.340918,0.3006255574165052,1291.0,2.5287281846376146
533,0.175993,0.5972226435029098,1377.0,2.503404328839185
534,0.009913,0.9346543344541348,1487.0,2.503404328839185
535,0.017298,0.9171079209004295,1510.0,2.376725091192565
536,0.035121,0.8906329271026883,1431.0,2.503404328839185
537,0.679274,0.4373260079160112,1236.0,2.376725091192565
538,0.035138,0.8807644245423044,1527.0,2.503404328839185
539,0.036956,0.7277568897400906,1476.0,2.503404328839185
540,0.118284,0.5358471890714718,1427.0,2.503404328839185
541,0.045426,0.8840781247344713,1579.0,2.4647847023389566
542,0.009145,0.9472563510307921,1473.0,2.503404328839185
543,0.007169,0.9507774359027752,1480.0,2.503404328839185
544,0.675012,0.07798991509771891,1176.0,2.9072398078913437
545,0.093913,0.7563549060525336,1460.0,2.503404328839185
546,0.128416,0.7613015725928232,1409.0,2.503404328839185
547,0.006751,0.9541630328362521,1477.0,2.503404328839185
548,0.128791,0.6884944580876111,1406.0,2.503404328839185
549,0.584217,0.4094534254695821,1248.0,2.5572973368343845
550,0.101634,0.7941000951992737,1412.0,2.503404328839185
551,0.779064,0.09446918241234437,1154.0,3.0344738215651397
552,0.105734,0.773016097130882,1424.0,2.503404328839185
553,0.27501,0.48951981189311666,1415.0,2.503404328839185
554,0.36453,0.5651572840850061,1427.0,2.503404328839185
555,0.019939,0.8741211433946936,1410.0,2.503404328839185
556,0.02824,0.8946447984334934,1538.0,2.503404328839185
557,0.019178,0.8474226942940813,1531.0,2.3481559389957916
558,0.36359,0.2207503996533985,1243.0,2.503404328839185
559,0.588166,0.16571768379162066,1281.0,2.7378695824762076
560,0.369446,0.3169595775431068,1362.0,2.503404328839185
561,0.004396,0.96435879434097,1435.0,2.503404328839185
562,0.041219,0.7942964915662322,1454.0,2.503404328839185
563,0.068415,0.7982642150080352,1523.0,2.503404328839185
564,0.067503,0.6727486296338716,1443.0,2.503404328839185
565,0.283946,0.6780060603029336,1263.0,2.7378695824762076
566,0.03658,0.8773639310051844,1416.0,2.5287281846376146
567,0.13524,0.7327370091734724,1482.0,2.503404328839185
568,0.100416,0.7944086142673199,1444.0,2.503404328839185
569,0.118395,0.5379881756404572,1441.0,2.503404328839185
570,0.012975,0.9100183851477563,1476.0,2.503404328839185
571,0.013404,0.9050505343364675,1446.0,2.503404328839185
572,0.69548,0.10746833269643896,1423.0,2.503404328839185
573,0.113315,0.7579608245103141,1435.0,2.503404328839185
574,0.218508,0.3992804056774434,1409.0,2.503404328839185
575,0.01988,0.8924725348951688,1477.0,2.503404328839185
576,0.024054,0.8845624729095187,1501.0,2.503404328839185
577,0.021867,0.9149690213257914,1517.0,2.503404328839185
578,0.03064,0.9165874192712515,1544.0,2.503404328839185
579,0.125462,0.574019047149247,1408.0,2.503404328839185
580,0.688451,0.2793775794313247,1365.0,2.503404328839185
581,0.058637,0.8482800002564952,1539.0,2.503404328839185
582,0.045438,0.8183607517907864,1464.0,2.503404328839185
583,0.017514,0.9139329897102286,1448.0,2.503404328839185
584,0.041384,0.838213230961043,1529.0,2.503404328839185
585,0.083107,0.7455873738650308,1426.0,2.503404328839185
586,0.014478,0.9155070357374523,1484.0,2.503404328839185
587,0.92049,0.0745639020260831,1216.0,2.322832083197362
588,0.807568,0.32267122589066444,1292.0,2.322832083197362
589,0.365389,0.3722155382658212,1361.0,2.503404328839185
590,0.641454,0.43876208799635497,1143.0,3.0344738215651397
591,0.115569,0.6388625813124366,1472.0,2.503404328839185
592,0.031518,0.8559947183545001,1469.0,2.376725091192565
593,0.482211,0.5696520314393363,1238.0,2.376725091192565
594,0.007754,0.9592025410636758,1508.0,2.4412653433872755
595,0.298616,0.18118429196645502,1303.0,2.503404328839185
596,0.020575,0.8586642807083814,1435.0,2.503404328839185
597,0.03627,0.8042270332364241,1476.0,2.4898347292827223
598,0.040242,0.6711548210897014,1450.0,2.503404328839185
599,0.847301,0.15642225653708186,1263.0,2.4647847023389566
600,0.321436,0.4699796818019353,1423.0,2.503404328839185
601,0.199147,0.540998663978583,1374.0,2.503404328839185
602,0.091869,0.7825648668424577,1483.0,2.503404328839185
603,0.094488,0.7204965548039638,1454.0,2.503404328839185
604,0.011453,0.9439881763830062,1477.0,2.503404328839185
605,0.864086,0.10031735846911272,1127.0,2.7378695824762076
606,0.321508,0.4394715367820603,1393.0,2.503404328839185
607,0.029693,0.8697810069938801,1494.0,2.503404328839185
608,0.03563,0.7731526855192905,1480.0,2.503404328839185
609,0.030823,0.8714824170556992,1558.0,2.503404328839185
610,0.50956,0.3805502364585641,1245.0,2.882054579130955
611,0.027201,0.8643679946601698,1527.0,2.503404328839185
612,0.006371,0.9503452462832844,1454.0,2.503404328839185
613,0.045784,0.8279634783746932,1513.0,2.503404328839185
614,0.291953,0.3082501343234161,1344.0,2.5430127607359996
615,0.028533,0.8826349962247145,1493.0,2.503404328839185
616,0.230187,0.3382492083540729,1384.0,2.503404328839185
617,0.015363,0.8758696461544152,1587.0,2.503404328839185
618,0.075592,0.6787482938310395,1446.0,2.503404328839185
619,0.422269,0.25179607422044104,1237.0,2.503404328839185
620,0.03755,0.8878995808224656,1436.0,2.503404328839185
621,0.222758,0.31452714248009517,1395.0,2.503404328839185
622,0.44713,0.5250103767361032,1171.0,2.8170864462698386
623,0.266461,0.4217563119998585,1327.0,2.5876046001470723
624,0.150464,0.5160415227380755,1473.0,2.503404328839185
625,0.229759,0.3141688279176327,1385.0,2.503404328839185
626,0.050966,0.8036092341715995,1437.0,2.503404328839185
627,0.013282,0.9260192722611791,1495.0,2.503404328839185
628,0.042883,0.8227707673885666,1514.0,2.376725091192565
629,0.191813,0.41850581342396576,1460.0,2.503404328839185
630,0.222902,0.5842878903734772,1402.0,2.503404328839185
631,0.078951,0.6458048634614632,1526.0,2.3303650041695603
632,0.068047,0.6906762940211004,1510.0,2.503404328839185
633,0.031437,0.8902305335181536,1492.0,2.503404328839185
634,0.037881,0.7584631047823642,1468.0,2.503404328839185
635,0.111276,0.8389302770410765,1371.0,2.503404328839185
636,0.134504,0.45168018670900356,1479.0,2.503404328839185
637,0.015772,0.915099348550424,1458.0,2.4412653433872755
638,0.514058,0.30449127041842694,1118.0,2.939787322002287
639,0.110753,0.6894430482078093,1426.0,2.503404328839185
640,0.581768,0.13227829652491985,1176.0,2.968581067778759
641,0.755422,0.12831602058025104,1330.0,2.503404328839185
642,0.160142,0.47695340873982617,1436.0,2.503404328839185
643,0.065829,0.6702221601746116,1458.0,2.503404328839185
644,0.030313,0.8968461917679577,1525.0,2.4412653433872755
645,0.057706,0.6319136896664921,1518.0,2.503404328839185
646,0.118356,0.5706346308606831,1434.0,2.503404328839185
647,0.08195,0.7039200374783341,1457.0,2.503404328839185
648,0.008976,0.9528799284151988,1546.0,2.503404328839185
649,0.096847,0.6003778754782356,1475.0,2.503404328839185
650,0.050246,0.7194735286244593,1409.0,2.503404328839185
651,0.174076,0.5448519032873878,1382.0,2.503404328839185
652,0.07923,0.715942084887199,1527.0,2.503404328839185
653,0.050596,0.8204192839050084,1441.0,2.503404328839185
654,0.015788,0.9168528006662676,1549.0,2.503404328839185
655,0.087036,0.5819262336593531,1445.0,2.503404328839185
656,0.04328,0.8543469561156566,1436.0,2.376725091192565
657,0.153504,0.44977245708641866,1501.0,2.503404328839185
658,0.472052,0.12028411251223659,1405.0,2.503404328839185
659,0.019754,0.901682215705943,1431.0,2.322832083197362
660,0.430447,0.6154974145097756,1254.0,2.67937161227042
661,0.033346,0.8310536768367864,1502.0,2.503404328839185
662,0.00817,0.9494660951378197,1512.0,2.503404328839185
663,0.814545,0.067291279754924,1247.0,2.503404328839185
664,0.223669,0.3894761212372534,1404.0,2.503404328839185
665,0.464793,0.25069385527333876,1229.0,2.503404328839185
666,0.019774,0.868120536824129,1507.0,2.503404328839185
667,0.12062,0.4665785999326122,1443.0,2.503404328839185
668,0.026061,0.8729106458815166,1434.0,2.503404328839185
669,0.153355,0.507071865257632,1440.0,2.503404328839185
670,0.121539,0.5866216870298535,1379.0,2.503404328839185
671,0.06399,0.6130156688938555,1551.0,2.503404328839185
672,0.060765,0.8169300764296957,1467.0,2.503404328839185
673,0.015504,0.8859171405272738,1499.0,2.503404328839185
674,0.14712,0.5922712356509683,1426.0,2.503404328839185
675,0.187887,0.5361605030139032,1422.0,2.503404328839185
676,0.036142,0.7774095406333341,1487.0,2.503404328839185
677,0.81823,0.06958922186006022,1166.0,2.503404328839185
678,0.048486,0.7993955163248945,1513.0,2.503404328839185
679,0.120832,0.8031004573885826,1426.0,2.503404328839185
680,0.457536,0.10067591166252199,1304.0,2.503404328839185
681,0.03888,0.8219930893145175,1505.0,2.503404328839185
682,0.068888,0.7429876268276788,1507.0,2.503404328839185
683,0.122252,0.7621379841388295,1366.0,2.503404328839185
684,0.053713,0.6755431667389094,1505.0,2.503404328839185
685,0.18776,0.4390924312622001,1428.0,2.503404328839185
686,0.690363,0.14838899846421083,1249.0,2.503404328839185
687,0.281038,0.5645419379640546,1331.0,2.503404328839185
688,0.563729,0.20796271420356527,1303.0,2.7378695824762076
689,0.034296,0.866933868624659,1565.0,2.503404328839185
690,0.05913,0.7803673456244962,1507.0,2.503404328839185
691,0.165633,0.7152614478858242,1403.0,2.503404328839185
692,0.931691,0.055043270702456404,1169.0,2.503404328839185
693,0.846618,0.22453629919950346,980.0,2.7378695824762076
694,0.524276,0.26070460697304354,1261.0,2.503404328839185
695,0.086863,0.5273516312206252,1415.0,2.503404328839185
696,0.156409,0.5601965103990723,1441.0,2.503404328839185
697,0.060945,0.6923918235841048,1595.0,2.503404328839185
698,0.147464,0.6494490641249873,1425.0,2.503404328839185
699,0.116891,0.3408669144631259,1441.0,2.503404328839185
700,0.160192,0.4595990098512116,1394.0,2.503404328839185
701,0.351305,0.21707141298494692,1423.0,2.503404328839185
702,0.124217,0.7634242464234349,1432.0,2.503404328839185
703,0.021949,0.865198605452033,1460.0,2.503404328839185
704,0.190535,0.7373898139958965,1290.0,2.72737450123031
705,0.014058,0.9249773758355702,1432.0,2.503404328839185
706,0.061216,0.807212608475572,1439.0,2.503404328839185
707,0.082102,0.7316232914305059,1367.0,2.503404328839185
708,0.01385,0.9035108431209856,1455.0,2.503404328839185
709,0.353611,0.6311681671572404,1164.0,2.7378695824762076
710,0.03579,0.8399384436143215,1525.0,2.376725091192565
711,0.290049,0.631034627447487,1275.0,2.7378695824762076
712,0.156951,0.696773242554428,1357.0,2.503404328839185
713,0.031652,0.8361199488661174,1508.0,2.376725091192565
714,0.018081,0.8787031678456363,1447.0,2.503404328839185
715,0.099291,0.6625419118694017,1440.0,2.503404328839185
716,0.3974,0.43010364752303176,1299.0,2.5790534663700058
717,0.049296,0.8281829106658561,1488.0,2.376725091192565
718,0.025191,0.8702991821212454,1495.0,2.503404328839185
719,0.632132,0.31962105001745367,1217.0,2.503404328839185
720,0.161554,0.445982948654025,1426.0,2.503404328839185
721,0.188648,0.6610659203056601,1327.0,2.503404328839185
722,0.010514,0.9212851513775059,1468.0,2.322832083197362
723,0.059736,0.8690258595604528,1462.0,2.503404328839185
724,0.728301,0.10857014318763325,1142.0,2.7378695824762076
725,0.174982,0.5983750681100353,1438.0,2.503404328839185
726,0.063344,0.7945734604231163,1361.0,2.503404328839185
727,0.742325,0.10482509856600652,1158.0,2.503404328839185
728,0.065742,0.6824798829194837,1424.0,2.4723348361132302
729,0.277759,0.2778004169355689,1356.0,2.503404328839185
730,0.035426,0.8592486025863839,1493.0,2.503404328839185
731,0.222144,0.496305494568284,1386.0,2.503404328839185
732,0.885241,0.5273435745285078,1334.0,2.322832083197362
733,0.008641,0.9567019059875518,1550.0,2.503404328839185
734,0.071625,0.5760889914634466,1463.0,2.3481559389957916
735,0.592495,0.16717502037777754,1149.0,2.5572973368343845
736,0.004409,0.9716772868705899,1631.0,2.503404328839185
737,0.245249,0.3925166438542297,1339.0,2.503404328839185
738,0.976661,0.054958389847932665,1429.0,2.2703763949805023
739,0.008992,0.9481926697989267,1501.0,2.503404328839185
740,0.975496,0.047759960175800864,1184.0,2.282319662990547
741,0.195381,0.5594653287098545,1352.0,2.503404328839185
742,0.24508,0.27692647432800765,1421.0,2.503404328839185
743,0.020583,0.9124124371473258,1511.0,2.503404328839185
744,0.909976,0.046547424098986045,938.0,3.0344738215651397
745,0.131712,0.6261907930320254,1492.0,2.503404328839185
746,0.031096,0.8891524055526154,1454.0,2.503404328839185
747,0.015917,0.9168853751416907,1471.0,2.4412653433872755
748,0.527747,0.15932315682787357,1137.0,2.503404328839185
749,0.015903,0.9000316784319768,1468.0,2.503404328839185
750,0.017519,0.9196536386828337,1520.0,2.503404328839185
751,0.083609,0.7945990774603939,1427.0,2.503404328839185
752,0.954955,0.37241195080685086,1162.0,2.324269402975702
753,0.230449,0.6044749391684527,1354.0,2.503404328839185
754,0.588541,0.24001469299578038,1333.0,2.503404328839185
755,0.096332,0.7323762703825476,1511.0,2.503404328839185
756,0.008743,0.9463897056495547,1481.0,2.503404328839185
757,0.073502,0.6911862543838909,1445.0,2.503404328839185
758,0.957508,0.03841446077976851,1143.0,2.503404328839185
759,0.005984,0.9645621585937211,1581.0,2.503404328839185
760,0.062262,0.7951335948009564,1494.0,2.376725091192565
761,0.751208,0.09202961699983203,1059.0,3.0344738215651397
762,0.011359,0.9129923153747449,1479.0,2.503404328839185
763,0.936353,0.16652223499795127,1284.0,2.2689390752021623
764,0.032054,0.8682245106412158,1456.0,2.503404328839185
765,0.190659,0.640823721798911,1450.0,2.503404328839185
766,0.762622,0.12138148433258256,1256.0,2.503404328839185
767,0.743681,0.0848692580301702,1236.0,2.503404328839185
768,0.250047,0.3464186124832721,1501.0,2.503404328839185
769,0.016479,0.9104816152904139,1566.0,2.503404328839185
770,0.03114,0.8515470001156102,1540.0,2.4830855190819037
771,0.033317,0.8606246864591656,1494.0,2.3481559389957916
772,0.099584,0.765208052806422,1381.0,2.503404328839185
773,0.032424,0.8464942665176349,1457.0,2.503404328839185
774,0.008542,0.9585586464679261,1498.0,2.503404328839185
775,0.120254,0.6151816634976353,1553.0,2.503404328839185
776,0.044969,0.8347871990116721,1508.0,2.503404328839185
777,0.027771,0.830110923849417,1504.0,2.503404328839185
778,0.258396,0.19500760515734183,1354.0,2.503404328839185
779,0.170899,0.5369910282567973,1492.0,2.503404328839185
780,0.004189,0.9722386824253701,1564.0,2.503404328839185
781,0.4228,0.5089512530367291,1206.0,3.0344738215651397
782,0.061986,0.7369039749544075,1434.0,2.503404328839185
783,0.061032,0.8451107721223413,1458.0,2.503404328839185
784,0.039079,0.8209796051348743,1471.0,2.376725091192565
785,0.021124,0.9193807708353896,1524.0,2.376725091192565
786,0.071723,0.717383536111474,1443.0,2.503404328839185
787,0.031172,0.8733744974716058,1484.0,2.503404328839185
788,0.357206,0.5880548942321275,1228.0,2.893512190311524
789,0.474659,0.3825996672638792,1344.0,2.503404328839185
790,0.035404,0.8199905712511075,1491.0,2.503404328839185
791,0.011031,0.8993721943048917,1539.0,2.503404328839185
792,0.043668,0.8864933443620304,1471.0,2.503404328839185
793,0.584076,0.1576163505309217,1258.0,2.5572973368343845
794,0.079667,0.7078126404722254,1514.0,2.503404328839185
795,0.041549,0.8400729395530406,1438.0,2.376725091192565
796,0.488449,0.5216082185690558,1341.0,2.322832083197362
797,0.116282,0.6315990467736315,1493.0,2.503404328839185
798,0.050302,0.8351302568135277,1471.0,2.503404328839185
799,0.029517,0.8916401486697412,1501.0,2.369627469298619
800,0.009071,0.9458730802524722,1497.0,2.503404328839185
801,0.045743,0.723214953760589,1461.0,2.503404328839185
802,0.130495,0.8427980156804248,1410.0,2.503404328839185
803,0.022975,0.9037748572778657,1523.0,2.4020489469909947
804,0.050846,0.7593667442558347,1486.0,2.503404328839185
805,0.895096,0.03926598679857052,1147.0,2.7378695824762076
806,0.024861,0.916493668915886,1499.0,2.503404328839185
807,0.007738,0.9563346175291836,1542.0,2.324269402975702
808,0.27074,0.5006877615958687,1400.0,2.503404328839185
809,0.304548,0.29488485119153185,1351.0,2.503404328839185
810,0.991452,0.04202484858870115,1319.0,2.2689390752021623
811,0.079737,0.7422229160343994,1451.0,2.322832083197362
812,0.004637,0.9637286366513792,1509.0,2.503404328839185
813,0.218505,0.3786956472547678,1438.0,2.503404328839185
814,0.137463,0.49552851485312444,1497.0,2.503404328839185
815,0.166578,0.6621709725699595,1390.0,2.503404328839185
816,0.392873,0.1686634479481347,1299.0,2.503404328839185
817,0.144061,0.7010097326159134,1427.0,2.503404328839185
818,0.007358,0.9565947280678929,1496.0,2.503404328839185
819,0.015342,0.920563746289923,1434.0,2.503404328839185
820,0.521503,0.11850171524756792,1255.0,2.6662317083875493
821,0.032773,0.7463058219346981,1519.0,2.503404328839185
822,0.245035,0.2897691265120227,1376.0,2.503404328839185
823,0.223348,0.4834067558306322,1366.0,2.503404328839185
824,0.044683,0.8073260998362395,1451.0,2.503404328839185
825,0.107315,0.707583205069175,1422.0,2.503404328839185
826,0.023762,0.8861640824722167,1535.0,2.503404328839185
827,0.00804,0.9552241624445102,1526.0,2.503404328839185
828,0.127306,0.4963830595190001,1474.0,2.503404328839185
829,0.867191,0.07522471361494343,1027.0,3.0597976773635693
830,0.225726,0.6255957489405171,1344.0,2.503404328839185
831,0.587239,0.3952000512816416,1234.0,2.6435526752260916
832,0.402076,0.164539449500535,1293.0,2.5572973368343845
833,0.265129,0.3293601825829241,1341.0,2.503404328839185
834,0.388086,0.7171963504209165,1296.0,2.503404328839185
835,0.041417,0.8234341731119056,1448.0,2.324269402975702
836,0.66674,0.22560801828869614,1220.0,2.322832083197362
837,0.023149,0.8702835333510766,1494.0,2.376725091192565
838,0.146415,0.4055140220023683,1486.0,2.503404328839185
839,0.018043,0.9025246908332671,1466.0,2.503404328839185
840,0.113051,0.6514345739020164,1446.0,2.376725091192565
841,0.051257,0.6004373634356828,1435.0,2.503404328839185
842,0.303166,0.5116412291720798,1317.0,2.5572973368343845
843,0.461309,0.6891247005933916,1402.0,2.503404328839185
844,0.003367,0.9706698806551058,1506.0,2.503404328839185
845,0.013305,0.9328488232716516,1501.0,2.503404328839185
846,0.015698,0.9050807345474341,1506.0,2.503404328839185
847,0.107719,0.7511076028972106,1366.0,2.503404328839185
848,0.010556,0.9237059069014784,1457.0,2.503404328839185
849,0.029248,0.889576443220769,1490.0,2.503404328839185
850,0.147508,0.5745196528652664,1455.0,2.503404328839185
851,0.053486,0.8325422918519331,1461.0,2.503404328839185
852,0.323402,0.5334495091928502,1325.0,2.503404328839185
853,0.021136,0.9113581811785056,1457.0,2.435346111326143
854,0.286453,0.32449506312649745,1417.0,2.503404328839185
855,0.426977,0.3056148456579527,1289.0,2.503404328839185
856,0.023934,0.874851529145027,1514.0,2.503404328839185
857,0.829283,0.2931916222583594,1124.0,2.322832083197362
858,0.013962,0.9376300051676751,1501.0,2.503404328839185
859,0.268796,0.3815083962741276,1397.0,2.503404328839185
860,0.936134,0.03856646895541205,1130.0,2.503404328839185
861,0.036223,0.6634653451023371,1533.0,2.503404328839185
862,0.621398,0.05042083552944887,1097.0,3.0344738215651397
863,0.194161,0.47610838735541905,1421.0,2.503404328839185
864,0.514804,0.5422096384133837,1219.0,2.503404328839185
865,0.011542,0.9317678036180141,1489.0,2.324269402975702
866,0.00295,0.974271717242219,1562.0,2.322832083197362
867,0.069833,0.7148542013924977,1492.0,2.376725091192565
868,0.774005,0.05322444635304302,1183.0,2.629926907411173
869,0.103433,0.754013950346883,1361.0,2.503404328839185
870,0.126012,0.7531965020052946,1451.0,2.503404328839185
871,0.437021,0.38739289636806673,1352.0,2.7378695824762076
872,0.041274,0.7405239401757424,1534.0,2.421657145189135
873,0.4067,0.33231454433564067,1262.0,2.5369785270771033
874,0.278142,0.3063051897877036,1367.0,2.503404328839185
875,0.259971,0.2565838430007378,1402.0,2.503404328839185
876,0.964957,0.06200874043861804,1185.0,2.322832083197362
877,0.764286,0.04888093594483223,1205.0,2.503404328839185
878,0.195154,0.6064785229465086,1317.0,2.503404328839185
879,0.016799,0.8880261212915235,1441.0,2.503404328839185
880,0.136667,0.7148680287510567,1404.0,2.503404328839185
881,0.084149,0.7164096090281002,1524.0,2.503404328839185
882,0.032454,0.8782261435742584,1528.0,2.503404328839185
883,0.008033,0.9498339980907362,1486.0,2.503404328839185
884,0.973643,0.14743807146737942,1098.0,2.322832083197362
885,0.015207,0.9126184216325066,1485.0,2.503404328839185
886,0.018018,0.8859889470502303,1450.0,2.437517958687426
887,0.889014,0.036029414290950634,1138.0,2.7378695824762076
888,0.029741,0.8702503659996609,1460.0,2.503404328839185
889,0.015042,0.8970826119605084,1527.0,2.322832083197362
890,0.118892,0.5310917202117688,1503.0,2.324269402975702
891,0.026096,0.8791393791665222,1491.0,2.324269402975702
892,0.151703,0.5446922548460525,1451.0,2.503404328839185
893,0.271951,0.29995055086580513,1352.0,2.503404328839185
894,0.231867,0.6992383929709881,1323.0,2.324269402975702
895,0.040303,0.6549143761868667,1513.0,2.376725091192565
896,0.011184,0.92818933955532,1480.0,2.324269402975702
897,0.102938,0.7575930876150261,1453.0,2.503404328839185
898,0.316543,0.2658002606870986,1463.0,2.503404328839185
899,0.955052,0.1273256116726469,1103.0,2.322832083197362
900,0.121326,0.7054265933058201,1448.0,2.503404328839185
901,0.024049,0.8741901666869483,1494.0,2.503404328839185
902,0.16185,0.589622918539596,1485.0,2.503404328839185
903,0.286155,0.33624266337047937,1422.0,2.4905764748703882
904,0.032325,0.8480063728317276,1452.0,2.503404328839185
905,0.00489,0.9569362329386979,1429.0,2.503404328839185
906,0.042221,0.8675670746891495,1424.0,2.503404328839185
907,0.519864,0.1560674505698857,1248.0,2.503404328839185
908,0.978859,0.12739961983906634,1448.0,2.294262931000592
909,0.040746,0.79091044159382,1541.0,2.503404328839185
910,0.051927,0.7604831996275135,1498.0,2.503404328839185
911,0.074448,0.7458525956219018,1483.0,2.503404328839185
912,0.187881,0.48711488082698906,1426.0,2.503404328839185
913,0.020113,0.8984648103228784,1510.0,2.503404328839185
914,0.08619,0.8429846839063271,1490.0,2.503404328839185
915,0.087882,0.6667706987040449,1445.0,2.503404328839185
916,0.017754,0.8588468461216076,1461.0,2.503404328839185
917,0.03467,0.8569351433162516,1466.0,2.503404328839185
918,0.046545,0.8342910962528054,1528.0,2.4830855190819037
919,0.117166,0.586546608398239,1494.0,2.503404328839185
920,0.091649,0.4255123102620676,1491.0,2.503404328839185
921,0.004337,0.9608680929443799,1469.0,2.503404328839185
922,0.152701,0.6297973054974305,1427.0,2.503404328839185
923,0.181308,0.32722794886345874,1457.0,2.503404328839185
924,0.033918,0.8646719977637964,1480.0,2.503404328839185
925,0.54535,0.20342033069436427,1431.0,2.5572973368343845
926,0.054062,0.8532998441535696,1412.0,2.503404328839185
927,0.261991,0.5415446889736822,1452.0,2.503404328839185
928,0.487278,0.3968859766346404,1197.0,2.5572973368343845
929,0.361187,0.5540811810807101,1343.0,2.503404328839185
930,0.038481,0.7229849577850537,1474.0,2.503404328839185
931,0.045528,0.7519681833246488,1565.0,2.376170315165389
932,0.081002,0.6844928436919505,1551.0,2.503404328839185
933,0.108149,0.7386574996169619,1508.0,2.503404328839185
934,0.944151,0.048746787922704926,1179.0,2.324269402975702
935,0.153287,0.6456055332057782,1467.0,2.503404328839185
936,0.979203,0.17307595188481173,1241.0,2.294262931000592
937,0.122975,0.6948911423597123,1432.0,2.3621631270805903
938,0.14788,0.6331971902012947,1394.0,2.503404328839185
939,0.022087,0.8980371350730557,1408.0,2.503404328839185
940,0.789883,0.06155860798969981,1318.0,2.393951279695715
941,0.03436,0.8751598640030687,1494.0,2.503404328839185
942,0.07446,0.765102489159418,1488.0,2.503404328839185
943,0.018557,0.8614622632782276,1557.0,2.503404328839185
944,0.016785,0.9361566762551738,1530.0,2.503404328839185
945,0.060077,0.7673086037571978,1457.0,2.503404328839185
946,0.040155,0.849458915041331,1459.0,2.503404328839185
947,0.336012,0.4676143299548128,1355.0,2.5287281846376146
948,0.150932,0.6056775852808964,1483.0,2.503404328839185
949,0.040722,0.7504932267083974,1561.0,2.503404328839185
950,0.056614,0.8364817189592738,1493.0,2.503404328839185
951,0.729294,0.2938741413341921,1081.0,3.0344738215651397
952,0.033913,0.8521500515962894,1425.0,2.503404328839185
953,0.131202,0.5217474550042165,1517.0,2.503404328839185
954,0.245068,0.6279156592027648,1399.0,2.503404328839185
955,0.126179,0.6289890187259302,1461.0,2.322832083197362
956,0.974666,0.3234361603806858,1308.0,2.2689390752021623
957,0.015927,0.8860911684625408,1530.0,2.503404328839185
958,0.300588,0.3650407414138751,1496.0,2.503404328839185
959,0.845113,0.09523342186082995,1191.0,3.0141550118078584
960,0.55606,0.33932205762257406,1346.0,2.5572973368343845
961,0.700032,0.09588278703768638,1286.0,2.503404328839185
962,0.963247,0.04204044741853974,1211.0,2.322832083197362
963,0.020186,0.863475668223558,1472.0,2.503404328839185
964,0.145921,0.7352243491553621,1380.0,2.545504464493127
965,0.141083,0.5501242239850525,1431.0,2.503404328839185
966,0.195791,0.64894997996169,1341.0,2.503404328839185
967,0.012205,0.92305824425838,1516.0,2.503404328839185
968,0.036798,0.8123864706403657,1448.0,2.503404328839185
969,0.087795,0.7192294461938463,1444.0,2.503404328839185
970,0.111639,0.6417165700316645,1435.0,2.503404328839185
971,0.296112,0.33449940141753376,1379.0,2.503404328839185
972,0.132534,0.5565567195980063,1388.0,2.51980523809417
973,0.232115,0.49990419162582,1291.0,2.503404328839185
974,0.236125,0.5499187020915446,1407.0,2.503404328839185
975,0.070921,0.7579650916639987,1477.0,2.503404328839185
976,0.612574,0.18740447139074778,1136.0,2.9039683849579587
977,0.039702,0.7625763905976072,1488.0,2.503404328839185
978,0.169081,0.5328983761784047,1451.0,2.4412653433872755
979,0.061349,0.7808075515258432,1478.0,2.322832083197362
980,0.035228,0.8259926971477662,1473.0,2.503404328839185
981,0.238759,0.4494952119610953,1447.0,2.5287281846376146
982,0.034828,0.8749145248275343,1409.0,2.503404328839185
983,0.409111,0.21941584347808984,1412.0,2.7067217602129388
984,0.060709,0.7877657570429937,1446.0,2.503404328839185
985,0.035219,0.8390390915812427,1487.0,2.503404328839185
986,0.052131,0.8144997102208436,1455.0,2.503404328839185
987,0.025117,0.8745531225908825,1441.0,2.503404328839185
988,0.16783,0.5838234769851316,1410.0,2.503404328839185
989,0.010927,0.9320135772627055,1491.0,2.503404328839185
990,0.037583,0.8231621110283118,1504.0,2.503404328839185
991,0.177406,0.6559385335406174,1307.0,2.7378695824762076
992,0.760966,0.2533515879197715,1259.0,2.503404328839185
993,0.015982,0.9259698697665326,1547.0,2.503404328839185
994,0.013751,0.9097564883668651,1550.0,2.503404328839185
995,0.032645,0.8413805505763333,1493.0,2.5287281846376146
996,0.019568,0.9132751035324669,1457.0,2.503404328839185
997,0.381482,0.373265437205622,1265.0,2.533711592151869
998,0.07725,0.7336081423002818,1470.0,2.503404328839185
999,0.061876,0.7285122006748546,1378.0,2.503404328839185
