,MaxAFs,H,total_m,rec_errors
0,0.0005685452348802502,0.8229166666666667,3.0,0.7663465532706155
1,0.00014213630872006254,0.9382716049382716,1.0,0.23365344672938448
2,0.021178309999289317,0.25602258678873313,6.0,0.7663465532706155
3,0.29166370549356835,0.057000427060661996,5.0,0.0008118069076381573
4,0.0006396133892402814,0.8128544423440454,3.0,0.23365344672938448
5,0.003126998791841376,0.536730945821855,3.0,0.0008118069076381573
6,0.006253997583682752,0.40635160680529303,4.0,0.0008118069076381573
7,0.012650131476085565,0.2075200121209061,3.0,0.7663465532706155
8,0.00014213630872006254,0.9513888888888888,2.0,0.0008118069076381573
9,0.010518086845284628,0.3798325914728031,7.0,0.06442881374453524
10,0.0016345675502807192,0.7538525614327364,5.0,0.0008118069076381573
11,0.002629521711321157,0.796,7.0,0.7663465532706155
12,0.013716153791486035,0.31981892258940725,5.0,0.7663465532706155
13,0.0028427261744012507,0.6391836734693878,3.0,0.38357918008912684
14,0.47786226991685027,0.010326709222710284,3.0,0.0008118069076381573
15,0.13517162959277948,0.08105115711831812,5.0,0.7663465532706155
16,0.0002842726174401251,0.8520710059171597,1.0,0.0008118069076381573
17,0.023878899864970507,0.11395341497285705,3.0,0.0008118069076381573
18,0.00021320446308009382,0.9206349206349207,3.0,0.0008118069076381573
19,0.6143131262881103,0.004156851214540902,3.0,0.0008118069076381573
20,0.0002842726174401251,0.915576694411415,4.0,0.7663465532706155
21,0.07213417667543173,0.05282179184426805,3.0,0.0008118069076381573
22,0.0012081586241205315,0.8069135802469136,5.0,0.0008118069076381573
23,0.002629521711321157,0.5069419722321111,1.0,0.0008118069076381573
24,0.08130196858787578,0.08012937783445817,5.0,0.5318812996335929
25,0.2086561012010518,0.05690960949260393,6.0,1.053081201087564
26,0.002629521711321157,0.6695440045036591,4.0,0.7663465532706155
27,0.00042640892616018763,0.915576694411415,2.0,0.2875464547245876
28,0.001563499395920688,0.5692041522491349,2.0,0.2663465532706155
29,0.5322294080022741,0.11851251079732417,6.0,0.5
30,0.014711107952526474,0.28914667195452426,6.0,0.0008118069076381573
31,0.0061118612749626895,0.6192,7.0,0.23365344672938448
32,0.08378935399047686,0.13641413322851215,4.0,0.0008118069076381573
33,0.0027005898656811884,0.6955717423979652,4.0,0.0008118069076381573
34,0.00042640892616018763,0.9035812672176309,6.0,0.23365344672938448
35,0.0012081586241205315,0.7851239669421487,5.0,0.0008118069076381573
36,0.6664771515883733,0.0034071746076403953,3.0,0.0008118069076381573
37,0.0005685452348802502,0.8946938775510205,5.0,0.40971387717908936
38,0.0032691351005614384,0.7529445561620224,9.0,0.02451204889079328
39,0.026508421576291664,0.3559018850344353,4.0,0.0008118069076381573
40,0.6197143060194726,0.003890705219489532,3.0,0.01266192789921572
41,0.0008528178523203753,0.826222684703434,3.0,0.0008118069076381573
42,0.00014213630872006254,0.9183673469387755,1.0,0.7663465532706155
43,0.002629521711321157,0.8130513338293124,9.0,0.6172326268185113
44,0.002132044630800938,0.7586505190311419,6.0,0.11723262681851132
45,0.00014213630872006254,0.9027777777777778,1.0,0.0008118069076381573
46,0.07256058560159193,0.0749607215182242,3.0,0.792481250360578
47,0.010375950536564565,0.19631901840490806,2.0,0.0008118069076381573
48,0.000781749697960344,0.8377777777777778,4.0,0.23365344672938448
49,0.1297704498614171,0.07163692817510314,2.0,0.38357918008912684
50,0.0029848624831213134,0.6886716872296106,5.0,0.5318812996335929
51,0.004335157415961907,0.6475855286993428,4.0,0.7410226974721841
52,0.00014213630872006254,0.9259259259259259,3.0,0.0008118069076381573
53,0.016345675502807192,0.10422785328870965,2.0,0.0008118069076381573
54,0.00035534077180015633,0.8808864265927978,3.0,0.0008118069076381573
55,0.0002842726174401251,0.9466666666666667,2.0,0.0008118069076381573
56,0.1081657309359676,0.03454319652264504,4.0,0.0008118069076381573
57,0.05251936607206311,0.07871816495193096,6.0,0.0008118069076381573
58,0.062042498756307296,0.0574548668097461,6.0,0.7663465532706155
59,0.8492644446023737,0.01587392862236925,8.0,0.3937385849677675
60,0.0017056357046407505,0.5390796201607011,2.0,0.0008118069076381573
61,0.0002842726174401251,0.9099999999999999,3.0,0.0008118069076381573
62,0.9909743443962761,0.4985936831303752,11.0,0.3827673731814887
63,0.022173264160329755,0.07254991617131568,3.0,0.23365344672938448
64,0.03027503375737332,0.4605606948661817,6.0,0.2875464547245876
65,0.9624760144979035,0.006927562637664586,6.0,0.0008118069076381573
66,0.01854878828796816,0.14961521050248994,3.0,0.23365344672938448
67,0.6864473029635421,0.011321060485705914,6.0,0.0008118069076381573
68,0.0005685452348802502,0.847750865051903,3.0,0.7025839540034298
69,0.6551062468907682,0.005191537780977251,3.0,0.0008118069076381573
70,0.45021675787079807,0.06418241837169414,4.0,0.23365344672938448
71,0.10653116338568687,0.06108829245365832,8.0,0.739400049273014
72,0.0016345675502807192,0.7091358024691357,4.0,0.7663465532706155
73,7.106815436003127e-05,0.8333333333333333,0.0,0.0008118069076381573
74,0.006680406509842939,0.7127092750183077,8.0,0.23365344672938448
75,0.008457110368843722,0.42110676001740466,4.0,0.0008118069076381573
76,0.06609338355482908,0.5183328150972144,7.0,0.7663465532706155
77,0.0016345675502807192,0.7107438016528926,4.0,0.11723262681851132
78,0.000781749697960344,0.7465277777777779,2.0,0.7663465532706155
79,0.05983938597114633,0.03924574749233789,3.0,0.0008118069076381573
80,0.47459313481628884,0.06361843879094442,7.0,0.7663465532706155
81,0.1274962689218961,0.18802185568952312,6.0,0.0008118069076381573
82,0.00902565560372397,0.5599941182237036,6.0,0.0008118069076381573
83,0.00021320446308009382,0.9140625,1.0,0.0008118069076381573
84,0.017695970435647787,0.16133217993079596,4.0,0.2663465532706155
85,0.9529528818136593,0.02044655758960312,11.0,0.14830211954446604
86,0.052092957145902924,0.04481275434446674,2.0,0.0008118069076381573
87,0.006822542818563002,0.53538128913112,4.0,0.0008118069076381573
88,0.04242768815293867,0.03594418847825376,1.0,0.0008118069076381573
89,0.0019899083220808757,0.6894444444444445,3.0,0.5126619278992157
90,0.00035534077180015633,0.9473684210526316,3.0,0.02451204889079328
91,0.01577713026792694,0.4969883786848073,6.0,0.7663465532706155
92,0.0029848624831213134,0.7175192394748755,5.0,0.0008118069076381573
93,0.07014426835335086,0.4470477773974276,6.0,0.5318812996335929
94,0.0007106815436003127,0.9028925619834711,4.0,0.0008118069076381573
95,0.8374671309786085,0.009110745016475463,5.0,0.7663465532706155
96,0.00035534077180015633,0.9023668639053255,6.0,0.23365344672938448
97,0.12031838533153294,0.029998062018130267,4.0,0.11723262681851132
98,0.08279439982943643,0.05882500000000035,4.0,0.38357918008912684
99,0.0005685452348802502,0.8494897959183674,4.0,0.0008118069076381573
100,0.0007106815436003127,0.8620408163265306,4.0,0.23365344672938448
101,0.004832634496482126,0.5493448958431519,5.0,0.7663465532706155
102,0.03581834979745576,0.11810562161674809,4.0,0.7663465532706155
103,0.00021320446308009382,0.88,2.0,0.0008118069076381573
104,0.0029848624831213134,0.716821639898563,6.0,0.792481250360578
105,0.3497263876057139,0.1390487877752502,5.0,0.7663465532706155
106,0.01115770023452491,0.45674740484429077,5.0,0.0008118069076381573
107,0.029990761139933195,0.08827624332016137,3.0,0.0008118069076381573
108,0.0013502949328405942,0.8411376041367423,5.0,0.0008118069076381573
109,0.3777272404235662,0.027326547460176487,6.0,0.0008118069076381573
110,0.00561438419444247,0.29321308821829084,3.0,0.5
111,0.000781749697960344,0.8764146672702581,6.0,0.23365344672938448
112,0.11235875204320944,0.0344581307522438,6.0,0.11723262681851132
113,0.00014213630872006254,0.9112426035502958,1.0,0.0008118069076381573
114,0.9895529813090754,0.175469095539862,12.0,0.6221674224545026
115,0.0034823395636415324,0.640731601103208,6.0,0.0008118069076381573
116,0.0014924312415606567,0.8134765625,8.0,0.11723262681851132
117,0.00021320446308009382,0.9338842975206612,3.0,0.0008118069076381573
118,0.0005685452348802502,0.8940832724616509,6.0,0.0008118069076381573
119,0.8873569753393504,0.023602048803842535,7.0,0.0008118069076381573
120,0.0019899083220808757,0.7440409890844286,5.0,0.0008118069076381573
121,0.0033402032549214697,0.611875,3.0,0.11723262681851132
122,0.0017056357046407505,0.7300347222222222,6.0,0.7663465532706155
123,0.01577713026792694,0.1847775794831117,5.0,0.5318812996335929
124,0.0007106815436003127,0.782608695652174,2.0,0.0008118069076381573
125,0.0008528178523203753,0.8646446355817112,5.0,0.11723262681851132
126,0.0011370904697605004,0.8291420118343196,5.0,0.0008118069076381573
127,0.10518086845284629,0.04922254091798273,4.0,0.0008118069076381573
128,0.001066022315400469,0.6748971193415636,1.0,0.0008118069076381573
129,0.00014213630872006254,0.9155555555555556,2.0,0.0008118069076381573
130,0.00014213630872006254,0.9320987654320988,2.0,0.0008118069076381573
131,0.002132044630800938,0.7734068805341849,5.0,0.0008118069076381573
132,0.0005685452348802502,0.8224,2.0,0.0008118069076381573
133,0.0005685452348802502,0.8963265306122449,5.0,0.38357918008912684
134,0.0006396133892402814,0.8647959183673469,2.0,0.0008118069076381573
135,0.0036244758723615947,0.6095917558462149,6.0,0.5318812996335929
136,0.1354559022102196,0.014538193134358557,2.0,0.7663465532706155
137,0.0006396133892402814,0.8166351606805293,2.0,0.0008118069076381573
138,0.024234240636770665,0.20279778393351788,5.0,0.38357918008912684
139,0.00014213630872006254,0.945,1.0,0.0008118069076381573
140,0.08201265013147609,0.022141305201819117,2.0,0.7663465532706155
141,7.106815436003127e-05,0.9090909090909091,0.0,0.0008118069076381573
142,0.21270698599957358,0.023042658561553298,7.0,0.5
143,0.008172837751403596,0.617801047120419,8.0,0.7663465532706155
144,0.00014213630872006254,0.9273356401384083,2.0,0.0008118069076381573
145,0.02693483050245185,0.08363942454851558,2.0,0.0008118069076381573
146,0.9985075687584394,0.02415202441711717,10.0,0.47305349600239843
147,0.009807405301684315,0.4614199171006482,4.0,0.7663465532706155
148,0.0028427261744012507,0.6864327265903545,7.0,0.0008118069076381573
149,0.0006396133892402814,0.7479224376731302,1.0,0.0008118069076381573
150,0.936322933693412,0.011497256884424045,7.0,0.0008118069076381573
151,0.0006396133892402814,0.7644628099173554,2.0,0.0008118069076381573
152,0.0009238860066804065,0.816358024691358,4.0,0.24462465851566328
153,0.9139364650700021,0.07292906886327832,7.0,0.23365344672938448
154,7.106815436003127e-05,0.923076923076923,0.0,0.0008118069076381573
155,0.0017056357046407505,0.8220591152549097,7.0,0.11723262681851132
156,0.008741382986283847,0.28795271157815683,6.0,0.0530812010875632
157,0.06282424845426764,0.44195342670337057,4.0,0.4681187003664071
158,0.0017056357046407505,0.818125,7.0,0.23365344672938448
159,0.005685452348802501,0.34465870829507195,3.0,0.3643598083547497
160,0.0005685452348802502,0.7949999999999999,2.0,0.0008118069076381573
161,0.00035534077180015633,0.9,1.0,0.0008118069076381573
162,0.0002842726174401251,0.9115646258503401,2.0,0.0008118069076381573
163,0.0035534077180015633,0.6117969821673527,5.0,0.0008118069076381573
164,0.004264089261601876,0.5550054341263132,7.0,0.6491139264521042
165,0.006396133892402814,0.5050887573964498,7.0,0.3827673731814887
166,0.00035534077180015633,0.8960302457466919,2.0,0.0008118069076381573
167,0.000781749697960344,0.8010204081632654,5.0,0.11723262681851132
168,0.011370904697605003,0.3563773173931337,3.0,0.0008118069076381573
169,0.9711463293298273,0.009630318461455456,8.0,0.26553474636297647
170,0.008741382986283847,0.5624963580210943,3.0,0.0008118069076381573
171,0.0025584535569611257,0.7282688093498904,7.0,0.23365344672938448
172,0.9415819771160543,0.006177163682365316,6.0,0.0008118069076381573
173,0.31191812948617725,0.04924250707130151,5.0,0.7663465532706155
174,0.010944495771444816,0.4439909297052155,5.0,0.8827673731814887
175,0.013574017482765972,0.22332179489902138,4.0,0.0008118069076381573
176,0.0019188401677208444,0.694710537276135,4.0,0.5
177,0.8494065809110938,0.00367762605531452,3.0,0.0008118069076381573
178,0.006325065738042783,0.5000930001860002,4.0,0.0008118069076381573
179,0.48255276810461234,0.012836023561298093,4.0,0.0008118069076381573
180,0.04569682325350011,0.05653015215268231,2.0,0.0008118069076381573
181,0.041574870300618294,0.10939004752571357,5.0,0.0008118069076381573
182,0.027005898656811883,0.21660090115793906,6.0,0.23365344672938448
183,0.001847772013360813,0.7110059171597634,2.0,0.0008118069076381573
184,0.0022031127851609694,0.7583673469387755,4.0,0.0008118069076381573
185,0.003198066946201407,0.5235018935174871,3.0,0.0008118069076381573
186,0.008172837751403596,0.5764500896442011,5.0,0.0008118069076381573
187,0.0005685452348802502,0.875,4.0,0.0008118069076381573
188,0.0022741809395210007,0.5664306538942108,1.0,0.0008118069076381573
189,0.01293440409352569,0.5851308377582422,5.0,0.0008118069076381573
190,0.0005685452348802502,0.8669410150891632,3.0,0.14830211954446604
191,0.018761992751048256,0.20375273922571213,5.0,0.0008118069076381573
192,0.02288394570393007,0.2141045767419394,6.0,0.7663465532706155
193,0.0024873854026010943,0.4574652777777778,3.0,0.3827673731814878
194,0.006040793120602658,0.73220904733257,6.0,0.02694650399760068
195,0.001847772013360813,0.7426470588235294,5.0,0.23365344672938448
196,0.0002842726174401251,0.9141274238227147,1.0,0.0008118069076381573
197,0.00035534077180015633,0.89,3.0,0.3954293010807044
198,7.106815436003127e-05,0.8999999999999999,0.0,0.0008118069076381573
199,0.0011370904697605004,0.6933333333333334,2.0,0.0008118069076381573
200,0.01009167791912444,0.5996969176209594,6.0,0.0008118069076381573
201,0.000781749697960344,0.7372400756143667,2.0,0.0008118069076381573
202,0.9998578636912799,0.003976179038314376,7.0,0.23365344672938448
203,0.002913794328761282,0.6928069226608977,6.0,0.7663465532706155
204,0.030914647146613603,0.16779399549068463,9.0,0.23365344672938448
205,0.0002842726174401251,0.8950617283950617,3.0,0.0008118069076381573
206,0.743159690142847,0.0030566594401324476,3.0,0.0008118069076381573
207,0.5561793760216047,0.1311608262859042,7.0,0.0008118069076381573
208,0.0004974770805202189,0.878698224852071,4.0,0.0008118069076381573
209,0.07810390164167437,0.035405990124273035,2.0,0.7663465532706155
210,0.0009949541610404379,0.7664359861591695,3.0,0.6172326268185113
211,0.0009238860066804065,0.8414814814814815,5.0,0.6491139264521042
212,0.6253286902139151,0.007913641164005947,4.0,0.0008118069076381573
213,0.001847772013360813,0.8316289262235208,7.0,0.23365344672938448
214,7.106815436003127e-05,0.9444444444444444,0.0,0.0008118069076381573
215,0.0002842726174401251,0.9224952741020794,2.0,0.0008118069076381573
216,0.018264515670528038,0.1905472150227393,5.0,0.7663465532706155
217,0.000781749697960344,0.8195918367346938,5.0,0.23365344672938448
218,0.0011370904697605004,0.8223593964334706,5.0,0.14336732390847384
219,0.002629521711321157,0.6818017147687476,3.0,0.0008118069076381573
220,0.0036244758723615947,0.6927409926665957,10.0,0.4681187003664071
221,0.13574017482765974,0.4554457709913844,10.0,0.17524862354206583
222,0.0002842726174401251,0.9131944444444444,4.0,0.14336732390847384
223,0.00021320446308009382,0.863905325443787,3.0,0.23365344672938448
224,0.0038376803354416887,0.7325909744791944,5.0,0.0008118069076381573
225,0.001066022315400469,0.723155588020453,2.0,0.38357918008912684
226,0.009309928221164096,0.508384423728339,8.0,0.7663465532706155
227,0.0027716580200412193,0.7090571765896441,5.0,0.0008118069076381573
228,0.0008528178523203753,0.8770661157024794,3.0,0.0008118069076381573
229,0.012223722549925379,0.341503515413737,2.0,0.0008118069076381573
230,0.046123232179660294,0.2145550465083993,4.0,0.2663465532706155
231,0.16438064103475233,0.275963623418234,5.0,0.0008118069076381573
232,0.012721199630445598,0.4501124531445231,4.0,0.0008118069076381573
233,0.010162746073484472,0.541694214876033,6.0,0.0008118069076381573
234,0.0009238860066804065,0.7407407407407407,2.0,0.7663465532706155
235,0.0012792267784805628,0.8171900826446281,7.0,0.23365344672938448
236,0.0002842726174401251,0.8996539792387543,1.0,0.38357918008912684
237,0.0007106815436003127,0.9044816659121775,9.0,0.2589773025278159
238,0.14924312415606567,0.11059608369276264,5.0,0.11723262681851132
239,0.0017767038590007817,0.7970640745883752,5.0,0.0008118069076381573
240,0.9397342051026935,0.00739427644250934,8.0,0.23365344672938448
241,0.01229479070428541,0.5332840874115112,6.0,0.23365344672938448
242,0.010518086845284628,0.4810875756496975,5.0,0.5
243,0.00035534077180015633,0.8641975308641975,2.0,0.38357918008912684
244,0.004974770805202189,0.41280718336483957,4.0,0.0008118069076381573
245,0.005756520503162533,0.35408293304577987,3.0,0.0008118069076381573
246,0.049676639897661856,0.3693581993821504,8.0,0.23365344672938448
247,0.5297420225996731,0.018293593309488543,9.0,0.3937385849677675
248,0.0012081586241205315,0.6555555555555557,3.0,0.2589773025278159
249,0.005685452348802501,0.2738795835219556,2.0,0.0008118069076381573
250,0.2722620993532798,0.014464309541846743,5.0,0.5318812996335929
251,0.0006396133892402814,0.8778696051423324,4.0,0.0008118069076381573
252,0.002345249093881032,0.5528642829680892,5.0,0.792481250360578
253,0.017127425200767536,0.5650142050299938,6.0,0.23365344672938448
254,0.004832634496482126,0.39798553719008267,3.0,0.0008118069076381573
255,0.02729017127425201,0.20387487147463657,4.0,0.0008118069076381573
256,0.0006396133892402814,0.8571428571428571,2.0,0.0008118069076381573
257,0.00021320446308009382,0.9380165289256198,2.0,0.0008118069076381573
258,0.008101769597043566,0.5411078383711287,4.0,0.0530812010875632
259,0.0012081586241205315,0.8409763313609468,5.0,0.0008118069076381573
260,0.5880179091748987,0.007933628832994533,4.0,0.23365344672938448
261,0.0009238860066804065,0.7999999999999999,3.0,0.0008118069076381573
262,0.00042640892616018763,0.865,3.0,0.23365344672938448
263,0.006325065738042783,0.3745767928593411,2.0,0.0008118069076381573
264,0.00042640892616018763,0.8393194706994329,3.0,0.1441791308161129
265,0.00014213630872006254,0.8925619834710744,1.0,0.0008118069076381573
266,0.0005685452348802502,0.854591836734694,5.0,0.23365344672938448
267,0.18442186056428114,0.024283315659759275,4.0,0.0008118069076381573
268,0.2741098713666406,0.11121856588487056,5.0,0.7900467952537689
269,0.003695544026721626,0.6576482830385018,5.0,0.0008118069076381573
270,0.0011370904697605004,0.7845804988662132,4.0,0.0008118069076381573
271,0.0022031127851609694,0.6143790849673203,3.0,0.5
272,7.106815436003127e-05,0.9285714285714286,0.0,0.0008118069076381573
273,0.00042640892616018763,0.9151234567901234,5.0,0.7663465532706155
274,0.01790917489872788,0.41390870952705394,4.0,0.0008118069076381573
275,0.0002842726174401251,0.8846880907372401,4.0,0.0008118069076381573
276,0.014853244261246535,0.29266389177939645,7.0,0.3508860735478958
277,0.0011370904697605004,0.7117585848074923,2.0,0.0008118069076381573
278,0.005472247885722408,0.26197530864197527,3.0,0.0008118069076381573
279,0.00021320446308009382,0.915,3.0,0.0530812010875632
280,0.00014213630872006254,0.9081632653061225,2.0,0.0008118069076381573
281,0.07632719778267358,0.058981967511988254,5.0,0.0008118069076381573
282,0.0005685452348802502,0.8686868686868687,5.0,0.23365344672938448
283,0.0007106815436003127,0.8473469387755102,6.0,0.7124535452754124
284,0.5313765901499538,0.18534258609912213,4.0,0.11723262681851132
285,0.0007106815436003127,0.869140625,5.0,0.0008118069076381573
286,0.4247743586099069,0.0056732137792271375,5.0,0.11723262681851132
287,0.000781749697960344,0.7750472589792061,2.0,0.0008118069076381573
288,0.0022741809395210007,0.5728,4.0,0.4681187003664071
289,0.003198066946201407,0.4466541252351517,3.0,0.7663465532706155
290,0.07980953734631512,0.4440041696611827,7.0,0.47798829163838974
291,0.011655177315045128,0.22118163949589553,4.0,0.11723262681851132
292,0.9444247032904556,0.1855311848832989,9.0,0.3508860735478958
293,0.986283846208514,0.005597762905708903,3.0,0.4636068851742916
294,0.0002842726174401251,0.8711111111111112,2.0,0.7663465532706155
295,0.00014213630872006254,0.859504132231405,3.0,0.11723262681851132
296,0.03411271409281501,0.2715201175263735,7.0,0.0530812010875632
297,0.000781749697960344,0.8620037807183365,4.0,0.38357918008912684
298,0.00035534077180015633,0.8719723183391004,1.0,0.0008118069076381573
299,7.106815436003127e-05,0.8888888888888888,0.0,0.7663465532706155
300,0.0654537701655888,0.033828073656359425,3.0,0.7663465532706155
301,0.0005685452348802502,0.8809349890430971,6.0,0.26059995072698605
302,0.006751474664202971,0.5855696488388724,6.0,0.11723262681851132
303,0.00014213630872006254,0.9342560553633218,1.0,0.11723262681851132
304,0.10866320801648781,0.05486843553535481,5.0,0.0008118069076381573
305,0.11463293298273043,0.2297512996219283,7.0,0.7663465532706155
306,0.005969724966242627,0.533504,6.0,0.7663465532706155
307,0.0009949541610404379,0.7622222222222222,2.0,0.0008118069076381573
308,0.055077819629024236,0.6481590304614542,6.0,0.23365344672938448
309,0.001563499395920688,0.7387654320987654,5.0,0.0008118069076381573
310,0.0017056357046407505,0.5447530864197531,2.0,0.0008118069076381573
311,0.000781749697960344,0.7673611111111112,1.0,0.0008118069076381573
312,0.05372752469618364,0.05100338226261847,4.0,0.0008118069076381573
313,0.0014213630872006253,0.511296076099881,2.0,0.0008118069076381573
314,0.0024873854026010943,0.5420991926182237,3.0,0.0008118069076381573
315,0.00014213630872006254,0.9081632653061225,2.0,0.0008118069076381573
316,0.0005685452348802502,0.892578125,3.0,0.01266192789921572
317,0.004974770805202189,0.6665107420896121,5.0,0.23365344672938448
318,0.005898656811882595,0.5388007054673722,6.0,0.7663465532706155
319,0.04256982446165873,0.05130279595478904,3.0,0.7663465532706155
320,0.0005685452348802502,0.8735999999999999,2.0,0.0008118069076381573
321,0.0027716580200412193,0.6026706979087932,3.0,0.0008118069076381573
322,0.0007106815436003127,0.865,4.0,0.0008118069076381573
323,0.9901215265439557,0.1792798770188393,5.0,0.7663465532706155
324,0.26359178452135595,0.5037463498273005,4.0,0.38357918008912684
325,0.4667756378366854,0.007271274628964153,4.0,0.7663465532706155
326,0.0017056357046407505,0.7599451303155007,4.0,0.7663465532706155
327,0.06140288536706702,0.0969641347663327,3.0,0.23365344672938448
328,0.01577713026792694,0.23443291041906955,3.0,0.0008118069076381573
329,0.00021320446308009382,0.9196675900277008,3.0,0.23365344672938448
330,0.32876128206950467,0.03983981437628048,3.0,0.0008118069076381573
331,0.0029848624831213134,0.6020761245674741,5.0,0.3508860735478958
332,0.006040793120602658,0.34213151927437635,3.0,0.6491139264521042
333,0.5742306872290527,0.019015725093153524,4.0,0.0008118069076381573
334,7.106815436003127e-05,0.8888888888888888,0.0,0.0008118069076381573
335,0.00021320446308009382,0.8611111111111112,2.0,0.0008118069076381573
336,0.0002842726174401251,0.905,2.0,0.0008118069076381573
337,0.0005685452348802502,0.88,3.0,0.0008118069076381573
338,0.0020609764764409066,0.6981818181818182,4.0,0.23365344672938448
339,0.021604718925449507,0.14287643223641056,3.0,0.0008118069076381573
340,0.0016345675502807192,0.7464,5.0,0.23365344672938448
341,0.9420794541965745,0.005272604761603739,5.0,0.0008118069076381573
342,0.07049960912515102,0.04471062146618443,3.0,0.7663465532706155
343,0.0002842726174401251,0.8888888888888888,2.0,0.0008118069076381573
344,0.6187904200127923,0.01879676881251402,6.0,0.7663465532706155
345,0.0002842726174401251,0.9142011834319527,4.0,0.0008118069076381573
346,0.4538412337431597,0.009954229492813438,3.0,0.0008118069076381573
347,0.00042640892616018763,0.9208163265306123,6.0,0.7663465532706155
348,0.0009238860066804065,0.8476454293628809,5.0,0.0008118069076381573
349,0.00042640892616018763,0.8922495274102079,3.0,0.0008118069076381573
350,0.0002842726174401251,0.9179548156956006,5.0,0.0008118069076381573
351,0.0047615663421220955,0.5052083333333335,6.0,0.0008118069076381573
352,0.010731291308364721,0.6882168414861288,7.0,0.29071683094001566
353,0.0076753606708833775,0.5600588058404892,5.0,0.09522091845690195
354,0.0002842726174401251,0.9382716049382717,2.0,0.0008118069076381573
355,0.0013502949328405942,0.7996924259900039,4.0,0.0008118069076381573
356,0.06111861274962689,0.1719652679667576,7.0,0.26553474636297647
357,0.0076753606708833775,0.38610837948346355,5.0,0.0008118069076381573
358,0.033757373321014854,0.42070627321765985,4.0,0.0008118069076381573
359,0.00021320446308009382,0.9085872576177285,3.0,0.5
360,0.007248951744723189,0.46429279904780785,4.0,0.0008118069076381573
361,0.0007106815436003127,0.84,3.0,0.0008118069076381573
362,0.001847772013360813,0.7502958579881657,5.0,0.7663465532706155
363,0.0002842726174401251,0.8798185941043084,4.0,0.6491139264521042
364,0.00021320446308009382,0.9386056191467221,6.0,0.23365344672938448
365,0.0004974770805202189,0.8832,2.0,0.0008118069076381573
366,0.01066022315400469,0.320463435755024,4.0,0.11723262681851132
367,0.00014213630872006254,0.9155555555555556,2.0,0.7663465532706155
368,0.0002842726174401251,0.9230769230769231,3.0,0.0008118069076381573
369,0.042925165233458885,0.4156050465183583,5.0,0.7663465532706155
370,0.0011370904697605004,0.7180020811654527,1.0,0.0008118069076381573
371,0.00042640892616018763,0.8057851239669422,3.0,0.7663465532706155
372,0.025513467415251227,0.15150558842866557,3.0,0.0008118069076381573
373,0.21604718925449506,0.6637425354724644,11.0,0.3508860735478958
374,0.001066022315400469,0.8456198347107438,7.0,1.1620155726407297
375,0.011868381778125221,0.2569348496120736,4.0,0.0008118069076381573
376,0.0004974770805202189,0.8735999999999999,2.0,0.0008118069076381573
377,0.0014213630872006253,0.6764061358655954,3.0,0.7663465532706155
378,0.007391088053443252,0.28210721131601557,4.0,0.29741604599656846
379,0.00035534077180015633,0.8587257617728532,2.0,0.0008118069076381573
380,0.0016345675502807192,0.7906476753560872,5.0,0.7663465532706155
381,0.020254423992608912,0.5432746507550719,5.0,0.0008118069076381573
382,0.004690498187762064,0.6741968138952528,6.0,0.0008118069076381573
383,0.00021320446308009382,0.9417360285374554,4.0,0.02694650399760068
384,0.0024873854026010943,0.8255742859638396,9.0,0.7663465532706155
385,0.0038376803354416887,0.7201652892561985,8.0,0.7663465532706155
386,0.007248951744723189,0.7016244032488066,5.0,0.0008118069076381573
387,0.00042640892616018763,0.8799048751486326,3.0,0.7663465532706155
388,0.008883519295003908,0.3589168402499602,4.0,0.11723262681851132
389,0.00390874848980172,0.4117095139801088,3.0,0.7663465532706155
390,0.0012792267784805628,0.8163265306122449,6.0,0.7663465532706155
391,0.011441972851965035,0.3315067801318148,4.0,0.29248125036057804
392,0.006182929429322721,0.4928459937565035,5.0,0.7663465532706155
393,0.08684528462795821,0.06885438236341301,7.0,0.29741604599656846
394,0.0002842726174401251,0.9382716049382717,2.0,0.38357918008912684
395,0.00014213630872006254,0.88,1.0,0.0008118069076381573
396,0.007959633288323503,0.4540339335180057,6.0,0.0008118069076381573
397,0.0005685452348802502,0.8609467455621301,2.0,0.0008118069076381573
398,0.000781749697960344,0.8336620644312952,4.0,0.0008118069076381573
399,0.04278302892473883,0.4281347075047177,6.0,0.25977829017200627
400,0.0002842726174401251,0.9070294784580499,3.0,0.0008118069076381573
401,0.00042640892616018763,0.9274563820018366,4.0,0.0008118069076381573
402,0.0005685452348802502,0.8806584362139918,3.0,0.0008118069076381573
403,0.00014213630872006254,0.921875,2.0,0.0008118069076381573
404,0.010731291308364721,0.2999297945728153,4.0,0.3709172521899111
405,0.0017767038590007817,0.49382716049382713,2.0,0.7536846253713998
406,0.00021320446308009382,0.9437869822485208,2.0,0.0008118069076381573
407,0.7889275815507071,0.011080529974304865,6.0,0.11723262681851132
408,0.0009949541610404379,0.7913832199546484,3.0,0.0008118069076381573
409,0.0008528178523203753,0.7256944444444445,2.0,0.0008118069076381573
410,0.001563499395920688,0.6325785244704165,3.0,1.1491139264521042
411,0.8219032051737616,0.0038000377297686683,3.0,0.0008118069076381573
412,0.005827588657522564,0.3109886746250381,3.0,0.0008118069076381573
413,0.00021320446308009382,0.9299999999999999,2.0,0.0008118069076381573
414,0.0011370904697605004,0.7881481481481483,3.0,0.7124535452754133
415,0.003695544026721626,0.5116444444444445,4.0,0.0008118069076381573
416,0.0032691351005614384,0.5767746913580247,4.0,0.0008118069076381573
417,7.106815436003127e-05,0.9166666666666666,0.0,0.7663465532706155
418,0.438632648710113,0.009991471530268692,4.0,0.7663465532706155
419,0.005259043422642314,0.5192043895747598,4.0,0.7663465532706155
420,0.6583753819913297,0.0025871581198820826,2.0,0.5
421,0.23715443109942436,0.0422483132475564,6.0,0.7663465532706155
422,0.1793049534503589,0.2305596547067903,6.0,0.7663465532706155
423,0.0027005898656811884,0.6840951256535671,4.0,0.38357918008912684
424,0.00042640892616018763,0.896551724137931,6.0,0.0008118069076381573
425,0.027361239428612037,0.3873457746915494,4.0,0.7663465532706155
426,0.0004974770805202189,0.8333333333333334,2.0,0.0008118069076381573
427,7.106815436003127e-05,0.8571428571428572,0.0,0.0008118069076381573
428,0.0002842726174401251,0.8099173553719008,1.0,0.0008118069076381573
429,0.00014213630872006254,0.9244444444444444,1.0,0.0008118069076381573
430,0.0008528178523203753,0.81,2.0,0.0008118069076381573
431,0.0012081586241205315,0.779773156899811,5.0,0.6491139264521042
432,0.12486674721057495,0.050257106222374115,5.0,0.0008118069076381573
433,0.02956435221377301,0.1500606938679614,3.0,0.7663465532706155
434,0.000781749697960344,0.7569444444444445,2.0,0.0008118069076381573
435,0.0009238860066804065,0.8306213017751479,5.0,0.23365344672938448
436,0.4927865823324568,0.015982692925322173,8.0,0.0008118069076381573
437,0.0002842726174401251,0.9256198347107438,2.0,0.0008118069076381573
438,0.005685452348802501,0.5764076678084249,6.0,0.0008118069076381573
439,0.0827233316750764,0.08322850513979951,5.0,0.7663465532706155
440,0.00035534077180015633,0.9056,4.0,0.7781966742621922
441,0.0022741809395210007,0.6888657648283039,6.0,0.9215639981706669
442,0.011370904697605003,0.2819148936170214,4.0,0.0008118069076381573
443,0.008812451140643877,0.3651380670611437,6.0,0.23365344672938448
444,0.0019899083220808757,0.8361276365603029,5.0,0.0008118069076381573
445,0.009949541610404377,0.4669465405462855,7.0,0.7663465532706155
446,0.01854878828796816,0.5262481683620379,4.0,0.7663465532706155
447,0.06396133892402814,0.03248589088954568,3.0,0.40971387717908936
448,0.9405870229550138,0.00813956973201413,10.0,0.7663465532706155
449,0.004548361879042001,0.8179061566451786,8.0,0.7344652536370226
450,0.012365858858645442,0.42951019821890246,3.0,0.2875464547245876
451,0.0011370904697605004,0.8975147928994083,8.0,0.0008118069076381573
452,0.012579063321725535,0.207570515896063,5.0,0.0008118069076381573
453,0.0011370904697605004,0.7770083102493075,5.0,0.0008118069076381573
454,0.2628811029777557,0.03570644606009399,4.0,0.0008118069076381573
455,0.003126998791841376,0.5334911242603549,3.0,0.0008118069076381573
456,0.9950252291947979,0.003425133126771951,5.0,0.0008118069076381573
457,0.00042640892616018763,0.8834019204389575,4.0,0.23365344672938448
458,0.6889346883661431,0.012719270752107104,7.0,0.7663465532706155
459,0.008030701442683533,0.5396539792387545,6.0,0.23365344672938448
460,0.8417312202402104,0.020243988008052494,7.0,0.02451204889079328
461,0.04384905124013929,0.07676781617126993,3.0,0.0008118069076381573
462,0.011584109160685098,0.30600169061707494,5.0,0.7663465532706155
463,0.0029848624831213134,0.527588813303099,2.0,0.7663465532706155
464,0.009238860066804066,0.49304999999999966,3.0,0.0008118069076381573
465,0.8893468836614313,0.004468413650093872,6.0,0.23365344672938448
466,0.0002842726174401251,0.8828125,2.0,0.0008118069076381573
467,0.0002842726174401251,0.885,4.0,0.26553474636297647
468,0.009523132684244191,0.36906574394463665,4.0,0.7663465532706155
469,0.0019899083220808757,0.7074910820451842,4.0,0.0008118069076381573
470,0.3263449648212636,0.1304232729521504,6.0,0.0008118069076381573
471,0.9642527183569043,0.003092867999621496,5.0,0.26553474636297647
472,0.0014924312415606567,0.6975,3.0,0.0008118069076381573
473,0.007391088053443252,0.5841999999999999,5.0,1.3827673731814887
474,0.15066448724326628,0.1370751116835609,11.0,0.47305349600239843
475,0.2079454196574515,0.4659352208883052,6.0,0.23365344672938448
476,0.005543316040082439,0.45211819152723387,8.0,0.0530812010875632
477,0.0008528178523203753,0.7970863683662852,3.0,0.0008118069076381573
478,0.00014213630872006254,0.9342560553633218,1.0,0.0008118069076381573
479,0.0011370904697605004,0.6866666666666665,3.0,0.7663465532706155
480,0.018264515670528038,0.17405636229694488,3.0,0.0008118069076381573
481,0.014924312415606567,0.4336824508301568,10.0,0.7663465532706155
482,0.007106815436003127,0.370760741521483,4.0,0.0008118069076381573
483,0.0002842726174401251,0.9319526627218935,3.0,0.0008118069076381573
484,0.01400042640892616,0.41153232659024175,9.0,0.7663465532706155
485,0.000781749697960344,0.7810650887573964,2.0,0.0008118069076381573
486,0.0008528178523203753,0.8326530612244898,4.0,0.0008118069076381573
487,0.5644943500817283,0.027806122748459616,6.0,0.24462465851566328
488,0.003695544026721626,0.49528888888888856,3.0,0.0008118069076381573
489,0.00014213630872006254,0.8925619834710744,1.0,0.0008118069076381573
490,0.00042640892616018763,0.8998628257887518,5.0,0.0530812010875632
491,0.0034823395636415324,0.5157706804205516,3.0,0.0008118069076381573
492,0.00021320446308009382,0.9206349206349207,5.0,0.0008118069076381573
493,0.042143415535498545,0.03610471687994532,2.0,0.7663465532706155
494,0.9842228697320731,0.05807209549960646,5.0,0.0008118069076381573
495,0.9356833203041717,0.03289024789378403,11.0,0.23365344672938448
496,0.0195437424490086,0.5008705313961737,3.0,0.3709172521899111
497,0.009807405301684315,0.5093233371780084,5.0,0.0008118069076381573
498,0.0004974770805202189,0.8905325443786982,2.0,0.38357918008912684
499,0.48575083505081373,0.012460638978371907,4.0,0.0008118069076381573
500,0.00035534077180015633,0.9266666666666667,4.0,0.0008118069076381573
501,0.00042640892616018763,0.8733459357277883,3.0,0.7663465532706155
502,0.001563499395920688,0.824475725366274,5.0,0.0008118069076381573
503,0.0009949541610404379,0.7975778546712803,3.0,0.0008118069076381573
504,0.06573804278302893,0.09723446150213555,4.0,0.0008118069076381573
505,0.0016345675502807192,0.6802721088435375,4.0,0.0008118069076381573
506,0.007604292516523346,0.5812595553427031,5.0,0.0008118069076381573
507,0.7896382630943074,0.016464634139184975,4.0,0.0008118069076381573
508,0.0002842726174401251,0.9111531190926276,2.0,0.0008118069076381573
509,0.0019899083220808757,0.7094214876033058,4.0,0.0008118069076381573
510,0.0009949541610404379,0.8295454545454546,4.0,0.5
511,0.030346101911733352,0.4847487138899881,5.0,1.2754736224240109
512,0.010589154999644659,0.4982231404958677,6.0,0.7663465532706155
513,0.007106815436003127,0.41128139385816687,7.0,0.23365344672938448
514,0.0027716580200412193,0.7682156659440098,6.0,0.0530812010875632
515,0.11854168147253216,0.11788085544384941,8.0,0.3844580892944256
516,0.009665268992964252,0.429012827315003,6.0,0.2663465532706155
517,0.0013502949328405942,0.8223999999999999,4.0,0.0008118069076381573
518,0.005543316040082439,0.7511159808457105,7.0,0.7663465532706155
519,0.14483689858574372,0.026005657780483027,5.0,0.0008118069076381573
520,0.00788856513396347,0.30165639663067445,4.0,0.0008118069076381573
521,0.0027005898656811884,0.7492561983471075,7.0,0.39874266539281145
522,0.0011370904697605004,0.7162534435261707,3.0,0.0008118069076381573
523,0.020822969227489163,0.21462016593495847,5.0,0.23365344672938448
524,0.0008528178523203753,0.8429752066115703,2.0,0.0008118069076381573
525,0.0025584535569611257,0.5275898896404414,4.0,0.7663465532706155
526,0.004121952952881813,0.6786694101508914,7.0,0.0530812010875632
527,0.05138227560230261,0.13301854996993145,3.0,0.02694650399760068
528,0.7119607703787932,0.015053265159941764,8.0,0.11723262681851132
529,0.09189112358752043,0.027361054761977144,4.0,0.0008118069076381573
530,0.0004974770805202189,0.7851239669421488,3.0,0.01266192789921572
531,0.0027005898656811884,0.5613329503016375,3.0,0.0008118069076381573
532,0.005543316040082439,0.6297969387307575,5.0,0.11723262681851132
533,0.0029848624831213134,0.6676528599605523,6.0,0.5
534,0.0390874848980172,0.07804366961188303,2.0,0.0008118069076381573
535,0.0012792267784805628,0.7268518518518519,2.0,0.1491139264521033
536,0.004406225570321939,0.5150617283950618,4.0,0.23365344672938448
537,0.050174116978182075,0.0798862437161375,5.0,0.7663465532706155
538,0.0005685452348802502,0.8981481481481481,5.0,0.7663465532706155
539,0.0017767038590007817,0.7603305785123966,5.0,0.01266192789921572
540,0.0005685452348802502,0.826388888888889,2.0,0.0008118069076381573
541,0.00035534077180015633,0.8798185941043084,2.0,0.7536846253713998
542,0.8309288607774856,0.01157007419880407,7.0,0.23365344672938448
543,0.0005685452348802502,0.834710743801653,2.0,0.0008118069076381573
544,0.2993390661644517,0.037762531494634044,8.0,0.23365344672938448
545,0.0017767038590007817,0.6151100535395597,4.0,0.3827673731814887
546,0.3186696041503802,0.008868434915842438,4.0,0.0008118069076381573
547,0.0009238860066804065,0.8231292517006803,5.0,0.739400049273014
548,0.001066022315400469,0.728515625,3.0,0.0008118069076381573
549,0.005401179731362377,0.49776954801784357,4.0,0.0008118069076381573
550,0.09722123516452277,0.0627115254717091,4.0,0.0008118069076381573
551,0.0013502949328405942,0.6851851851851851,2.0,0.0008118069076381573
552,0.006822542818563002,0.42797908779520466,3.0,0.0008118069076381573
553,0.01229479070428541,0.3816115702479337,4.0,0.0008118069076381573
554,0.00042640892616018763,0.9031909140075717,6.0,0.7663465532706155
555,0.009380996375524128,0.3881536199172396,4.0,0.0008118069076381573
556,0.661502380783171,0.006424557309092305,7.0,0.8186159474505406
557,0.00021320446308009382,0.9197530864197531,2.0,0.0008118069076381573
558,0.005187975268282283,0.48581393156753716,5.0,0.7663465532706155
559,0.0002842726174401251,0.9012345679012346,2.0,0.38357918008912684
560,0.9913296851680762,0.007583312479721105,9.0,0.11723262681851132
561,0.0004974770805202189,0.8903061224489796,4.0,0.7663465532706155
562,0.0028427261744012507,0.6153846153846156,2.0,0.0008118069076381573
563,0.00042640892616018763,0.8520710059171597,4.0,0.5
564,0.00504583895956222,0.31611681990264995,2.0,0.0008118069076381573
565,0.0014924312415606567,0.8291378926264201,5.0,0.0008118069076381573
566,0.0005685452348802502,0.8737024221453287,6.0,0.23365344672938448
567,0.005898656811882595,0.6139864345617962,7.0,0.5318812996335929
568,0.0037666121810816574,0.6814751833351047,6.0,0.0008118069076381573
569,0.736195011015564,0.10878865964298501,8.0,0.7663465532706155
570,0.0007106815436003127,0.8631772268135904,5.0,0.14336732390847384
571,0.0002842726174401251,0.8927335640138409,2.0,0.0008118069076381573
572,0.0004974770805202189,0.8512396694214877,3.0,0.0008118069076381573
573,0.00014213630872006254,0.921875,2.0,0.0008118069076381573
574,0.00014213630872006254,0.8925619834710744,1.0,0.0008118069076381573
575,0.06687513325278943,0.5007237564133327,7.0,0.7663465532706155
576,0.041645938454978326,0.07704358001623146,5.0,1.0261346970899625
577,0.0019188401677208444,0.8796844181459567,7.0,0.0008118069076381573
578,0.061473953521427045,0.06577822165350644,7.0,0.23365344672938448
579,0.0028427261744012507,0.8137633769322236,7.0,0.0008118069076381573
580,0.0004974770805202189,0.8711111111111111,3.0,0.0008118069076381573
581,0.7997299410134319,0.0042587902829549495,8.0,0.23365344672938448
582,0.0008528178523203753,0.8456315074694432,6.0,0.2435230380013671
583,0.001066022315400469,0.8866115702479339,9.0,0.7663465532706155
584,0.00042640892616018763,0.8642659279778393,1.0,0.0008118069076381573
585,0.00014213630872006254,0.9320987654320988,2.0,0.11723262681851132
586,0.0006396133892402814,0.9233055885850179,9.0,0.14830211954446604
587,0.001847772013360813,0.7245364149422199,4.0,0.2663465532706155
588,0.0017767038590007817,0.6927083333333333,4.0,0.5318812996335929
589,0.8157913438987989,0.12658930845838756,9.0,0.5318812996335929
590,0.0020609764764409066,0.7473219911783239,6.0,0.11723262681851132
591,0.05706772795110511,0.07280703397805732,4.0,0.0008118069076381573
592,0.003695544026721626,0.690337720640751,4.0,0.0008118069076381573
593,0.00021320446308009382,0.9338374291115312,4.0,0.14336732390847384
594,0.00021320446308009382,0.84,1.0,0.0008118069076381573
595,0.0009949541610404379,0.7889273356401383,5.0,0.23365344672938448
596,0.18698031412124227,0.028991782219834672,6.0,0.0008118069076381573
597,0.0013502949328405942,0.6693877551020408,4.0,1.1491139264521042
598,0.009167791912444033,0.22907122032486482,1.0,0.7663465532706155
599,0.04789993603866108,0.2813544911775344,6.0,0.4389870356377541
600,0.002913794328761282,0.7244300812298017,4.0,0.0008118069076381573
601,0.00035534077180015633,0.875,5.0,0.0008118069076381573
602,0.0022741809395210007,0.7026063711294275,4.0,0.0008118069076381573
603,0.0016345675502807192,0.7854671280276817,4.0,0.5
604,0.6109729230331888,0.005105388264157407,3.0,0.7663465532706155
605,0.0008528178523203753,0.8522727272727273,5.0,0.7663465532706155
606,0.01002060976476441,0.13850415512465364,2.0,0.4681187003664071
607,0.0009238860066804065,0.7325102880658436,2.0,0.0008118069076381573
608,0.0005685452348802502,0.8512000000000001,3.0,0.031881299633592874
609,0.4622272759576434,0.04703925246626106,7.0,0.23365344672938448
610,0.0007106815436003127,0.8468113083497699,4.0,0.5
611,0.015421789496126785,0.07784478032735509,2.0,0.23365344672938448
612,0.08286546798379646,0.04627408398777799,4.0,0.0008118069076381573
613,0.0036244758723615947,0.4926697530864196,3.0,0.0008118069076381573
614,0.10397270982872575,0.03588937435250661,5.0,0.5
615,0.0030559306374813447,0.6929235537190083,5.0,0.39874266539281056
616,0.01400042640892616,0.21589012447465228,3.0,0.0008118069076381573
617,0.9916139577855163,0.0024351082823743653,3.0,1.0
618,0.00035534077180015633,0.828125,3.0,0.23365344672938448
619,0.00035534077180015633,0.9302809573361082,5.0,0.7663465532706155
620,0.020965105536209224,0.4688819033749505,8.0,0.531881299633592
621,0.0002842726174401251,0.8996539792387543,1.0,0.38357918008912684
622,0.001847772013360813,0.8224826388888888,6.0,0.11723262681851132
623,0.0032691351005614384,0.6213526733007253,5.0,0.02694650399760068
624,0.002416317248241063,0.8522314049586777,11.0,0.6491139264521042
625,0.0011370904697605004,0.5760000000000001,1.0,0.0008118069076381573
626,0.00042640892616018763,0.9190672153635117,2.0,0.0008118069076381573
627,0.004548361879042001,0.5900826446280992,5.0,0.6491139264521042
628,0.0002842726174401251,0.8571428571428572,2.0,0.5
629,0.309004335157416,0.00733572884001954,3.0,1.7864448342102905
630,0.0206808329187691,0.1564405069953071,2.0,0.0008118069076381573
631,0.0006396133892402814,0.8775267538644471,2.0,0.0008118069076381573
632,0.00781749697960344,0.26885403521423,3.0,0.38357918008912684
633,0.020325492146968945,0.22812300048929213,7.0,0.23365344672938448
634,0.0027716580200412193,0.6165443364411825,2.0,0.0008118069076381573
635,0.0024873854026010943,0.7002595155709344,5.0,0.02694650399760068
636,0.0014924312415606567,0.8263971462544589,8.0,0.0008118069076381573
637,0.00035534077180015633,0.8515625,2.0,0.0008118069076381573
638,0.8270201122876839,0.013306068623360479,6.0,0.0008118069076381573
639,0.008172837751403596,0.6045366551637068,3.0,0.0008118069076381573
640,0.017127425200767536,0.19035419915348617,5.0,0.5269465039976016
641,0.004264089261601876,0.3715373961218834,3.0,0.0008118069076381573
642,0.00042640892616018763,0.8960302457466919,2.0,0.0008118069076381573
643,0.00042640892616018763,0.9171597633136095,1.0,0.0008118069076381573
644,0.017056357046407504,0.2181552768166093,3.0,0.0008118069076381573
645,0.004264089261601876,0.5651878678134902,5.0,0.6491139264521042
646,0.0005685452348802502,0.8402777777777778,3.0,0.0008118069076381573
647,0.6890768246748632,0.016295237098963522,8.0,0.06295079235954759
648,0.014568971643806411,0.31766400000000006,5.0,1.3558208691838871
649,0.0014213630872006253,0.8080124869927159,5.0,0.0008118069076381573
650,0.00035534077180015633,0.9112426035502958,3.0,0.6491139264521042
651,0.00035534077180015633,0.9097222222222222,5.0,0.11723262681851132
652,0.9191955084926444,0.0044777442181210825,6.0,0.0008118069076381573
653,0.020822969227489163,0.08897707137476296,1.0,0.7663465532706155
654,0.7411697818207661,0.014790877070475328,6.0,0.23365344672938448
655,0.00042640892616018763,0.9109274563820018,5.0,0.47798829163838974
656,0.9589936749342619,0.0759904307270235,14.0,0.7663465532706155
657,0.052092957145902924,0.062148263063018905,4.0,0.12989455471772704
658,0.00014213630872006254,0.9492455418381345,5.0,0.0008118069076381573
659,0.00504583895956222,0.640787197231834,5.0,0.7663465532706155
660,0.006040793120602658,0.47702534882022074,5.0,0.0008118069076381573
661,0.00895458744936394,0.4605628220372572,7.0,0.2875464547245876
662,0.0009238860066804065,0.7576530612244898,2.0,0.38357918008912684
663,0.00014213630872006254,0.9027777777777778,1.0,0.0008118069076381573
664,0.11328263804988985,0.21724077742109293,4.0,0.7663465532706155
665,0.00021320446308009382,0.875,1.0,0.0008118069076381573
666,7.106815436003127e-05,0.9166666666666666,0.0,0.0008118069076381573
667,0.2889631156278871,0.009290657439446126,3.0,0.5318812996335929
668,0.08435789922535712,0.2047607997834241,5.0,0.0008118069076381573
669,0.493141923104257,0.029223435636953954,7.0,1.0530812010875632
670,0.00021320446308009382,0.8875739644970414,1.0,0.7663465532706155
671,0.0002842726174401251,0.8927335640138409,2.0,0.0008118069076381573
672,0.001847772013360813,0.8228305785123967,6.0,0.0008118069076381573
673,0.005898656811882595,0.7382748364069006,6.0,0.23365344672938448
674,0.009665268992964252,0.18806192710845981,2.0,0.5318812996335929
675,0.004406225570321939,0.5920799692425992,4.0,0.0008118069076381573
676,0.002416317248241063,0.6411950588911233,4.0,0.0008118069076381573
677,0.5338639755525549,0.0527504892325259,8.0,0.0008118069076381573
678,0.005330111577002345,0.5269052836620405,4.0,0.7663465532706155
679,0.00035534077180015633,0.8047337278106509,1.0,0.0008118069076381573
680,0.029422215905052947,0.22686283386147543,4.0,0.0008118069076381573
681,0.05983938597114633,0.5696548709153528,5.0,0.0008118069076381573
682,0.013147608556605786,0.6233987279405179,7.0,0.7663465532706155
683,0.0004974770805202189,0.8669410150891632,4.0,0.2781966742621931
684,0.0011370904697605004,0.8101120367710428,4.0,0.0008118069076381573
685,0.0012081586241205315,0.5871056241426611,2.0,0.11723262681851132
686,0.0036244758723615947,0.7148222552187964,6.0,0.5
687,0.0029848624831213134,0.3431952662721893,2.0,0.0008118069076381573
688,0.000781749697960344,0.8200000000000001,4.0,0.0008118069076381573
689,0.0036244758723615947,0.7277970011534025,7.0,0.0008118069076381573
690,0.10624689076824675,0.0985929890135937,8.0,0.23365344672938448
691,0.012365858858645442,0.5545835927691414,4.0,0.0008118069076381573
692,0.0002842726174401251,0.9340277777777778,2.0,0.23446525363702264
693,0.11179020680832918,0.02371763545809391,4.0,0.7663465532706155
694,0.0009238860066804065,0.7514863258026159,4.0,0.5318812996335929
695,0.00042640892616018763,0.8958333333333334,4.0,0.7663465532706155
696,0.1845639968730012,0.23523672830367293,2.0,0.7663465532706155
697,0.0007106815436003127,0.7482993197278911,1.0,0.7663465532706155
698,0.0004974770805202189,0.9217619986850756,6.0,0.0008118069076381573
699,0.0002842726174401251,0.9377777777777778,3.0,0.0008118069076381573
700,0.0754743799303532,0.10497334775638933,6.0,0.0008118069076381573
701,0.0005685452348802502,0.8844444444444445,3.0,0.0008118069076381573
702,0.0005685452348802502,0.7474048442906575,1.0,0.0008118069076381573
703,0.02956435221377301,0.12562050246181022,4.0,0.23365344672938448
704,0.0019899083220808757,0.6034567901234568,2.0,0.0008118069076381573
705,0.00021320446308009382,0.8977777777777778,2.0,0.0008118069076381573
706,0.28235377727240424,0.0336634140422456,3.0,0.0008118069076381573
707,0.0016345675502807192,0.6191135734072023,2.0,0.0008118069076381573
708,0.0014213630872006253,0.6691015339663988,3.0,0.0008118069076381573
709,0.0035534077180015633,0.7725510204081633,6.0,0.7663465532706155
710,0.0004974770805202189,0.8816568047337279,2.0,0.0008118069076381573
711,0.0029848624831213134,0.7989001189060642,7.0,0.5126619278992157
712,0.0002842726174401251,0.9406867845993756,3.0,0.0008118069076381573
713,0.015848198422286974,0.5630944772798305,5.0,0.7663465532706155
714,0.8452135598038519,0.006873094576051786,6.0,0.5
715,0.006680406509842939,0.561506238457727,6.0,0.7663465532706155
716,0.01897519721412835,0.26958497302121776,6.0,0.7663465532706155
717,0.006680406509842939,0.4815197428833793,6.0,0.7663465532706155
718,0.0008528178523203753,0.826171875,4.0,0.0008118069076381573
719,0.009736337147324284,0.21752341311134227,2.0,0.0008118069076381573
720,0.2048184208656101,0.05548168770563855,6.0,0.3508860735478958
721,0.3020396560301329,0.012115831744345607,4.0,0.7900467952537689
722,0.00014213630872006254,0.9027777777777778,1.0,0.7663465532706155
723,0.01122876838888494,0.36271811317895997,5.0,0.0008118069076381573
724,0.012436927013005472,0.638783470841515,7.0,0.0008118069076381573
725,0.0004974770805202189,0.8480725623582765,3.0,0.0008118069076381573
726,0.0005685452348802502,0.8442330558858502,4.0,0.11723262681851132
727,0.0004974770805202189,0.8657844990548205,2.0,0.0008118069076381573
728,0.445384123374316,0.030730336532775127,5.0,0.6491139264521042
729,0.004264089261601876,0.7528880487292586,8.0,0.792481250360578
730,0.0019899083220808757,0.5223081499107672,2.0,0.0008118069076381573
731,0.0036244758723615947,0.6220069204152249,6.0,0.5
732,0.0024873854026010943,0.6782930373893512,4.0,0.0008118069076381573
733,7.106815436003127e-05,0.9090909090909091,0.0,0.0008118069076381573
734,0.0025584535569611257,0.7216066481994461,7.0,0.7019177395260803
735,0.3268424419017838,0.026860737850457284,8.0,0.7663465532706155
736,0.02345249093881032,0.5113725490196079,9.0,0.0530812010875632
737,0.0002842726174401251,0.8788927335640139,2.0,0.0008118069076381573
738,0.0002842726174401251,0.8788927335640139,2.0,0.0008118069076381573
739,0.4007533224362163,0.017493010093441175,6.0,0.02694650399760068
740,0.009878473456044347,0.3069727891156464,2.0,0.0008118069076381573
741,0.9759078956719494,0.010020776397143938,9.0,0.02451204889079328
742,0.02458958140857082,0.29354689304621584,9.0,0.6172326268185113
743,0.0014924312415606567,0.695595003287311,3.0,0.7663465532706155
744,0.00014213630872006254,0.921875,2.0,0.0008118069076381573
745,0.0022741809395210007,0.6294214876033057,3.0,0.0008118069076381573
746,0.0002842726174401251,0.885,3.0,0.0008118069076381573
747,0.0022741809395210007,0.7247337278106509,7.0,0.7124535452754124
748,0.021391514462369414,0.08704207067223813,1.0,0.0008118069076381573
749,0.17376163741027645,0.1821686354710378,3.0,0.0008118069076381573
750,0.02686376234809182,0.24626504502987934,5.0,0.0008118069076381573
751,0.0035534077180015633,0.7461168639053255,10.0,0.26553474636297647
752,0.0004974770805202189,0.8771266540642721,1.0,0.0008118069076381573
753,0.012650131476085565,0.24423557406305763,5.0,0.7663465532706155
754,0.001066022315400469,0.802962962962963,3.0,0.0008118069076381573
755,0.0034823395636415324,0.42792899408284024,1.0,0.0008118069076381573
756,0.0002842726174401251,0.8444444444444444,3.0,0.23365344672938448
757,7.106815436003127e-05,0.8571428571428572,0.0,0.0008118069076381573
758,0.00042640892616018763,0.808641975308642,3.0,0.23365344672938448
759,0.28235377727240424,0.016426837392018778,4.0,0.6491139264521042
760,0.013716153791486035,0.18673543609072263,2.0,0.0008118069076381573
761,0.008670314831923815,0.47615272823358434,4.0,0.0008118069076381573
762,0.0061118612749626895,0.36025377229080946,3.0,0.0008118069076381573
763,0.0037666121810816574,0.5955215419501133,6.0,0.0008118069076381573
764,0.000781749697960344,0.9002267573696145,6.0,0.23365344672938448
765,0.00042640892616018763,0.8304498269896194,2.0,0.0008118069076381573
766,0.00447729372468197,0.4770370370370369,2.0,0.0008118069076381573
767,0.0005685452348802502,0.853745541022592,4.0,0.11723262681851132
768,0.006964679127283065,0.5290752668798702,3.0,0.7663465532706155
769,0.0002842726174401251,0.9090909090909092,4.0,0.0008118069076381573
770,0.001847772013360813,0.5221606648199446,2.0,0.0008118069076381573
771,0.2743230758297207,0.015422302263158216,6.0,0.0008118069076381573
772,7.106815436003127e-05,0.8571428571428572,0.0,0.0008118069076381573
773,0.00035534077180015633,0.8753462603878116,2.0,0.0008118069076381573
774,0.015421789496126785,0.15398822996831152,4.0,0.0008118069076381573
775,0.5649207590078885,0.01711738579556754,5.0,0.3709172521899111
776,0.01172624546940516,0.25103478523066836,5.0,0.0008118069076381573
777,0.001066022315400469,0.7158145065398336,1.0,0.0008118069076381573
778,0.9854310283561936,0.029414401372232613,10.0,0.26553474636297647
779,0.788643308933267,0.016436715134860225,10.0,0.8186159474505406
780,0.00838604221448369,0.4750173010380623,5.0,0.0008118069076381573
781,0.0028427261744012507,0.6651234567901235,5.0,0.5099388760610353
782,0.0004974770805202189,0.8148148148148148,1.0,0.0008118069076381573
783,0.03446805486461517,0.2406354306341828,3.0,0.0008118069076381573
784,0.0013502949328405942,0.75,4.0,0.7663465532706155
785,0.0013502949328405942,0.7675736961451247,4.0,0.23365344672938448
786,0.7824603795039443,0.019696449067380106,8.0,0.7663465532706155
787,0.006609338355482908,0.7199076256009047,7.0,0.0008118069076381573
788,0.9807405301684315,0.010811360505655565,8.0,0.0008118069076381573
789,0.20183355838248881,0.036305025370229504,5.0,0.0008118069076381573
790,0.0004974770805202189,0.8587105624142661,4.0,0.0008118069076381573
791,0.0009238860066804065,0.7911111111111111,2.0,0.0008118069076381573
792,0.10709970862056713,0.04228714881565321,4.0,0.0008118069076381573
793,0.00504583895956222,0.24836406900654384,2.0,0.0008118069076381573
794,0.000781749697960344,0.8696376509787589,5.0,0.2536846253713998
795,0.00021320446308009382,0.9132231404958678,4.0,0.0008118069076381573
796,0.0061118612749626895,0.4160075182081603,4.0,0.11723262681851132
797,0.0019899083220808757,0.7041322314049587,3.0,0.7663465532706155
798,0.008741382986283847,0.3507198086206158,5.0,0.0008118069076381573
799,0.0034823395636415324,0.3294444444444443,2.0,0.0008118069076381573
800,0.0022741809395210007,0.7281431090954902,6.0,0.11723262681851132
801,0.0004974770805202189,0.8933333333333333,4.0,0.11723262681851132
802,0.29358254566128916,0.014854273330486611,4.0,0.0008118069076381573
803,0.00447729372468197,0.5616409829237816,4.0,0.0008118069076381573
804,0.18356904271196078,0.029554853490938227,6.0,0.0008118069076381573
805,7.106815436003127e-05,0.923076923076923,0.0,0.0008118069076381573
806,0.06211356691066733,0.2936531654958612,7.0,0.0008118069076381573
807,0.013289744865325848,0.3867361111111115,7.0,0.06295079235954759
808,0.2552768104612323,0.041667267813173314,8.0,0.6491139264521042
809,0.0008528178523203753,0.8947055324211779,3.0,0.0008118069076381573
810,0.00021320446308009382,0.9199999999999999,2.0,0.02694650399760068
811,0.0034823395636415324,0.7036734693877551,5.0,0.0008118069076381573
812,0.05195082083718286,0.38557084386444795,4.0,0.7663465532706155
813,0.0008528178523203753,0.7709190672153634,3.0,0.0008118069076381573
814,0.014853244261246535,0.202029877139015,3.0,0.0008118069076381573
815,0.0002842726174401251,0.905,2.0,0.0008118069076381573
816,0.006396133892402814,0.5702241618726442,5.0,0.0008118069076381573
817,0.00014213630872006254,0.875,3.0,0.0008118069076381573
818,0.0007106815436003127,0.6770833333333333,2.0,1.5318812996335929
819,0.0016345675502807192,0.8252314814814816,6.0,0.0008118069076381573
820,0.07405301684315259,0.04091793668675858,2.0,0.0008118069076381573
821,0.0002842726174401251,0.890625,1.0,0.0008118069076381573
822,0.8558737829578565,0.015861055993901196,8.0,0.23365344672938448
823,0.06474308862198849,0.03630507058414201,3.0,0.0008118069076381573
824,0.0002842726174401251,0.89,5.0,0.7663465532706155
825,0.0014924312415606567,0.8019992310649751,5.0,0.0008118069076381573
826,0.007320019899083221,0.5988372093023255,3.0,0.0008118069076381573
827,0.0006396133892402814,0.78125,2.0,0.0008118069076381573
828,0.0022031127851609694,0.39,2.0,0.40971387717908936
829,0.0002842726174401251,0.8671875,2.0,0.0008118069076381573
830,0.0007106815436003127,0.8657024793388429,4.0,0.38357918008912684
831,7.106815436003127e-05,0.8888888888888888,0.0,0.0008118069076381573
832,0.00021320446308009382,0.9214876033057852,6.0,0.7124535452754124
833,0.0002842726174401251,0.9081632653061225,5.0,0.0008118069076381573
834,0.44737403169639683,0.043231052512956225,9.0,0.0008118069076381573
835,0.006040793120602658,0.6864359861591697,5.0,0.0008118069076381573
836,0.0013502949328405942,0.81787109375,6.0,0.7663465532706155
837,0.0016345675502807192,0.6311176040905772,2.0,0.7663465532706155
838,0.0012081586241205315,0.8557935570922584,7.0,0.2536846253713998
839,0.3540615450216758,0.024793950294372924,4.0,0.7663465532706155
840,0.0014213630872006253,0.7604110329908058,6.0,0.4681187003664071
841,0.022528604932129912,0.3494286297316602,7.0,0.0008118069076381573
842,0.0016345675502807192,0.742756361803981,4.0,0.23446525363702264
843,0.0008528178523203753,0.8756692444973231,5.0,0.0008118069076381573
844,0.36145263307511905,0.07391993658343243,6.0,0.0008118069076381573
845,0.000781749697960344,0.7751479289940828,4.0,0.4681187003664071
846,0.5103404164593845,0.12441205568381486,7.0,0.2663465532706155
847,0.007248951744723189,0.4292183920294105,5.0,0.5
848,0.004406225570321939,0.5233667431469629,4.0,0.1491139264521033
849,0.015848198422286974,0.5642056823712764,4.0,0.7663465532706155
850,0.002913794328761282,0.6575520833333335,4.0,0.7663465532706155
851,0.99978679553692,0.006949853787068916,4.0,0.0008118069076381573
852,0.01847772013360813,0.06561545583947159,3.0,0.5318812996335929
853,0.0011370904697605004,0.7977315689981096,4.0,0.1491139264521033
854,0.28107455049392366,0.035914417971294466,5.0,0.0008118069076381573
855,0.00014213630872006254,0.9244444444444444,1.0,0.0008118069076381573
856,0.00042640892616018763,0.901744719926538,4.0,0.38357918008912684
857,0.005259043422642314,0.6187840120097581,6.0,0.23365344672938448
858,0.0020609764764409066,0.7301587301587302,5.0,0.0008118069076381573
859,0.08322080875559662,0.07975095935783882,6.0,0.01266192789921572
860,0.9197640537275247,0.007861939950077668,7.0,0.23365344672938448
861,0.00021320446308009382,0.925207756232687,2.0,0.0008118069076381573
862,0.6519792480989268,0.01147224186877871,8.0,0.23365344672938448
863,0.006538270201122877,0.46586893173786337,5.0,0.0008118069076381573
864,0.04846848127354133,0.09753564071590703,5.0,0.0008118069076381573
865,0.0004974770805202189,0.8846611177170036,4.0,0.0008118069076381573
866,0.00014213630872006254,0.8925619834710744,1.0,0.5
867,0.0068936109729230335,0.34305555555555556,4.0,0.0008118069076381573
868,0.001563499395920688,0.8017945842012498,5.0,0.7663465532706155
869,0.3634425413971999,0.009722259865864169,5.0,0.23365344672938448
870,0.00021320446308009382,0.9376,3.0,0.0008118069076381573
871,0.0002842726174401251,0.8641975308641975,3.0,0.0008118069076381573
872,0.002629521711321157,0.712430426716141,5.0,0.7663465532706155
873,0.006680406509842939,0.21253114987540034,1.0,0.7663465532706155
874,0.0005685452348802502,0.8613406795224978,5.0,0.3717961613952099
875,0.16168005116907114,0.1869126191983932,6.0,0.0008118069076381573
876,0.6108307867244688,0.02051842589107844,8.0,0.7663465532706155
877,0.16288820979319166,0.04585819933429136,7.0,0.7663465532706155
878,0.40842868310709973,0.33249490218583355,8.0,0.7663465532706155
879,0.019828015066448726,0.47074438811517083,6.0,0.467962041291778
880,0.0004974770805202189,0.8544,4.0,0.23365344672938448
881,0.0008528178523203753,0.86281179138322,4.0,0.0008118069076381573
882,0.005401179731362377,0.6544010226442659,7.0,0.23365344672938448
883,0.0004974770805202189,0.9053497942386831,1.0,0.0008118069076381573
884,7.106815436003127e-05,0.8999999999999999,0.0,0.38357918008912684
885,0.007462156207803283,0.5030222222222223,6.0,0.0008118069076381573
886,0.0006396133892402814,0.8837429111531191,3.0,0.0008118069076381573
887,0.006609338355482908,0.43020800000000026,4.0,0.3954293010807044
888,0.0009949541610404379,0.76953125,3.0,0.0008118069076381573
889,0.0004974770805202189,0.8668639053254438,3.0,0.02451204889079328
890,0.021746855234169568,0.17923041910297277,5.0,0.0008118069076381573
891,0.0017767038590007817,0.7391735537190083,4.0,0.0008118069076381573
892,0.01847772013360813,0.18974247685185186,5.0,0.11723262681851132
893,0.00021320446308009382,0.8979591836734694,1.0,0.38357918008912684
894,0.00021320446308009382,0.8472222222222222,3.0,0.14336732390847384
895,0.0793120602657949,0.0416235764850722,5.0,0.0008118069076381573
896,0.0002842726174401251,0.8828125,2.0,0.5
897,0.0017056357046407505,0.6893827160493826,3.0,0.7663465532706155
898,0.0016345675502807192,0.7465735017468423,5.0,0.0008118069076381573
899,0.0827233316750764,0.039946320670226854,5.0,0.0008118069076381573
900,0.0014213630872006253,0.8540740740740741,8.0,0.3827673731814887
901,0.0029848624831213134,0.5826446280991735,2.0,0.0008118069076381573
902,0.786226991685026,0.016524849757277638,10.0,0.8186159474505406
903,0.003695544026721626,0.672824959939674,4.0,0.0008118069076381573
904,0.0004974770805202189,0.8943985307621671,6.0,0.7663465532706155
905,0.006680406509842939,0.516530612244898,4.0,0.16842373970221614
906,0.00014213630872006254,0.9342560553633218,1.0,0.2663465532706155
907,0.0027716580200412193,0.5326991676575505,3.0,0.0008118069076381573
908,0.001066022315400469,0.8209399167162403,6.0,0.23365344672938448
909,0.00042640892616018763,0.908203125,5.0,0.6172326268185113
910,0.00035534077180015633,0.9338775510204081,8.0,0.0530812010875632
911,0.0008528178523203753,0.8254200146092038,5.0,0.11723262681851132
912,0.01122876838888494,0.44240129799891814,7.0,0.7663465532706155
913,0.00035534077180015633,0.9149338374291115,2.0,0.5
914,0.0005685452348802502,0.868014268727705,5.0,0.23365344672938448
915,0.005330111577002345,0.45740613665326957,6.0,0.02451204889079328
916,0.002629521711321157,0.6678200692041523,4.0,0.5318812996335929
917,0.00042640892616018763,0.8884297520661157,2.0,0.0008118069076381573
918,0.008030701442683533,0.47119341563786,4.0,0.11723262681851132
919,0.03581834979745576,0.3725626193705779,7.0,0.7663465532706155
920,0.002416317248241063,0.5606508875739644,3.0,0.0008118069076381573
921,0.004619430033402033,0.533420138888889,7.0,0.0008118069076381573
922,0.0019188401677208444,0.7641482332663028,5.0,0.0008118069076381573
923,0.00014213630872006254,0.8925619834710744,1.0,0.0008118069076381573
924,7.106815436003127e-05,0.9285714285714286,0.0,0.0008118069076381573
925,0.00014213630872006254,0.9112426035502958,1.0,0.0008118069076381573
926,0.00014213630872006254,0.94,2.0,0.0008118069076381573
927,0.9720702153365077,0.0030679625068210647,5.0,0.23365344672938448
928,0.0006396133892402814,0.8653061224489795,3.0,0.5318812996335929
929,0.006822542818563002,0.27519774453755186,3.0,0.7410226974721841
930,0.00042640892616018763,0.9305555555555556,4.0,0.0008118069076381573
931,0.001847772013360813,0.7297193387158785,2.0,0.0008118069076381573
932,0.005685452348802501,0.24220226843100212,2.0,0.0008118069076381573
933,0.006253997583682752,0.48751300728407876,6.0,0.0008118069076381573
934,0.0036244758723615947,0.754048,7.0,0.0008118069076381573
935,0.990690071778836,0.14836167880809736,5.0,0.38357918008912684
936,0.005685452348802501,0.3518,3.0,0.7663465532706155
937,0.00838604221448369,0.2224326130541323,3.0,0.38357918008912684
938,0.001563499395920688,0.7653856490190809,4.0,0.0008118069076381573
939,0.9718570108734276,0.005256312477231684,6.0,0.29741604599656846
940,0.02920901144197285,0.09469307270233196,4.0,0.23365344672938448
941,0.1377300831497406,0.22716180687945753,9.0,0.7663465532706155
942,0.003695544026721626,0.5529644871208658,4.0,0.7663465532706155
943,0.013289744865325848,0.1346999999999995,2.0,0.0008118069076381573
944,0.11633856868737119,0.02397830166929571,4.0,0.7663465532706155
945,0.01570606211356691,0.3579090710550995,3.0,0.7663465532706155
946,0.0022031127851609694,0.722684703433923,5.0,0.26059995072698605
947,0.00561438419444247,0.3271335954936765,2.0,0.7663465532706155
948,0.0028427261744012507,0.7358031368307193,7.0,0.0008118069076381573
949,0.0017056357046407505,0.7744140625,5.0,0.7663465532706155
950,0.0014213630872006253,0.7542533081285444,4.0,0.0008118069076381573
951,0.000781749697960344,0.8641975308641975,2.0,0.0008118069076381573
952,0.010873427617084784,0.48520710059171634,4.0,0.0008118069076381573
953,0.7950394428256699,0.11473565151822762,7.0,0.8043313713521547
954,0.000781749697960344,0.7857142857142858,2.0,0.0008118069076381573
955,0.0017056357046407505,0.7649586776859504,5.0,0.0008118069076381573
956,0.023310354630090256,0.5339363743245469,5.0,0.7663465532706155
957,0.02288394570393007,0.4078853684585263,7.0,0.7663465532706155
958,0.001066022315400469,0.8284023668639052,5.0,0.0008118069076381573
959,0.0002842726174401251,0.9319526627218935,5.0,0.0008118069076381573
960,0.0006396133892402814,0.8656361474435196,5.0,0.7663465532706155
961,0.004903702650842157,0.6588347790451473,8.0,0.0008118069076381573
962,0.00035534077180015633,0.9274673008323424,2.0,0.1491139264521033
963,0.0005685452348802502,0.8981439565414215,5.0,0.7663465532706155
964,0.006538270201122877,0.6298600660362526,7.0,0.02694650399760068
965,0.0028427261744012507,0.17148760330578527,1.0,0.7663465532706155
966,0.35562504441759646,0.23278288102458544,3.0,0.0008118069076381573
967,0.009167791912444033,0.4590740740740741,4.0,0.7663465532706155
968,0.004050884798521783,0.7704474505723204,8.0,0.7663465532706155
969,0.008030701442683533,0.2859211405658273,4.0,0.02694650399760068
970,0.0012081586241205315,0.8257023933402705,5.0,0.5318812996335929
971,0.0006396133892402814,0.8767346938775511,3.0,0.0008118069076381573
972,0.0027005898656811884,0.7085757177706886,7.0,0.4681187003664071
973,0.004619430033402033,0.3811874002032226,2.0,0.0008118069076381573
974,0.0004974770805202189,0.9080578512396694,6.0,0.7663465532706155
975,0.00014213630872006254,0.8760330578512396,2.0,0.23365344672938448
976,0.0009238860066804065,0.8912,8.0,0.0530812010875632
977,0.00042640892616018763,0.9155555555555556,4.0,0.0008118069076381573
978,0.0002842726174401251,0.9216,5.0,0.0008118069076381573
979,0.005756520503162533,0.4108223567105729,4.0,0.0008118069076381573
980,0.00014213630872006254,0.88,1.0,0.0008118069076381573
981,0.005330111577002345,0.5874764848159097,6.0,0.02694650399760068
982,0.0004974770805202189,0.8435374149659863,2.0,0.0008118069076381573
983,0.00447729372468197,0.4575446187128178,4.0,0.11723262681851132
984,0.00021320446308009382,0.8888888888888888,3.0,0.5318812996335929
985,0.9791059626181509,0.02574299535500324,10.0,0.7663465532706155
986,0.0022031127851609694,0.6429334282662869,4.0,0.0530812010875632
987,0.48603510766825386,0.007857383811193053,4.0,0.7663465532706155
988,0.00035534077180015633,0.86,4.0,0.0008118069076381573
989,0.06922038234667045,0.5212672176308539,8.0,0.7663465532706155
990,0.5672660081017696,0.0047490230413607115,4.0,0.23365344672938448
991,0.01172624546940516,0.6017787629757785,7.0,0.7663465532706155
992,0.0027716580200412193,0.6464691468032968,4.0,0.0008118069076381573
993,0.012081586241205316,0.18169986419194217,3.0,0.23365344672938448
994,0.0039798166441617515,0.33858433102289454,1.0,0.0008118069076381573
995,0.012792267784805628,0.25553444289279104,6.0,0.7663465532706155
996,0.0025584535569611257,0.7083950617283951,3.0,0.0008118069076381573
997,0.12280577073413404,0.27676454220402646,6.0,0.0008118069076381573
998,0.00447729372468197,0.696261392522785,5.0,0.7663465532706155
999,0.5846777059199773,0.005576508067851038,5.0,0.5
