,selection_0p05_MaxAFs,selection_0p05_H,selection_0p05_total_m,selection_0p05_rec_errors
0,0.008837083504030325,0.8934779765034528,62258.0,2.4036746903407824
1,0.007021317391406281,0.9025708416759632,62413.0,2.3037917749481664
2,0.0035496870144467577,0.9555548960132503,62175.0,2.4005120191544336
3,0.017520081178215716,0.8344993476999877,62466.0,2.2952993325054027
4,0.12392740313479271,0.2585458785486542,62135.0,2.2664725646412514
5,0.23340085785155232,0.23386690901210405,62038.0,2.35168357139149
6,0.028103241663976795,0.6826907286523292,62131.0,2.396615702526386
7,0.030250658281795063,0.7597337952425575,62019.0,2.390944742481409
8,0.0027840343884933828,0.9604065002599542,62072.0,2.3579913258489933
9,0.0029506628873600367,0.9657100041431868,62039.0,2.3117267699807797
10,0.011736828309683686,0.8502225933164488,62118.0,2.4637897464405256
11,0.03825030385689564,0.8419376773198822,61887.0,2.491344382901957
12,0.04263852843152884,0.6171982611685949,62568.0,2.3586476634158515
13,0.0030493805652563413,0.9608599980577911,62447.0,2.3586476634158515
14,0.04254709581070817,0.6020917875898391,61902.0,2.5329711043755374
15,0.019095758269504107,0.87721937300329,62017.0,2.441747874867012
16,0.11946765957412811,0.29684714295880166,61918.0,2.4291420851499943
17,0.015018841021816194,0.8762408744262951,62214.0,2.449123847241836
18,0.23218381518559322,0.2984808746894668,61475.0,2.3274972263290152
19,0.003087317843612453,0.9603959095264815,62213.0,2.338458544935399
20,0.047729194016593625,0.46730624970034174,62237.0,2.412614117894286
21,0.027230495262663978,0.8166685469555662,61786.0,2.4119518623196328
22,0.009298868495759508,0.9082803038924443,62006.0,2.4339674477284365
23,0.04571723822420995,0.48297819458847435,62047.0,2.355165617403671
24,0.009282648934723199,0.9051689495211905,62121.0,2.3866076472601208
25,0.0065609498930939356,0.9399956121618932,62026.0,2.3270235910657373
26,0.057286020541610146,0.4753966331039431,61926.0,2.3968753136227576
27,0.032939248113554656,0.8226831206205805,61768.0,2.3595561033158425
28,0.009269865721364075,0.9110114595515871,61921.0,2.3395175241442203
29,0.006745421627274367,0.9157484596720116,62274.0,2.2901780160221
30,0.0073246094373945435,0.911099389580202,61807.0,2.236648567710647
31,0.03725343657748294,0.7182358180264781,61568.0,2.481959593651249
32,0.011488586553483912,0.8649788928109328,62768.0,2.4343429202080316
33,0.0016169819903681408,0.9784567211456333,61972.0,2.3833801608264906
34,0.005853783904606232,0.924320113297808,61865.0,2.3648164366359303
35,0.26674088719469696,0.20001286175051425,61856.0,2.5762919206445076
36,0.022413792496162696,0.8499194472304219,62416.0,2.4697956289432774
37,0.01645130832365794,0.8588308405833397,61970.0,2.3688823222447297
38,0.010545970613024752,0.8860402641579685,61937.0,2.4299951136422937
39,0.059287830517476936,0.5193212670372034,62065.0,2.3892915668251256
40,0.015225425653299306,0.851116891182639,61921.0,2.4787047397481885
41,0.028382960364899575,0.7560444087997564,61837.0,2.413276373468939
42,0.005657766042230462,0.9100739342563215,61692.0,2.3648164366359303
43,0.016878162841248545,0.7819147157519646,61822.0,2.4119518623196328
44,0.09029573955515466,0.6774736044933106,61701.0,2.47834239432245
45,0.004603236848794611,0.934221677227527,62217.0,2.382125936382103
46,0.009346221366751103,0.886157384415101,61623.0,2.491344382901957
47,0.004196665373368582,0.9476750382188044,61985.0,2.388179981102974
48,0.009580451415297161,0.8895254444972549,62308.0,2.2772163655529916
49,0.00656981567010107,0.9516351292076677,62236.0,2.4119518623196328
50,0.9876196554516793,0.02715780732288442,62201.0,2.228127392466332
51,0.004619954680244112,0.9498351506338081,61801.0,2.3117267699807797
52,0.00798773003952994,0.8893238411559533,62367.0,2.5188341464154984
53,0.012772749680447587,0.9136000032094315,62042.0,2.4542699045655176
54,0.017356940572241405,0.8081300214676216,62373.0,2.3648164366359303
55,0.016647429276464024,0.8155881176712868,62099.0,2.333493227377197
56,0.02663690056490721,0.6932070792143556,61988.0,2.4036746903407824
57,0.003335250328521281,0.9505514291240043,62186.0,2.3778584162718097
58,0.033447209027196,0.6511809523503826,62243.0,2.3908107596006936
59,0.0036720295826237026,0.9504124489816749,62202.0,2.3968753136227576
60,0.028044669117819193,0.7297435843414815,61868.0,2.4542699045655176
61,0.3073270999303736,0.11742118121465994,61064.0,2.277525100802171
62,0.0018826374384220456,0.9679519728193492,62634.0,2.3352845679787837
63,0.11598923381963695,0.651443278121209,61169.0,2.4036746903407824
64,0.04806145447350055,0.6039560922429971,62025.0,2.416451407320718
65,0.006705912219855944,0.9138783143135685,62293.0,2.452330637016667
66,0.04654672100826702,0.6950735786716055,61974.0,2.4036746903407824
67,0.1587741850256906,0.4595304580996764,61879.0,2.466709280000469
68,0.004400406427148823,0.9449293532093609,61826.0,2.338458544935399
69,0.03239458700672099,0.8436681486399895,61864.0,2.4428222290695416
70,0.004177679552452141,0.9574371471537539,62344.0,2.3745860215326005
71,0.0041085230554488116,0.932479907986116,62334.0,2.338458544935399
72,0.08671408591644089,0.500083530024763,61948.0,2.466709280000469
73,0.025596133943918478,0.8539978820781782,61876.0,2.479067085173927
74,0.4712273363313348,0.2799855891156813,61153.0,2.8226627313329793
75,0.021092087270825784,0.8102509092470382,62350.0,2.404428664560097
76,0.014973360960308664,0.852995214029583,61547.0,2.338458544935399
77,0.00425110571144437,0.9384103398658512,62483.0,2.441747874867012
78,0.006100797166511414,0.9187532775546394,62348.0,2.4564710633160907
79,0.01121788826521374,0.8968719395861324,62456.0,2.3648164366359303
80,0.005783304413747188,0.9321052268585702,61956.0,2.23762671775685
81,0.052784568311013726,0.6595721443485524,62181.0,2.52770355317994
82,0.0761731667345016,0.6462955723793349,61902.0,2.4142016348201754
83,0.0014173989172772922,0.9793348996923186,62372.0,2.298217331943391
84,0.002419583944720437,0.9731464588595331,62083.0,2.4040516774504397
85,0.009437885941039989,0.9242310248528356,62208.0,2.4787047397481885
86,0.008498654803042856,0.9011085986472238,61891.0,2.430320924881851
87,0.009649101051018105,0.8736729470642259,62218.0,2.2797843351785545
88,0.011459815732556689,0.8676026239384154,62052.0,2.479067085173927
89,0.004571605268426132,0.9461780151992907,62245.0,2.325140054619542
90,0.010218289089397675,0.8685949642415061,61907.0,2.282924247982937
91,0.0017890055550879736,0.9744166825475366,61877.0,2.4564710633160907
92,0.059123341145039324,0.4729772522516176,62013.0,2.3432223976623874
93,0.011614949648443161,0.8740548229893988,62092.0,2.3910787253621244
94,0.002575259085366067,0.9608637151618207,62086.0,2.4644527282707216
95,0.010419358382858906,0.9029153958540347,62098.0,2.3816771785430895
96,0.004787579719937149,0.9447053854458642,61659.0,2.49680583567039
97,0.34336626869264675,0.08785200903235513,61967.0,2.54946625157525
98,0.9145742008277354,0.09867495336794974,62468.0,2.6060881490547843
99,0.14712201973190353,0.33900096687191383,61877.0,2.3740950696515775
100,0.07689638905751095,0.5454091218220549,61968.0,2.2865508901979386
101,0.0036100378705273026,0.9530292607493727,62071.0,2.3536142758983853
102,0.007492921746623017,0.9205116339392784,62462.0,2.441747874867012
103,0.12220267446300646,0.612486345521307,62010.0,2.3547682222976274
104,0.006372491995607969,0.9298641961245502,61966.0,2.404428664560097
105,0.01940203993797152,0.8107861514049896,61880.0,2.416451407320718
106,0.0040357841659920185,0.9530879113164449,61938.0,2.4206675379120703
107,0.05540799639994472,0.4562533022338048,62146.0,2.4036746903407824
108,0.8871673522022784,0.04087257611498185,62050.0,2.5775853456821505
109,0.004389822476303097,0.937754741251282,62034.0,2.3908107596006936
110,0.139295609034079,0.2516496941824138,61588.0,2.4185312326551625
111,0.008802204575106908,0.908210899140256,62336.0,2.419445146689018
112,0.05857201352371192,0.7508640544146077,62025.0,2.355009518393995
113,0.024207145031062305,0.8002967111298261,62003.0,2.292530774467952
114,0.1412539835753062,0.34934148374598906,62114.0,2.352274859513626
115,0.008074789907931397,0.8836053519205134,62039.0,2.2958232280397475
116,0.01197261330555367,0.8991133419881252,62045.0,2.382421329881936
117,0.010051583272708286,0.9070241343275652,61541.0,2.422082737792813
118,0.0073645226156650355,0.9295400414015114,62120.0,2.435484212214101
119,0.003101097597797961,0.9661954005837615,62382.0,2.422082737792813
120,0.0044316857818803915,0.9552523232415913,62041.0,2.331785622774925
121,0.06343699697507764,0.6922817403443496,61606.0,2.3663554800338673
122,0.4821832546313784,0.19706940222429992,60995.0,2.7874363125082446
123,0.04974138176244551,0.5245452946335827,62115.0,2.408857711336722
124,0.01787790806184089,0.8265903864441475,61846.0,2.299275158026026
125,0.36253227449954173,0.16530093178570215,61806.0,2.3797677974074496
126,0.04395508772621917,0.6076840235862943,61995.0,2.4256124114714037
127,0.00426068453059452,0.9374023434356109,62385.0,2.405237464778379
128,0.013559939615467712,0.8324084979732592,62131.0,2.3836078830499865
129,0.011040916359838763,0.8989394919749987,62106.0,2.4483492698078493
130,0.0029240741472078254,0.9593223184529412,62262.0,2.3752782182952537
131,0.0030882800209620647,0.9636840793321237,61716.0,2.3701936900985228
132,0.007399710815879401,0.9007901158685967,61934.0,2.3509081924313477
133,0.08190625751781594,0.3516967038290876,62252.0,2.4170680534303344
134,0.020900167253055057,0.8376050940734332,61655.0,2.422796746235356
135,0.01820592462936649,0.8624448456041476,61869.0,2.4148638903948285
136,0.005665901595356195,0.9231133837095313,62066.0,2.3586476634158515
137,0.03765499957616947,0.7719268937535724,62105.0,2.441747874867012
138,0.011512366079410025,0.9162870504590527,62092.0,2.4693509128484887
139,0.005884444716755907,0.930150291699412,61804.0,2.3448067260751877
140,0.018309307149234573,0.848634068880038,61736.0,2.300394279940914
141,0.09702078364070332,0.47629514225228076,62310.0,2.4542699045655176
142,0.003339365354864709,0.9549605062801477,62279.0,2.4641212373556236
143,0.4096562074180145,0.11723381201187333,61521.0,2.5246690709668442
144,0.011518457005667835,0.9115885479390996,62232.0,2.4040516774504397
145,0.18547360993658418,0.3943993483964946,61675.0,2.448008889716265
146,0.0706358876327024,0.688820688513559,62148.0,2.271713408341494
147,0.00904634848670164,0.9086302200168166,61848.0,2.4256124114714037
148,0.0516602039419083,0.6146045325420653,62082.0,2.479067085173927
149,0.05862269106108119,0.6306651803712333,61827.0,2.4204015968151804
150,0.001319497371954319,0.9831752036877147,62356.0,2.3511351647635195
151,0.004910893056332898,0.9219611708602523,62283.0,2.3908107596006936
152,0.051015373300284717,0.6761642344831166,61574.0,2.3274972263290152
153,0.030209001157078398,0.8021100855742607,62320.0,2.382125936382103
154,0.005337111849603227,0.9357321607848206,61553.0,2.372276088186455
155,0.03872790463880906,0.7447295698970232,62052.0,2.298217331943391
156,0.056319332985672314,0.6244816899964962,62028.0,2.2970249848789095
157,0.013288648557223226,0.8613932488643444,62243.0,2.471590487442622
158,0.004203185843086039,0.9467444013013214,62352.0,2.3587286697337433
159,0.0065078755032198276,0.9131665499494481,61867.0,2.3866076472601208
160,0.009887858487628852,0.8629445541540985,62005.0,2.286438244843943
161,0.19926000486397832,0.37868080914288316,61688.0,2.350451938092835
162,0.0033495798983351386,0.9598341341410267,61863.0,2.3282002052315853
163,0.016440423692390457,0.827926092832874,61884.0,2.3908107596006936
164,0.005019395734239984,0.9504224576771221,62134.0,2.3822330317659652
165,0.023743074868127795,0.8300426432930686,61862.0,2.449923611333217
166,0.012274616721162989,0.8574006785997705,61974.0,2.338458544935399
167,0.005169194720357629,0.9328471809579899,62015.0,2.410938372366214
168,0.05420557539335206,0.5026809084913364,61793.0,2.417948277004868
169,0.002486970722670016,0.963861959362356,61983.0,2.34920261189858
170,0.26041185640633613,0.13985773053191197,61756.0,2.47834239432245
171,0.015687949459779083,0.7976349568960257,62481.0,2.374031900163178
172,0.8692712916338328,0.020364760193499865,61288.0,3.257098059927692
173,0.003015635631066394,0.9586582049614627,62136.0,2.4506000960931242
174,0.014242733308054987,0.8699017310516148,61802.0,2.3156776322385326
175,0.029454722841936502,0.710592176267126,62116.0,2.4004601765171216
176,0.010972000407172836,0.8562661519997053,62105.0,2.3117267699807797
177,0.015143829577704571,0.8793589325175825,62042.0,2.4637897464405256
178,0.004285099780840913,0.9503046246727702,62879.0,2.4542699045655176
179,0.006145383777622877,0.9438261090694576,61848.0,2.3754944147178616
180,0.010117578329848605,0.9001211193010029,62513.0,2.3797677974074496
181,0.012100754710435863,0.9089459148767569,61946.0,2.3663554800338673
182,0.00628832725012454,0.9116244322105579,62386.0,2.479277646740746
183,0.12299449487652159,0.4091756114717764,61641.0,2.352866147635762
184,0.008323255026730189,0.8785799045899485,61480.0,2.4036746903407824
185,0.020927125400582565,0.8180763396341703,62445.0,2.404428664560097
186,0.05496049802368343,0.8032416521139687,62274.0,2.3908107596006936
187,0.002872846794210204,0.9641397344477137,62078.0,2.3821259363821063
188,0.0027010294103510025,0.9565597130883919,62309.0,2.3648164366359303
189,0.0033756703680741583,0.9622148850875326,61713.0,2.371568354499784
190,0.012722037779601543,0.8244516589146639,62194.0,2.3908107596006936
191,0.012285621624599171,0.8597226072802427,62382.0,2.3240062975518523
192,0.007047914722427685,0.9148455865034673,61763.0,2.3595561033158425
193,0.009324452104216143,0.9192272598080764,61946.0,2.3360229648519315
194,0.005893155858117569,0.9403741594852575,62288.0,2.466709280000469
195,0.002666545661410461,0.962078829916149,61746.0,2.3117267699807797
196,0.16036021411435653,0.20730750204185922,61895.0,2.4036746903407824
197,0.00456077218237381,0.9449821280372163,62614.0,2.35168357139149
198,0.020261410355950894,0.8641438851759432,61906.0,2.298217331943391
199,0.028824891857923828,0.6808817999569824,62094.0,2.346184635794783
200,0.025196392209500852,0.7540174968093708,62165.0,2.4269087546069343
201,0.03886239469602485,0.7992992495331085,61909.0,2.3918715773010693
202,0.009820703663147483,0.89188032824144,61800.0,2.375982273307292
203,0.0021971405687071215,0.9708042248298614,62187.0,2.3274972263290152
204,0.015765413327292005,0.8596771600640866,62175.0,2.4291420851499943
205,0.004597128740798416,0.9379575688656067,61871.0,2.3778584162718097
206,0.0033026050255880327,0.9501164681521469,62372.0,2.2431898157231096
207,0.25455276334456867,0.19805164014821208,62469.0,2.37133742645387
208,0.0023084438699711124,0.9703757441847166,61891.0,2.4101445246340027
209,0.016417769570328623,0.7903446282750961,62157.0,2.389691198605565
210,0.003374459055517951,0.9632184179277956,62004.0,2.4269087546069343
211,0.0011312112918522126,0.9819581354318964,61948.0,2.4040516774504397
212,0.008820623398656613,0.8716825978735845,61826.0,2.344338063491705
213,0.004768344763814111,0.9440215155714199,61681.0,2.3448067260751877
214,0.2387158224403761,0.5129548646508115,61229.0,2.677625144317826
215,0.2955847734644064,0.47132165800430426,62349.0,2.396967389958103
216,0.009538699791019374,0.8952440734776506,62392.0,2.4465220620600245
217,0.05933825891963961,0.7319215387973863,61632.0,2.419445146689018
218,0.012868632371510215,0.9139471538388463,62435.0,2.3586476634158515
219,0.0040668487489937625,0.9561988361098324,62447.0,2.424293615919506
220,0.17553654295021806,0.6255396959995106,62275.0,2.479067085173927
221,0.04400187359984403,0.6617751805440868,62146.0,2.3117267699807797
222,0.6170865842005651,0.04744022857888219,61111.0,2.7333304373970684
223,0.012881200813139515,0.8410938579935371,61665.0,2.3089299969678017
224,0.017147813043477178,0.6828633795848706,62097.0,2.4134102196050335
225,0.002578935977380654,0.9694043137685554,62303.0,2.417948277004868
226,0.005640850620789524,0.9370742057021646,61829.0,2.47834239432245
227,0.017847333158383147,0.8142366887540626,61727.0,2.3302305210085805
228,0.04155964412393095,0.5857215666962381,61960.0,2.343136806012314
229,0.40277154498286066,0.31549114585855587,61316.0,2.570290314682456
230,0.002165586306161379,0.969239476127237,62541.0,2.4291420851499943
231,0.024906407419892487,0.6676072562046312,61975.0,2.4266896453702724
232,0.04068759358302276,0.7408637099700024,61832.0,2.4542699045655176
233,0.004398344618542513,0.9461328497764652,62013.0,2.338458544935399
234,0.02807142108448607,0.6627707036240114,62183.0,2.325140054619542
235,0.12327925641766063,0.24210332993858186,62315.0,2.338458544935399
236,0.008710548591687215,0.897606503523808,61963.0,2.430848142134593
237,0.01334316621312175,0.8821354244719143,61903.0,2.5035422153631224
238,0.2318667004310735,0.47662406757141407,61861.0,2.5515590430574306
239,0.0038453245959840935,0.9620438768646994,62129.0,2.441747874867012
240,0.3990944725600207,0.17487721602232364,62392.0,2.514950718689942
241,0.01887741273809583,0.8322136415935174,62468.0,2.3117267699807797
242,0.0035543174929417633,0.9601660296044056,62279.0,2.4291420851499943
243,0.00220140163982683,0.9714910388654983,61906.0,2.338458544935399
244,0.01725851498389766,0.7770183183569684,61899.0,2.3413035777198594
245,0.17391901114422156,0.23413100921490793,62170.0,2.571487724489508
246,0.018655244269896693,0.7750743870656804,61546.0,2.422082737792813
247,0.021226929553678487,0.8642259285831042,62076.0,2.430848142134593
248,0.002488688896508608,0.9681885075988103,61950.0,2.364377244132207
249,0.0037531875238895965,0.9528599437648074,61889.0,2.3908107596006936
250,0.45262561317651023,0.31107259298900436,61444.0,2.5396690443989804
251,0.39739057674602735,0.11932108278363007,61150.0,2.657165478990338
252,0.006127549133178292,0.9289765996829076,61930.0,2.416451407320718
253,0.06231474595979369,0.4601754298815759,61925.0,2.282197343585615
254,0.010509725735899655,0.8453594089043505,61943.0,2.3778584162718097
255,0.037610584782441864,0.655757096985077,62201.0,2.35168357139149
256,0.04563075394404442,0.5153477243666076,62060.0,2.365585958334899
257,0.37983487782413766,0.40409563665924786,61206.0,2.6355698049739402
258,0.034125097333474096,0.8607790231359513,62082.0,2.2745104220320886
259,0.0028661373253705026,0.9662604193189773,62144.0,2.4964577846368776
260,0.0040706201405694715,0.9504529176633584,61931.0,2.4291420851499943
261,0.036805671884276664,0.5680537193189719,62331.0,2.338458544935399
262,0.3038707527097083,0.17458993463107053,61281.0,2.52165760567755
263,0.007060869753170668,0.9326558982349903,62066.0,2.307759272464473
264,0.052038691865942545,0.8457662692326766,61817.0,2.35168357139149
265,0.002583205639369555,0.9561688784733098,61872.0,2.3778584162718097
266,0.042692547817014176,0.5475909947655511,62487.0,2.397896392730342
267,0.07141373070204059,0.6671072362499031,62185.0,2.4269087546069343
268,0.011190371711188689,0.8810767299214133,61834.0,2.3648164366359303
269,0.015110007325691887,0.83083644011197,62477.0,2.3648164366359303
270,0.010908591201659597,0.842231549766254,62227.0,2.3663554800338673
271,0.03260605984277489,0.7149424966181219,62097.0,2.423631297080572
272,0.04011127512321304,0.7363374286829318,62195.0,2.3910787253621244
273,0.01613009572453316,0.8379491333196066,61838.0,2.2753443732485454
274,0.007207782207239479,0.9322719029241009,62095.0,2.352866147635762
275,0.022081497675778997,0.7214884305157225,62143.0,2.382125936382103
276,0.09394269239060411,0.3655962337813604,61638.0,2.3908107596006936
277,0.0025442718201870596,0.9553388924980704,62685.0,2.283645744192345
278,0.010567662557736977,0.9022889624944558,62219.0,2.3862708631632863
279,0.0383079485891804,0.8233383744247538,61848.0,2.330495226853106
280,0.004164226251295965,0.9526969778294156,62483.0,2.500410870829036
281,0.004524346896995659,0.9403009538781643,62060.0,2.3910553632045257
282,0.01068611346216951,0.8802923214950883,61973.0,2.3117267699807797
283,0.0262500709068866,0.8647442653692413,62100.0,2.4787047397481885
284,0.009975880533379921,0.8635287492428887,62584.0,2.3999891842125187
285,0.024848393280232427,0.812742433235811,61736.0,2.3009201033399336
286,0.00456443189265001,0.9428538682283845,62058.0,2.4036746903407824
287,0.00375694173372692,0.9608583159179448,61935.0,2.390371274400195
288,0.006772757773046366,0.9222765540252509,62154.0,2.3908107596006936
289,0.009337510225389443,0.8458945836146035,62143.0,2.3274972263290152
290,0.0009749949264474263,0.9834992819456347,61865.0,2.4225895600059264
291,0.06296242017912014,0.36168814934733917,61876.0,2.3117267699807797
292,0.5612401699730961,0.1699207193450788,62194.0,2.677625144317826
293,0.009307717091028258,0.8989403615030911,62151.0,2.3448067260751912
294,0.0022556873422571446,0.9699571933763287,62512.0,2.4652495132204972
295,0.00972939131449551,0.8669517143412744,61769.0,2.441747874867012
296,0.03443964341810514,0.6525515805523752,62369.0,2.34920261189858
297,0.4967073646781104,0.23052553460291303,61651.0,2.7005731794486163
298,0.0019974458143167642,0.9689643818812351,61851.0,2.35168357139149
299,0.1252258356954859,0.3155112585771812,61992.0,2.3016845524493608
300,0.008434970689715441,0.9270840983155652,61967.0,2.4918399255311474
301,0.003510907830909736,0.9563906485755663,61746.0,2.3605771824234267
302,0.01324678525164593,0.8480258864298793,61445.0,2.301231176950978
303,0.04293091007364205,0.6927717509225453,62047.0,2.3908107596006936
304,0.017900751183024973,0.7856165229713079,62121.0,2.49996280586155
305,0.07995469553585878,0.6571649775498971,62116.0,2.355165617403671
306,0.00594223549381695,0.9258349382802865,62320.0,2.3778584162718097
307,0.014560767285578369,0.8612726630188273,61927.0,2.3159127299556683
308,0.03840660613099235,0.6870849969661732,62295.0,2.348395750766347
309,0.31468242172513294,0.23255423672693532,61283.0,2.466709280000469
310,0.022434573808740466,0.8016512623544196,62188.0,2.3156776322385326
311,0.06142562536179909,0.3848353032940226,61915.0,2.441747874867012
312,0.008564151589769982,0.8887800387793657,61886.0,2.517372065888484
313,0.009857567082854474,0.9131765061752641,62261.0,2.323144895212007
314,0.014892778607278698,0.8637687735473878,61975.0,2.3413035777198594
315,0.007408043958996572,0.9098635408225516,62245.0,2.441747874867012
316,0.1619669987429926,0.2853713315839401,61683.0,2.472908923824818
317,0.030427647368908427,0.8048723372528784,61929.0,2.324105832703399
318,0.08299056266387458,0.3860185463476207,62427.0,2.3205931509839495
319,0.0114881140556783,0.8917861523816144,61926.0,2.3586476634158515
320,0.009661970173069159,0.8771475166187797,62072.0,2.338458544935399
321,0.003660921588757205,0.9552378139780242,61893.0,2.345883309101346
322,0.01839128981394299,0.8350391961463184,62290.0,2.3648164366359303
323,0.01954892661943275,0.7875467719228626,61754.0,2.423890715695098
324,0.09418339995452166,0.6710919112843519,61686.0,2.449531363415126
325,0.0011116756553074213,0.9810352608858274,62468.0,2.4036746903407824
326,0.006401434633919052,0.9259535448974547,62179.0,2.2431898157231096
327,0.0048342281396549225,0.9290391220293142,61701.0,2.4542699045655176
328,0.0034745169090083573,0.9597323048644649,62462.0,2.3188184917689334
329,0.003646042203314998,0.949418808139592,62157.0,2.352866147635762
330,0.03168624406915385,0.6719451517341751,62390.0,2.3667164674903223
331,0.45951617753879964,0.27968961090386313,61770.0,2.5035422153631224
332,0.08120175469877805,0.41120310518927505,61965.0,2.257098059927692
333,0.004823480962294529,0.9446713685970283,61855.0,2.5071148392501925
334,0.0036255357985514026,0.9551244457938792,62684.0,2.4018319372766506
335,0.07070268164067767,0.6078282146914108,62262.0,2.3648164366359303
336,0.01747150840379872,0.8267754507005861,62141.0,2.3786715324275
337,0.04032289400404322,0.5792661414807263,62017.0,2.2846103519926757
338,0.02385046932390899,0.7050141215634502,61793.0,2.345883309101346
339,0.0021827766354164924,0.9736044050166945,62027.0,2.423890715695098
340,0.07843771126289668,0.5446508224650969,62547.0,2.2958232280397475
341,0.006448134598851983,0.9361878214483228,62527.0,2.4527974552789633
342,0.061964032315860285,0.46768365038602466,61888.0,2.325865417019388
343,0.19465626974477052,0.285870643246,61865.0,2.430179076446281
344,0.04573082897927321,0.6814608947146068,61791.0,2.3904192102491493
345,0.003369983212668419,0.9589230660744728,62012.0,2.338458544935399
346,0.2178917359248939,0.2735893997878338,62000.0,2.435484212214101
347,0.013536117135195634,0.8152405628833282,61843.0,2.3223842745579137
348,0.019265075710428157,0.8131239110631291,62068.0,2.3955392210208615
349,0.01731681262224109,0.8236578524770461,61869.0,2.3595561033158425
350,0.0038814921552864554,0.9538167684475959,62228.0,2.3648164366359303
351,0.0075719147888522855,0.9425191094628035,62336.0,2.430406728170821
352,0.005823982179375854,0.9381721293508115,62041.0,2.4036746903407824
353,0.01930984272979267,0.7949997952033631,61468.0,2.3818369863550863
354,0.052319518788991215,0.47354892698894036,62140.0,2.3727852005964927
355,0.02112206081344002,0.823441417331306,62223.0,2.318433412300161
356,0.0036846925238141256,0.9538826549386334,62271.0,2.3728311217577396
357,0.07149480273461456,0.36803057446800314,61866.0,2.2709044113185364
358,0.015271713256510975,0.833546246118598,62450.0,2.304530428905215
359,0.01945794072381011,0.7864542651068013,62085.0,2.350451938092835
360,0.05349504178414072,0.4461622370031759,61853.0,2.3117267699807797
361,0.10744818307712684,0.42671351662876955,61924.0,2.3797677974074496
362,0.00950174187175126,0.8771858459893205,61980.0,2.443130416107877
363,0.015474500723810798,0.8073502351930817,61573.0,2.3039843674129443
364,0.805968879215532,0.03909847210350459,61736.0,2.7515388740801825
365,0.01924663111427087,0.8361538523993242,62114.0,2.4288984263592788
366,0.0029114885238401386,0.964426213286062,61968.0,2.2707086451332206
367,0.05243603674785533,0.6461084571550573,61932.0,2.3938430366117256
368,0.10761860874017679,0.4237637644156167,61804.0,2.4542699045655176
369,0.03397342553787239,0.5549611667282222,62382.0,2.331415233088306
370,0.011540423858194234,0.8733200912612353,62184.0,2.3908107596006936
371,0.005260678886393461,0.9303604960767161,62271.0,2.486850573722041
372,0.04577497745605583,0.6421053363784566,62284.0,2.4290944574835844
373,0.0008628669017409113,0.9866049278687808,62285.0,2.5035422153631224
374,0.0017055023065324015,0.9739362117941724,61730.0,2.257098059927692
375,0.03960291043871963,0.7907454044246602,62235.0,2.4542699045655176
376,0.005457006020060178,0.9357302494422958,62261.0,2.3422201918660868
377,0.015597427471092863,0.8191514385659825,62134.0,2.512147041268335
378,0.17484936791434236,0.4055308231355903,61750.0,2.441747874867012
379,0.007118334077202379,0.9247358606563232,62060.0,2.448257582673129
380,0.6112700073504336,0.07517194361381763,61420.0,2.7515388740801825
381,0.011225817637478841,0.9008129045948277,62508.0,2.4428340758726126
382,0.003632159358699175,0.9530072225785157,62363.0,2.4542699045655176
383,0.0013533711691821606,0.9777921498121703,62465.0,2.378593789820467
384,0.004872225554095385,0.9498535847414684,62265.0,2.35168357139149
385,0.0619496168373545,0.6098100727217481,62178.0,2.4564710633160907
386,0.018924147066505536,0.8147816798435413,61772.0,2.431468363765557
387,0.7279121987739506,0.05338397261671457,62009.0,2.4637897464405256
388,0.003093735222899594,0.9634370540903787,62313.0,2.365585958334899
389,0.0026963302049024533,0.96431139631436,62523.0,2.486222799286157
390,0.009366598908476806,0.9109891766070872,61880.0,2.3648164366359303
391,0.17919137361271745,0.2598015870796172,62132.0,2.3973767078514534
392,0.03053886476148049,0.7012152644510259,62231.0,2.35168357139149
393,0.004902783275814743,0.932355299302897,61977.0,2.416451407320718
394,0.08589814234223193,0.4317450237689118,61666.0,2.325140054619542
395,0.008348297410427667,0.8761910441481835,61886.0,2.3663554800338673
396,0.0036217987704524647,0.9450786666365132,62474.0,2.3973767078514534
397,0.00873598615536757,0.8928065890735221,62553.0,2.3663554800338673
398,0.005109625633373644,0.9508524104756897,62286.0,2.416451407320718
399,0.046973429481081345,0.5847863699642823,61798.0,2.3392639835598636
400,0.0023420083959080074,0.9656405461058548,62978.0,2.298217331943391
401,0.020446457678367256,0.792877277793832,61973.0,2.282670969766995
402,0.0332023005282431,0.7922904399729986,62450.0,2.321415181353313
403,0.01205570419238798,0.9084569591835011,61903.0,2.468252454471873
404,0.0213495556205388,0.8080738909829813,61875.0,2.445639619141069
405,0.004032029956154695,0.9369733418241574,62471.0,2.35168357139149
406,0.025642335638438218,0.7550922364611953,62136.0,2.438099234987792
407,0.036711997046596626,0.7355477325597954,61539.0,2.3557569055258067
408,0.0029062051392864685,0.9642944246856751,62094.0,2.423176950647976
409,0.011672078928576347,0.8770271956367662,62075.0,2.331388970603074
410,0.006232211692556124,0.9166077124091584,62342.0,2.461209926002013
411,0.0027546450249842664,0.9657631876050072,61978.0,2.257098059927692
412,0.0045778078759834495,0.9468977769244711,62257.0,2.3631980020344923
413,0.03832109261904563,0.7723276725897816,62578.0,2.5035422153631224
414,0.004093489034361132,0.951564272168532,62370.0,2.378246464241812
415,0.013851307535016146,0.899321110862995,62119.0,2.416451407320718
416,0.05360253933035223,0.4053818846745718,61595.0,2.2817170113743366
417,0.009906981762452381,0.9025327124211086,62165.0,2.4590298255030216
418,0.00994282286872541,0.8998856235967004,62169.0,2.337585617395833
419,0.004294575509560748,0.9513938985687773,62003.0,2.3818369863550863
420,0.3970887451478019,0.3187382415815053,61970.0,2.441747874867012
421,0.009864680322546246,0.9260871734154644,62276.0,2.3909487334266526
422,0.018763051087399146,0.7981345700721807,62306.0,2.3049720509620855
423,0.009878588939769648,0.8860730803027931,61782.0,2.3664980642321254
424,0.2649457305772668,0.5635096192761379,60810.0,2.5980426701473185
425,0.011179770578604576,0.8638209621753047,62303.0,2.2778874462279077
426,0.10221685059989653,0.5298623563070707,61831.0,2.4258962115551785
427,0.007215642852551038,0.9286172646255133,62074.0,2.441747874867012
428,0.007869193226405476,0.9107984729111579,61972.0,2.325140054619542
429,0.0041884868658968845,0.9492790726645356,62644.0,2.4291420851499943
430,0.003098030657496074,0.9597469061500137,61768.0,2.3908107596006936
431,0.004257557454208283,0.9517061983997466,62065.0,2.398432248917638
432,0.004964293899236338,0.941517096463595,62248.0,2.3117267699807797
433,0.09949119975843851,0.2734838140005377,61971.0,2.390027660897605
434,0.6409755835728045,0.20376345783514327,60626.0,3.0981522287079564
435,0.01203910663310718,0.9269180835909108,61821.0,2.404428664560097
436,0.06819248120770989,0.5843118612068263,61777.0,2.4269087546069343
437,0.01224382704597542,0.8346541081085223,62287.0,2.4248836685034227
438,0.08059596955763647,0.7067460281831824,61780.0,2.5156616046293685
439,0.009282648934723199,0.8992250800901748,62264.0,2.2958232280397475
440,0.27516809173866197,0.183903166456044,61815.0,2.5515590430574306
441,0.07197070252442778,0.5501491813708685,61841.0,2.416451407320718
442,0.09541123275218709,0.33122997099013396,62010.0,2.5035422153631224
443,0.03936109465267618,0.6208125148956001,62215.0,2.3274972263290152
444,0.009006400944954375,0.8997754564605914,62497.0,2.404428664560097
445,0.018934481882144666,0.8298383472356613,61941.0,2.4637897464405256
446,0.018009709176999286,0.8045970815073533,62260.0,2.492783526565656
447,0.017953954435936975,0.8163926032899377,62600.0,2.4036746903407824
448,0.003921413924426141,0.9370073999025355,62172.0,2.3908107596006936
449,0.007073970828689932,0.8864960973375114,62163.0,2.4564710633160907
450,0.009746298145067256,0.8803790304972992,61902.0,2.35168357139149
451,0.12444806994397044,0.4009510188180263,61893.0,2.35168357139149
452,0.008363597748460329,0.9061637655908721,61993.0,2.2846103519926757
453,0.05294859377651491,0.7513374180396358,61898.0,2.3663554800338673
454,0.0032451750650330947,0.9630459744381639,61743.0,2.4036746903407824
455,0.09810474515199426,0.4363932991762485,62000.0,2.3458888555362627
456,0.0037180938232363545,0.9599815023514651,61955.0,2.3991132557644512
457,0.0032675714610191416,0.9643227120978288,61693.0,2.352866147635762
458,0.005423175177178301,0.9378537496693513,62166.0,2.303622874736476
459,0.016559347094628606,0.8416557063554058,62410.0,2.434831794898596
460,0.004942352819317518,0.9610534388093508,62566.0,2.3605771824234267
461,0.00332775909058502,0.9533770620567017,61945.0,2.3681774688328687
462,0.02138336928168229,0.7786387552043792,61746.0,2.3263186404742786
463,0.02431607725242904,0.7195292766367485,62239.0,2.3743434015073106
464,0.04520246475129859,0.6019713444832044,62031.0,2.35168357139149
465,0.0009295835918934393,0.985159369275117,62451.0,2.416451407320718
466,0.11039286671952858,0.5989879267548734,61890.0,2.520932914826073
467,0.008171231005491567,0.8871234333861525,61981.0,2.3663554800338673
468,0.0011919573279156334,0.9820136987863352,62136.0,2.441747874867012
469,0.03256556248539928,0.7401614628555995,61924.0,2.419445146689018
470,0.02328137578509054,0.7616700149002694,62556.0,2.3778584162718097
471,0.017869935735229825,0.8499589427831034,61635.0,2.494849060004519
472,0.018762973769576412,0.7225104364275893,61998.0,2.351316433881312
473,0.05343468233719098,0.758084940376563,61783.0,2.377633542035394
474,0.002747170968786391,0.9674809126851274,61981.0,2.4519006339903218
475,0.09093938465682962,0.3645616033663728,61760.0,2.397896392730342
476,0.03586297862599477,0.5906219754052457,62044.0,2.361732050025891
477,0.010021798729216293,0.8960244303549986,62249.0,2.3816771785430895
478,0.009402328333450326,0.9006919368397102,61697.0,2.35168357139149
479,0.005707404084427385,0.939925689595617,61981.0,2.35168357139149
480,0.004814237187042904,0.9512565059837766,61330.0,2.2846103519926757
481,0.23627559463698497,0.28205257898693703,61054.0,2.477338902000536
482,0.004186425057290574,0.9513455498551376,62019.0,2.3816771785430895
483,0.011548129867860319,0.8857724222905417,61717.0,2.3321105910221682
484,0.023045204200106875,0.7124495625588063,61938.0,2.468894698687137
485,0.12409811229652601,0.5364522251829642,61515.0,2.4344909121857796
486,0.06437299794625823,0.6022577039189945,61831.0,2.4036746903407824
487,0.07634653047481553,0.6608127324258706,62235.0,2.416451407320718
488,0.005509247095622568,0.9490103245671098,61848.0,2.375945158217494
489,0.0671625219001659,0.4858121321927009,61921.0,2.5035422153631224
490,0.03702245387749182,0.6799221983463006,61957.0,2.4542699045655176
491,0.1825256531730199,0.40747055633784235,61622.0,2.3648164366359303
492,0.0859577372018235,0.28716321171935344,61614.0,2.441747874867012
493,0.04335579728218747,0.7912016903829968,61884.0,2.355009518393995
494,0.0026983748317703777,0.9622042234316379,62126.0,2.416451407320718
495,0.03295245227950424,0.7184873515532619,61959.0,2.4441403678016833
496,0.0090382215244451,0.9153231304663291,61606.0,2.435215603037257
497,0.01083342968709039,0.866816538970632,62260.0,2.365585958334899
498,0.17336197059488084,0.3649201089695232,62169.0,2.3648164366359303
499,0.10928152610811968,0.45988247810159355,62219.0,2.499541251551321
500,0.033369805295767434,0.7654931184729631,61892.0,2.4194347074091755
501,0.0411337002384748,0.6528306574431071,62115.0,2.4661084734149075
502,0.008612973499393575,0.9161620280770196,61679.0,2.287820844312627
503,0.016610746265010086,0.8541501031709927,62250.0,2.3422201918660868
504,0.01671480746354441,0.8424097169398745,62134.0,2.483348602674404
505,0.01172218087770969,0.9044053120681185,62140.0,2.3510677547421626
506,0.27399274915176547,0.4919228800492764,60893.0,2.5114223504168613
507,0.001657831573380666,0.9802439171511488,62221.0,2.4036746903407824
508,0.489503903678075,0.06913406591556426,61531.0,2.753669522736793
509,0.01192971909567322,0.8176873258253876,62438.0,2.4351675354574347
510,0.1545235002668367,0.2698104725059548,61776.0,2.416451407320718
511,0.07148864308140321,0.48293741381395894,61841.0,2.338458544935399
512,0.00859760443440737,0.9071257345282804,61949.0,2.466709280000469
513,0.332290894356475,0.13942493804952605,61609.0,2.4542699045655176
514,0.02375974115436214,0.8559082833395358,62233.0,2.3952771309660577
515,0.148990473645288,0.5552691971721918,61743.0,2.2846103519926757
516,0.021147464013643605,0.8060963729748384,62262.0,2.3353332398475963
517,0.0037413407152725045,0.9632688906766647,62219.0,2.3298039086755917
518,0.1512901634195515,0.20557410150030975,62218.0,2.482351028720956
519,0.0073306660001755805,0.8934139735371194,62080.0,2.4167853748550456
520,0.04313355149616559,0.6621654943497006,62080.0,2.3968753136227576
521,0.016898067885168636,0.8256163915997704,62098.0,2.3648164366359303
522,0.004558718964636692,0.9506963103757414,62386.0,2.3733703692582697
523,0.008046362721771892,0.9075403561840365,62351.0,2.298217331943391
524,0.6463226951941483,0.17698409035567852,62151.0,2.457484707635741
525,0.10829257101923369,0.5028161825962179,61882.0,2.449123847241836
526,0.0020746863192306684,0.9746239634516551,62042.0,2.3801605255686766
527,0.009186259382378187,0.8748920967264511,61858.0,2.312657876052608
528,0.015222865574279803,0.8289948355169142,61986.0,2.404428664560097
529,0.006420411863966301,0.9376867463408395,62175.0,2.4016172182200357
530,0.013204475220870603,0.8548792003617226,62307.0,2.3501835015798775
531,0.0027787080495937475,0.9592543184496233,62309.0,2.4291420851499943
532,0.04194875036228769,0.6821789605113916,62436.0,2.338458544935399
533,0.002780134133879779,0.9649925185461217,62271.0,2.322185063118056
534,0.001723732130959863,0.9746233632295286,62187.0,2.338458544935399
535,0.06711382026271101,0.41282183198117517,61975.0,2.466709280000469
536,0.02610318422542537,0.7341385267004322,61994.0,2.416451407320718
537,0.0918937958606907,0.6835518769896528,61382.0,2.4291420851499943
538,0.006383187627753205,0.9337779722748856,61900.0,2.4291420851499943
539,0.17012582453336955,0.18375559093679683,61768.0,2.293000622030924
540,0.01987600678221632,0.8807526919187462,62558.0,2.5186596051534593
541,0.012457396054112408,0.8747776732745631,61948.0,2.250973304271227
542,0.0609622596501384,0.5241989240560216,61624.0,2.485205734037942
543,0.10688814431443777,0.2878799424596743,62404.0,2.4119518623196328
544,0.012626232406361652,0.8804948170026389,61967.0,2.441747874867012
545,0.03373901508107328,0.7573620299665261,61937.0,2.3896954043137804
546,0.005344860813615277,0.9477414344339101,62179.0,2.441747874867012
547,0.10385213973251486,0.5834356213880543,61924.0,2.311321694753296
548,0.003877720763710746,0.9485053222181266,62028.0,2.338458544935399
549,0.02550628204302931,0.7751623739033011,62424.0,2.350268735432115
550,0.018211775011286898,0.7779235833155548,62252.0,2.3321105910221682
551,0.0395890275941038,0.7835026034216577,62122.0,2.4740738567421054
552,0.013105336590383843,0.8888560152692779,62463.0,2.423176950647976
553,0.001994696736175017,0.9746115458559833,62184.0,2.3910787253621244
554,0.0015863555416952382,0.9789262786151108,62401.0,2.337585617395833
555,0.045290177525758715,0.7958273247417397,61862.0,2.395399971906606
556,0.006655973497237267,0.9099728906282003,62078.0,2.325140054619542
557,0.901120547445923,0.06423955897342226,62014.0,2.491344382901957
558,0.013288193241155998,0.8592722790735388,62044.0,2.47834239432245
559,0.04043190354323269,0.5293979847838688,61861.0,2.328581783945131
560,0.35515812151951137,0.22557309994223418,62190.0,2.54946625157525
561,0.003492394507798907,0.9576697910418419,62339.0,2.377633542035394
562,0.020684931616294634,0.8382825297937806,61723.0,2.425399735151016
563,0.0035911035948260183,0.9485625592722847,62299.0,2.403681409684989
564,0.041686969396239816,0.7852616686172492,62181.0,2.4258962115551785
565,0.002655721166227331,0.9658508082117998,62582.0,2.3621862699758864
566,0.10091273947466681,0.40237705792794676,62016.0,2.4229867267439555
567,0.49289520942808035,0.12106803300509295,61104.0,2.7333304373970684
568,0.009579016740141937,0.8665147252925359,61878.0,2.4542699045655176
569,0.013545962271290766,0.8736058277966721,62206.0,2.462222041244406
570,0.2757075210061571,0.12958669767196207,61610.0,2.3117267699807797
571,0.2523058472797575,0.17793182839290955,61629.0,2.579752198950267
572,0.998920531513297,0.10058793313124581,62140.0,2.1393008822487793
573,0.019203625223090912,0.8539593379880817,61822.0,2.404428664560097
574,0.03686193348662136,0.8433221955483252,61690.0,2.4291420851499943
575,0.991908621123657,0.055700328069406724,62533.0,2.113168710836881
576,0.04376494601837139,0.652009922217833,61586.0,2.3648164366359303
577,0.11868701588143302,0.3465047182301162,61656.0,2.4040516774504397
578,0.0838385415893041,0.533154279506896,61016.0,2.441747874867012
579,0.41704244775099936,0.12705907338964106,60699.0,2.6710928724880674
580,0.054762229353579106,0.5204777333542281,61998.0,2.4464324224621024
581,0.26489713203024223,0.1627550060102766,61712.0,2.419329458439723
582,0.018416315015902084,0.8230459565927178,62120.0,2.370047327465592
583,0.00702607673293918,0.9231427646747291,62104.0,2.381901557462596
584,0.012030300992184396,0.8756610753312322,62228.0,2.3892915668251256
585,0.0019125680266903185,0.9736750039906943,61795.0,2.340008811736862
586,0.005674844690186067,0.9453772947043153,62080.0,2.446344324618817
587,0.0019396722189941077,0.974641781682247,62252.0,2.3908107596006936
588,0.018508297452351108,0.8354826555682106,61608.0,2.441747874867012
589,0.015462207189995672,0.823540759943268,61647.0,2.338458544935399
590,0.008653152994609049,0.8745995534302136,62283.0,2.3117267699807797
591,0.0023719132115687016,0.9677170957887916,61729.0,2.383007076464425
592,0.0030179293931409143,0.961255397059306,61733.0,2.3263186404742786
593,0.004547344653825213,0.9336209414215629,62083.0,2.4005120191544336
594,0.6878280278430414,0.05013530919351794,61901.0,2.877291441386067
595,0.8116294888354654,0.04952360427623903,62270.0,2.608196287590985
596,0.24775140656797895,0.12825161404627805,61456.0,2.333493227377197
597,0.025851471758071638,0.7067629523993505,61843.0,2.3196284944962855
598,0.10408381829291062,0.2590769533166619,61780.0,2.4119518623196328
599,0.04148723168750349,0.8359259063101012,61766.0,2.3908107596006936
600,0.03194093756811754,0.762602850871542,61617.0,2.404428664560097
601,0.031193059450524398,0.8470250006567557,62198.0,2.4109780532697087
602,0.004022614363519211,0.9567747879710402,62449.0,2.4389759256384664
603,0.005434583851466552,0.9238850182972465,62130.0,2.330092575800691
604,0.03363447279386415,0.7207888390815627,62065.0,2.3663554800338673
605,0.008362841751971349,0.8930631048188584,62301.0,2.4256124114714037
606,0.006706882988074748,0.923113931413442,62175.0,2.4329812632916
607,0.007520824889761752,0.9048656940134348,62153.0,2.365585958334899
608,0.005801396784267562,0.9403452361242988,62090.0,2.441747874867012
609,0.20718722082091304,0.3406981933541764,61826.0,2.6376957417154756
610,0.017196686498315926,0.8101561089876504,62033.0,2.3908107596006936
611,0.019456823910815026,0.8337535089953068,62258.0,2.3778584162718097
612,0.008436929407891437,0.9222550040638076,62506.0,2.3701936900985228
613,0.6780599690263084,0.06804749615651706,60686.0,3.2846103519926757
614,0.024894363021283956,0.8046261898352131,61894.0,2.3210016750892297
615,0.008084050864921408,0.910939355002025,62529.0,2.35168357139149
616,0.012998603631530508,0.8400710825261041,62245.0,2.390027660897605
617,0.03441035714502634,0.5673428578908373,61864.0,2.3908107596006936
618,0.08077237446564471,0.5893536050477011,61685.0,2.3797677974074496
619,0.023862676949032186,0.8223111718720736,62457.0,2.3778584162718097
620,0.007995599275710691,0.9116356343203542,61698.0,2.3778584162718097
621,0.03915499970073707,0.7358251718216424,61696.0,2.4018319372766506
622,0.004024358309965382,0.9562330446757795,62369.0,2.4542699045655176
623,0.0058046956780376585,0.9036242409876718,62461.0,2.3603725748260302
624,0.007952052159771576,0.9065128243387122,61606.0,2.4740738567421054
625,0.00532629594528929,0.9403335125009116,62224.0,2.479067085173927
626,0.6814062672126118,0.050855770026568936,61401.0,2.7803502925942425
627,0.04118010811385517,0.6659839854773959,62489.0,2.4057324062489194
628,0.008577295619635212,0.9364636913568468,62295.0,2.4078132763302076
629,0.005801817736858017,0.9334943753835961,62590.0,2.3862439690718915
630,0.1965215536274228,0.4193291983068457,61389.0,2.4543346608108383
631,0.009691685989607608,0.9018141355375203,61903.0,2.4016172182200357
632,0.0036644953903414764,0.9607884158129568,62007.0,2.4264705361336105
633,0.044201817489440985,0.5794981707138083,62406.0,2.40027500198177
634,0.0844967739868687,0.354273173704829,62141.0,2.332523494861487
635,0.13722846549799975,0.48401961105785496,61720.0,2.416451407320718
636,0.31090005101859486,0.13726018951420926,61194.0,2.4637897464405256
637,0.09881480626339999,0.41255058635642927,62448.0,2.3908107596006936
638,0.20168586873407882,0.24838285440861152,61306.0,2.3694241683995543
639,0.006336642298465747,0.9435171021366058,62290.0,2.3866076472601208
640,0.004696198644331633,0.955969797390069,61555.0,2.2797843351785545
641,0.03341806020802429,0.7589887865011061,62073.0,2.338458544935399
642,0.03663827020718264,0.7109482352328184,62047.0,2.338458544935399
643,0.01726506981709189,0.8117013148001391,61928.0,2.338458544935399
644,0.004533547717901319,0.9451001761736721,62235.0,2.3958449218960745
645,0.01592925838454014,0.8552233339085339,62399.0,2.3816771785430895
646,0.061354664782265235,0.5764238573469553,62432.0,2.40027500198177
647,0.028100758902780028,0.7614207967800326,62057.0,2.299934164830937
648,0.0016810526928092372,0.9753290025785673,62096.0,2.3866076472601208
649,0.08695877105279479,0.47082573443887876,62396.0,2.3595561033158425
650,0.005815356946706122,0.9264723893731479,61843.0,2.2616954808766465
651,0.008734860751503292,0.9043521057247036,61738.0,2.3892915668251256
652,0.016629311133336072,0.8987418138726083,61809.0,2.4036746903407824
653,0.014237011789172476,0.8744768309124495,62167.0,2.3392639835598636
654,0.09687806353080068,0.5747100094173287,61715.0,2.366330634606369
655,0.010738036675571761,0.9124615144145105,62140.0,2.4036746903407824
656,0.023939522273963214,0.5746111740676424,62099.0,2.4229867267439555
657,0.0011190466210749812,0.9824494787931481,61783.0,2.5396690443989804
658,0.020468579166539127,0.8343107645734991,62239.0,2.479067085173927
659,0.023106182189638506,0.8344629159789029,62113.0,2.514950718689942
660,0.01738779897438252,0.8531401809138298,62286.0,2.3917324916715135
661,0.19562994167736222,0.34205987679260375,62315.0,2.378048208835928
662,0.8681801653376349,0.20524457818897268,61750.0,2.653340755539812
663,0.007874193112275779,0.889515669470992,62342.0,2.35168357139149
664,0.1341420067413066,0.5132462599628541,61404.0,2.5156616046293685
665,0.4415738379580116,0.07691903212003304,61930.0,2.516431812526637
666,0.023102634160661814,0.836026374719365,61550.0,2.416451407320718
667,0.01814363223684834,0.8602909117547972,62312.0,2.4585507877049535
668,0.0032213783573685952,0.9633747260654871,61837.0,2.36409174578446
669,0.9549511485807407,0.055544134209856155,62330.0,2.3663554800338673
670,0.028856695255676166,0.8087161354604415,61763.0,2.435444980008503
671,0.010203761929592381,0.879685959973665,62009.0,2.404428664560097
672,0.0012385026572030913,0.983459865597643,62104.0,2.3910787253621244
673,0.014882375064686024,0.7996632996639338,62735.0,2.431742502679013
674,0.0034578076684280497,0.949504230749953,62272.0,2.338458544935399
675,0.3206028192294614,0.30231670990879067,60891.0,2.5538193830896088
676,0.18943418104279183,0.4864150926949312,61587.0,2.458840494659052
677,0.002737557786159469,0.967712749402893,62149.0,2.404428664560097
678,0.12751483842847333,0.3984767141485521,62121.0,2.5035422153631224
679,0.005991108948655699,0.9430526458036784,62056.0,2.3644540912101952
680,0.011291065288999374,0.842910477586913,61702.0,2.5031232345548133
681,0.11083782219850875,0.3281947084519653,62083.0,2.438119393526396
682,0.00787181344150933,0.9193473165362275,62171.0,2.35168357139149
683,0.1044290595531681,0.3898992042687093,61543.0,2.3429777881506055
684,0.002084436955764678,0.9657023506959679,61999.0,2.3016845524493608
685,0.11986725526376946,0.5813872070688162,61942.0,2.4291420851499943
686,0.0028777607713885776,0.9640467176159939,62049.0,2.3648164366359303
687,0.012601138477449016,0.8930315864293885,61940.0,2.404428664560097
688,0.04310580298867233,0.5917819714801007,62020.0,2.3908107596006936
689,0.0524892829551133,0.7447065288477372,62203.0,2.4040516774504397
690,0.0073673919659754845,0.9248063300927793,62281.0,2.373581156663546
691,0.017510734312533777,0.8651748690577085,62061.0,2.4291420851499943
692,0.13239949497029094,0.37637845759464594,61861.0,2.416451407320718
693,0.0720061742233255,0.5914473462469793,61991.0,2.36344902389947
694,0.003129499011349887,0.9630505573320435,62188.0,2.3275921226110743
695,0.020477015400086614,0.8427442226807007,62066.0,2.3712225480525913
696,0.13887932987646492,0.49872028195256146,61803.0,2.404428664560097
697,0.009908089984578273,0.9064620909030358,62066.0,2.3765793935721575
698,0.06101856420682906,0.5486776488337082,61533.0,2.3586476634158515
699,0.005907992289213811,0.92442691763583,62179.0,2.2958232280397475
700,0.0038078254519568226,0.9563692014147555,62048.0,2.3778584162718097
701,0.11026880597751304,0.4701079308227747,62078.0,2.3648164366359303
702,0.00376744836674991,0.9501622952806535,62222.0,2.323144895212007
703,0.044865479316335534,0.7509593144457571,61824.0,2.3918715966830995
704,0.07429451545938509,0.4707066020077926,62185.0,2.3251235602113454
705,0.003843219833031818,0.9448448641976239,62012.0,2.351295881911419
706,0.03657871830193704,0.5650197784120554,61721.0,2.3321201836797645
707,0.07067018238252071,0.534884075247268,62098.0,2.3778584162718097
708,0.011773073186808786,0.8560352774200293,62127.0,2.3648164366359303
709,0.0034599897492030617,0.9560604935156314,62153.0,2.3648164366359303
710,0.08052722542235441,0.5375933836267903,61962.0,2.368616498344714
711,0.0030215031947251857,0.9678399717332311,61834.0,2.441747874867012
712,0.8708413588875381,0.07959306405973243,61927.0,2.6099091696139958
713,0.06506198565553362,0.5708887053423786,62162.0,2.285529546614807
714,0.0993418389066497,0.4476881765219506,62025.0,2.5142398327505155
715,0.047557101724920246,0.6555788362312358,62051.0,2.404428664560097
716,0.2643355039567525,0.2221415286699604,61586.0,2.5159959537034045
717,0.002197673202597085,0.9694409537251285,61899.0,2.3838116411366315
718,0.13458496913863402,0.45173083850464024,61893.0,2.4418870085739304
719,0.00984083206966659,0.878972666003969,62434.0,2.3266017667345924
720,0.03590061522392912,0.7728667977568607,62260.0,2.3908107596006936
721,0.34552267995051006,0.0964205090685093,61806.0,2.4725769870579555
722,0.04170796548054741,0.6045069134337981,62300.0,2.311533846592173
723,0.011783408002447917,0.8447026830681035,62134.0,2.3353332398475963
724,0.011606891413140166,0.8861699104485001,61861.0,2.4291420851499943
725,0.42134685121491683,0.12650303516497807,62064.0,2.428793562978397
726,0.04135431375935001,0.5474380170155416,61693.0,2.298897330946973
727,0.1311681055527796,0.2610536980319752,61892.0,2.5035422153631224
728,0.17972429959223354,0.3772283129878091,61737.0,2.3450710581634446
729,0.004433799135701859,0.9521355397275781,61588.0,2.3892915668251256
730,0.005528327416100132,0.9466552493367695,61816.0,2.3765683172835317
731,0.05819055315893691,0.5847844770749488,62399.0,2.4036746903407824
732,0.010226579278168882,0.8221716164159311,61762.0,2.3602236763285447
733,0.3236300095795923,0.1024660349966986,61796.0,2.3196284944962855
734,0.0035642141742520533,0.9506333332837444,62086.0,2.298944486670795
735,0.1414880160338608,0.23939664200126431,61932.0,2.4044119671346245
736,0.004001609688342424,0.9563831408178485,61770.0,2.40027500198177
737,0.0028153652884401084,0.9530226833878976,62135.0,2.40027500198177
738,0.010240840121029196,0.9062954902384652,62383.0,2.441747874867012
739,0.04496320045340546,0.758664314166241,61790.0,2.326681753090739
740,0.0011179126263415103,0.9846812285391727,62026.0,2.4291420851499943
741,0.008804670154565286,0.8905863963529483,62440.0,2.3586476634158515
742,0.015385559455056081,0.879905945941442,61994.0,2.4366255042201708
743,0.31475583070238683,0.201381040804128,61141.0,2.375945158217494
744,0.026397223905292814,0.7107765026968469,62089.0,2.5396690443989804
745,0.0052562975431050514,0.9407018904623847,62017.0,2.3407976754738566
746,0.003380893616543478,0.9613993526908312,61950.0,2.3930288476181865
747,0.2423493821107537,0.27669463714336195,61874.0,2.503752557294927
748,0.04692196158374632,0.5897780404175044,62135.0,2.3422201918660868
749,0.5950291925037415,0.13639655013363738,61286.0,2.7642867820081953
750,0.008355814420971507,0.9005203464764998,61707.0,2.374031900163178
751,0.13937710201924342,0.45239097231382197,62215.0,2.422796746235356
752,0.5468538660590884,0.2775566426141314,61681.0,2.2677461456290864
753,0.013277763925955746,0.8688341473017274,62165.0,2.3611031852183704
754,0.005313950866259007,0.9404233626824634,61972.0,2.325140054619542
755,0.004499201422867864,0.9371432880693725,61771.0,2.230119482978685
756,0.03557584600495846,0.7188177992746008,61839.0,2.2807315875413146
757,0.9197929992268132,0.06705459353659182,62195.0,2.404428664560097
758,0.008021208656774905,0.9361352013505242,62040.0,2.4036746903407824
759,0.06443053099724347,0.46722799964627826,61846.0,2.416451407320718
760,0.00041642520239035437,0.9898482272504198,62046.0,2.4156042709791095
761,0.005491807631160859,0.9351512427349505,61704.0,2.359101883365847
762,0.002494496324083049,0.9624164678591306,61836.0,2.3900511632129096
763,0.03264526856977156,0.6808703573873582,62195.0,2.3042594653677497
764,0.007296208023842617,0.9357518611880093,61684.0,2.2484953326074955
765,0.1400849123229206,0.3845747268564227,62356.0,2.54946625157525
766,0.01748491875060893,0.7118115838282791,62138.0,2.420851104494158
767,0.13374641439670917,0.5305233283846582,62360.0,2.476947458067672
768,0.0029674924001090457,0.9648518289837925,62098.0,2.325140054619542
769,0.014981599603864712,0.8298773486109704,62243.0,2.3258662798524625
770,0.007901890074553882,0.9026135258738424,62490.0,2.3274972263290152
771,0.10916377106409178,0.47141475168333324,62039.0,2.4291420851499943
772,0.014491078154685076,0.8238102373893179,62323.0,2.3223842745579137
773,0.012055540965873314,0.8804735819029155,62389.0,2.3595561033158425
774,0.36950203808492105,0.06309749556773314,60700.0,2.5456140437282055
775,0.012177136128430471,0.8976267008289797,61531.0,2.4020634878217635
776,0.006222813281659026,0.9286615181412023,61948.0,2.4142016348201754
777,0.010281320296666424,0.8944667285981202,62135.0,2.317299655232471
778,0.009302983522102936,0.9220796637969115,61868.0,2.35168357139149
779,0.012713129048248444,0.8396754821099869,61906.0,2.3555449804052806
780,0.029885486205009908,0.7411765053103223,61911.0,2.404428664560097
781,0.30135482216698883,0.3172911627468824,60912.0,2.592244010198419
782,0.03713349945268002,0.8485832203232833,62302.0,2.3117267699807797
783,0.09455112351945712,0.5515672754039057,62287.0,2.54946625157525
784,0.0017481645629446414,0.9751953307565275,61753.0,2.430848142134593
785,0.004656809509081911,0.9282940724779649,61896.0,2.441747874867012
786,0.08049915046183181,0.5134417186969213,61496.0,2.485576792980048
787,0.01755625732838727,0.8685568167963618,62378.0,2.4016172182200357
788,0.05267594536093794,0.7229530097189432,62032.0,2.2954531149485238
789,0.009262589255157638,0.9115756578001515,62162.0,2.347022499221831
790,0.2695055577640294,0.12578264451205468,61818.0,2.431742502679013
791,0.014888122356176113,0.8616075994123044,62172.0,2.449531363415126
792,0.13795323417746383,0.36422305119259535,61581.0,2.3960762222944076
793,0.017751931555995325,0.8167488091649916,62427.0,2.338458544935399
794,0.004063567036962051,0.9517115909191671,61958.0,2.3117267699807797
795,0.000944084979091156,0.9826252506595818,62046.0,2.331415233088306
796,0.03836288719766938,0.677606761909041,61925.0,2.2846103519926757
797,0.013720700550675575,0.832859615638343,62450.0,2.3667164674903223
798,0.03310543847809247,0.744767945744246,62020.0,2.5256472843568893
799,0.0030572669831754784,0.965067504652897,62460.0,2.4036746903407824
800,0.00707416841868137,0.9079862819789521,61951.0,2.492783526565656
801,0.5731198214831127,0.07604194792432006,61219.0,2.60799865933439
802,0.004191235944038632,0.947497700724972,61961.0,2.491344382901957
803,0.007377297238154968,0.8975028645491793,61989.0,2.47080842872481
804,0.08497154837281765,0.4387891068643528,62264.0,2.3367672228337035
805,0.008714577709338714,0.9001347136336472,61874.0,2.350451938092835
806,0.008003820737528354,0.9081282255209544,61923.0,2.404428664560097
807,0.007708432291197614,0.9111512797343042,61914.0,2.271308909830015
808,0.05792738047207977,0.4016868753385715,61639.0,2.4291420851499943
809,0.011400160736880775,0.8649829673368652,61888.0,2.325140054619542
810,0.018623526780836282,0.7850924799839047,62234.0,2.371553454757896
811,0.04374836564082897,0.6396894540252123,62123.0,2.4195412968949412
812,0.005415486349250602,0.9390231803124285,61998.0,2.366848597648705
813,0.9586789758587727,0.025541628978616004,62513.0,2.3674859891892908
814,0.03805426881278148,0.6851867424936006,62471.0,2.3147085390339317
815,0.02409501700635579,0.8588891043747472,61780.0,2.3117267699807797
816,0.007161099424044934,0.9228179415941762,62100.0,2.2901780160221
817,0.02551963225375517,0.8400280890315992,61784.0,2.3662223944410705
818,0.3090470692606269,0.09985935539384871,61296.0,2.5562045817858063
819,0.015827989218493526,0.8452147817420017,62073.0,2.4291420851499943
820,0.0039931305004489714,0.9481711580143438,62117.0,2.4564710633160907
821,0.06056271550571221,0.5356880004991897,61541.0,2.3240062975518523
822,0.023588989038282864,0.7380601071894708,61559.0,2.4036746903407824
823,0.09540763317799524,0.3399964825865407,62040.0,2.3509081924313477
824,0.0013389728724147595,0.9816085466063984,62201.0,2.466709280000469
825,0.0027571965131345756,0.9629480819561825,62301.0,2.416451407320718
826,0.003420763840468006,0.9644474043751743,61986.0,2.298217331943391
827,0.033989060919803575,0.723681646094916,61813.0,2.3117267699807797
828,0.016364815452623218,0.7772088439727931,61888.0,2.35168357139149
829,0.08804573077743406,0.4558130687894436,62055.0,2.5745288566305113
830,0.0016507956515116318,0.9802342919837115,61798.0,2.35825000401371
831,0.0029820796959986917,0.9655772751060283,62067.0,2.2709044113185364
832,0.007569878752853554,0.9275559172292195,62204.0,2.435215603037257
833,0.035755532624998414,0.8305850490055644,61972.0,2.475327901957746
834,0.023080890670734433,0.7645196555745358,62217.0,2.3908107596006936
835,0.6685406674179267,0.10934756539651869,61912.0,2.819215999297205
836,0.007386223151246453,0.9316704553277617,62021.0,2.4036746903407824
837,0.00575617444883582,0.929994354213608,61862.0,2.2846103519926757
838,0.0051105706289848694,0.9433998566681971,62096.0,2.4033993553281476
839,0.008811319487320637,0.8976170819452765,62308.0,2.385708751603616
840,0.03313913186706726,0.749172457086964,61964.0,2.385708751603614
841,0.014546893031831739,0.8474717286896226,61848.0,2.3908107596006936
842,0.03732700019038225,0.7781253842810463,61889.0,2.3273680841139956
843,0.006351976999975181,0.9307433912424148,61863.0,2.256282586689416
844,0.022598822636840668,0.7548674900319325,61827.0,2.4187204558375477
845,0.005189769852074769,0.9413237359904414,61739.0,2.5983827817799643
846,0.22378779549679867,0.1569227901160789,61949.0,2.3047695133483437
847,0.00413556711166825,0.9489466728957399,62433.0,2.390944742481409
848,0.048327754236743924,0.7704769369922664,61880.0,2.4036746903407824
849,0.4864129604876631,0.29053565423575267,61802.0,2.449123847241836
850,0.03703903425503423,0.571953967654915,61790.0,2.3037917749481664
851,0.011693367102436502,0.8611600709058008,62428.0,2.3648164366359303
852,0.026107067298300587,0.7721974439203225,62239.0,2.38998550300669
853,0.16141376394870435,0.305459041478619,61826.0,2.325140054619542
854,0.0029002946212817117,0.9676996447326993,62877.0,2.351964065323946
855,0.01936718678165568,0.8188253510265333,62210.0,2.4508543881653786
856,0.014433588058045788,0.8331968621255446,62329.0,2.374031900163178
857,0.005052865760615756,0.9352001457870848,62403.0,2.368616498344714
858,0.02855817973295919,0.8203468465036707,62086.0,2.4525849290889212
859,0.005761810059026402,0.9260719618248412,61970.0,2.3439071949362393
860,0.018530109669232034,0.8524028622373554,61796.0,2.47834239432245
861,0.006939575271035265,0.9389429579063204,61870.0,2.321646057787012
862,0.03345358345213718,0.7121362432119303,61773.0,2.2519101090848945
863,0.02579549365441031,0.6195674382828281,62497.0,2.4264705361336105
864,0.013714231626173275,0.8429140063043927,61964.0,2.3407976754738566
865,0.09771286406288819,0.3717209543608758,62720.0,2.5035422153631224
866,0.00775157563628466,0.9169801119637618,62897.0,2.35168357139149
867,0.06227856980962213,0.6199282022486748,62168.0,2.3908107596006936
868,0.02455095161616457,0.8703489916726493,61870.0,2.298217331943391
869,0.012715860944651805,0.8013140207446655,62151.0,2.338458544935399
870,0.07061645508658793,0.6064595419000273,61846.0,2.3648164366359303
871,0.00419863268241377,0.9505530371935998,62092.0,2.4484409569425694
872,0.2281029976832917,0.2353417748938964,60906.0,2.3963560914300146
873,0.013644697130925457,0.8645788050808019,61508.0,2.5410712459494285
874,0.02715683715020354,0.781086329982419,61823.0,2.3908107596006936
875,0.005404292446692174,0.9386347569193082,62634.0,2.290641974321245
876,0.06258847682488897,0.6170869412413628,61552.0,2.4406604203112128
877,0.07777225394434081,0.5131566806642618,61744.0,2.35168357139149
878,0.0034916471021791194,0.9680027420753927,62124.0,2.352548357896083
879,0.003449079345328002,0.9523734904187711,62309.0,2.3586476634158515
880,0.0017997870959251385,0.9728827793634874,62188.0,2.3816771785430895
881,0.0014671915951196886,0.9767155202651324,62418.0,2.4036746903407824
882,0.06935613162163472,0.41267174226233505,61627.0,2.310602740520345
883,0.003977022620712172,0.9315861802806437,61865.0,2.3778584162718097
884,0.037910268663369086,0.761707719090308,62004.0,2.4264705361336105
885,0.00833742137002938,0.9224875540248687,61854.0,2.441747874867012
886,0.013689215015083375,0.8705660874223748,61992.0,2.3317039395299837
887,0.0048812373758787995,0.941164391904388,62473.0,2.3117267699807797
888,0.5522578921888355,0.21630500423754306,60774.0,2.714944354624741
889,0.4263358868174289,0.22886159435536246,60668.0,2.6099091696139958
890,0.004456917164700115,0.9489425076853536,61896.0,2.313588982124436
891,0.005714723504979788,0.9304423340959254,61939.0,2.375435776937824
892,0.03874633205322796,0.7092170054517658,61884.0,2.35825000401371
893,0.01126275837500857,0.8768617431224076,62145.0,2.441747874867012
894,0.006688550073216971,0.936792552211164,62060.0,2.5093530501616854
895,0.002574374225839192,0.961184511170804,61978.0,2.4413221748551557
896,0.009657511511958013,0.9029016468988709,62024.0,2.3778584162718097
897,0.02192501499342923,0.8479762512828881,61870.0,2.408857711336722
898,0.004630134860237769,0.9496746199991914,62001.0,2.3968753136227576
899,0.025725417934403336,0.7442625239141437,62148.0,2.374031900163178
900,0.002923034652035477,0.958720718371952,62174.0,2.4036746903407824
901,0.16485823858814494,0.3947525190964615,61906.0,2.422082737792813
902,0.04246368706171372,0.46142861050932504,62366.0,2.343136806012314
903,0.003741237624842189,0.9416521121268442,62252.0,2.4291420851499943
904,0.002956779586225424,0.9635336996839093,61843.0,2.4637897464405256
905,0.01191535516238259,0.8586011068397663,61968.0,2.371538501029807
906,0.013609036432905479,0.8593008485201744,61778.0,2.3648164366359303
907,0.031331827760598285,0.7472579852780914,61975.0,2.4525849290889212
908,0.2666230462419771,0.13038314532249218,62140.0,2.338458544935399
909,0.011035761838322986,0.8906344062149165,62102.0,2.3778584162718097
910,0.006717595801958369,0.9202419819994622,62116.0,2.35168357139149
911,0.009218758640535155,0.892961337515956,61796.0,2.313347112352128
912,0.6730659593105336,0.07078585049516661,61548.0,2.791446202886309
913,0.01282706115548548,0.8589054234810001,61682.0,2.431914193037162
914,0.04721280546027399,0.7375391816427161,61939.0,2.3858087444690437
915,0.012866544790296324,0.8616880222715912,62268.0,2.410163197187712
916,0.001864467750078935,0.9718649155397308,61809.0,2.361369704600156
917,0.04490527222243733,0.6069719512561595,61908.0,2.4036746903407824
918,0.07345604662615218,0.4838650219863364,61611.0,2.4222967270734426
919,0.020431655610747786,0.8297829087734584,61683.0,2.3866076472601208
920,0.018726350894206822,0.8344489754197988,61970.0,2.3089299969678017
921,0.5304156416292113,0.09790975651207923,61676.0,2.712768189066235
922,0.032455324451915214,0.7412928976304938,62398.0,2.3117267699807797
923,0.005289389571236334,0.9538319667022123,62030.0,2.293000622030924
924,0.043316940780827706,0.5561001896066176,62298.0,2.47834239432245
925,0.17754026868991488,0.30244218442019766,61432.0,2.445435861054424
926,0.15170425190552136,0.24724353895801865,61948.0,2.4036746903407824
927,0.06851223335907186,0.5232689320550042,61919.0,2.3117267699807797
928,0.015103297856852185,0.8796435708769824,62010.0,2.2519641196854785
929,0.002581307057277911,0.968768794567003,61745.0,2.327657176929028
930,0.04118107888207397,0.7035338353117808,61987.0,2.3509081924313477
931,0.018668835024959956,0.8710653910365511,62389.0,2.3274972263290152
932,0.005579116634768912,0.9439156834161551,62050.0,2.2852809360832502
933,0.0060010829477887264,0.9046942589501213,62356.0,2.338458544935399
934,0.2976796053718946,0.16705428071056594,61850.0,2.4953205139840655
935,0.06928478445298719,0.4465406061546813,61650.0,2.355582222177393
936,0.2814560152179344,0.41687584112147247,61898.0,2.472832172092364
937,0.006390575775259151,0.9450483905431291,62165.0,2.4291420851499943
938,0.023770179060431586,0.6958477460478649,62443.0,2.3182364777869005
939,0.02147777434324373,0.715254394483676,62320.0,2.3648164366359303
940,0.07562120338885392,0.4934214987663118,61914.0,2.378634512211814
941,0.5325869666359936,0.08022713930560876,61739.0,2.4748019585760197
942,0.003660019547491944,0.9574473048617151,62139.0,2.325140054619542
943,0.0038485547628006466,0.9568104287051181,61547.0,2.3628538429885886
944,0.01369067546284618,0.8805432671275635,62129.0,2.441747874867012
945,0.01823876752229118,0.815356075075928,62001.0,2.3778584162718097
946,0.0012661652560044226,0.9818701533022755,61989.0,2.4291420851499943
947,0.7200654706704848,0.11611433177706953,62092.0,2.441747874867012
948,0.04733950359913176,0.7356661908801605,61744.0,2.325140054619542
949,0.03146563054827864,0.6785046175674301,62095.0,2.35825000401371
950,0.08763134161104244,0.27510804854004456,62131.0,2.3586476634158515
951,0.004724685966575488,0.9517177407601484,61929.0,2.377633542035394
952,0.008521643969003217,0.9169919013399136,62171.0,2.4555140939508995
953,0.006090582623040984,0.936009051796798,62164.0,2.3923689166589277
954,0.007638451070751761,0.9137286790000589,62070.0,2.4269087546069343
955,0.012674702090348332,0.8418420754252831,61691.0,2.4823219390769875
956,0.011014971934876022,0.8838463469267591,62343.0,2.348783440246418
957,0.009013514184646146,0.918822029778418,61837.0,2.3926542237423334
958,0.02425553739722625,0.7186915848731216,62073.0,2.3586476634158515
959,0.009637889966721292,0.9181788191419212,62027.0,2.413535972413637
960,0.01849437165338932,0.7995582597149167,61798.0,2.4964982485508287
961,0.006019304181346994,0.9360727255071567,62233.0,2.3855385875568835
962,0.06853618470238183,0.6943246624397059,62021.0,2.404428664560097
963,0.3427966854742843,0.15707101369881205,62221.0,2.419445146689018
964,0.01304719358768589,0.8658475957287394,62047.0,2.3503379371207505
965,0.9349939494937818,0.04833279577080274,62004.0,2.441747874867012
966,0.009896655537682443,0.9137160853636724,61989.0,2.35168357139149
967,0.002284887706644016,0.972685687900045,62563.0,2.3697429465988904
968,0.09668953690636117,0.6903497615157115,62105.0,2.417948277004868
969,0.013836204786974922,0.9109958351914736,61742.0,2.4291420851499943
970,0.028269320347215098,0.7650598327976845,62239.0,2.430848142134593
971,0.026164815121015664,0.8303975322645498,62006.0,2.3117267699807797
972,0.003185167843720268,0.9559215476119667,62089.0,2.3042594653677497
973,0.08539526722315281,0.4545223155153969,61721.0,2.35111231315633
974,0.05975291440297621,0.44062009406510827,62138.0,2.3595561033158425
975,0.007553513147040965,0.9330382209975069,61842.0,2.416451407320718
976,0.0017722104058157367,0.97171672051921,61981.0,2.3908107596006936
977,0.05093452463030977,0.6401014231226128,62092.0,2.325140054619542
978,0.09920701380553539,0.35160348498068306,61855.0,2.345883309101346
979,0.008608454702198077,0.9279055206345607,62118.0,2.4343429202080316
980,0.0056773961783363755,0.9272514485409913,62659.0,2.3910787253621244
981,0.0020396527546617774,0.9670269108149175,61852.0,2.416451407320718
982,0.003611910680011368,0.958187453457938,62262.0,2.3448067260751912
983,0.004129467594541248,0.954535426415668,62349.0,2.2958232280397475
984,0.009966636758128295,0.8857878078052301,62487.0,2.325140054619542
985,0.02557122901412809,0.8108731800810324,62001.0,2.3908107596006936
986,0.016000468099280588,0.8457650303663418,62384.0,2.408232283581061
987,0.12751895345481676,0.3689458138975261,62046.0,2.377633542035394
988,0.1997243413438578,0.35408870704912343,61256.0,2.35168357139149
989,0.030764555486048742,0.824537344327477,62048.0,2.4601926850357128
990,0.03763464780705134,0.8167403080851675,62087.0,2.4525849290889212
991,0.01066817572729461,0.8856794737934439,62088.0,2.491344382901957
992,0.01734575526055217,0.7933824213241758,61878.0,2.3648164366359303
993,0.003184317347670165,0.9590972763233351,61947.0,2.338458544935399
994,0.013556563403874879,0.8941941655938024,62041.0,2.479067085173927
995,0.038608757873971895,0.6514157319616929,61876.0,2.413276373468939
996,0.038126380568787185,0.6814224071469381,61760.0,2.402645954280409
997,0.03625638888981718,0.7300242492056912,61913.0,2.3816771785430895
998,0.32212594597389643,0.11566638922325523,62005.0,2.389464098780117
999,0.0014118663975170257,0.9770544354278212,61803.0,2.3569676523527736
