,selection_6_MaxAFs,selection_6_H,selection_6_total_m,selection_6_rec_errors
0,0.9992699651177206,0.8042884000778713,54104.0,4.976402872706339
1,0.8032187615786124,0.7730931833911038,55912.0,4.8459454802511175
2,0.9999950860228216,0.8454936732918594,51947.0,5.025828522240504
3,0.9999974828753264,0.7886819271302129,54715.0,4.957331331881676
4,0.9998733877698341,0.7415419382896192,56173.0,4.955981683791499
5,0.7356342819562959,0.8279455606686116,55854.0,4.94101470583362
6,0.8782782166218078,0.592375979167018,56088.0,4.733330437397068
7,0.8747942325749488,0.7219443728924169,53380.0,4.907951427322178
8,0.9998843583097936,0.07513203755667763,58404.0,4.146308493236784
9,0.995090661890991,0.7111082641718197,55881.0,4.895965688223445
10,0.7674790876981442,0.6295875637874406,55599.0,4.789644770670215
11,0.509451489582407,0.5904559089805408,56553.0,4.7515388740801825
12,0.8112461642520754,0.6866428867925939,54623.0,4.957331331881676
13,0.9999992525943802,0.15501098452028328,58272.0,4.2058706054161945
14,0.5142852452242563,0.7318696533074236,55759.0,4.732253854370914
15,0.9964751148249134,0.7558375927839986,54404.0,5.03043625400413
16,0.9999680076031254,0.7482939991832438,54641.0,4.751712296906561
17,0.9993237869132146,0.8678197379717357,55843.0,4.797620818754094
18,0.9997783813474292,0.18751919773476677,58626.0,4.039606873249209
19,0.6849714006098675,0.743171198004767,54898.0,4.733330437397068
20,0.7653905786703821,0.42734054146911093,58157.0,4.404428664560097
21,0.9960496176646552,0.6815865754574394,53003.0,4.526870229717414
22,0.9980796314640825,0.5394429364284287,56324.0,4.588473779437752
23,0.5995681610601037,0.7461486650011174,56019.0,4.732792145883991
24,0.9337331964853689,0.7419419483120306,50080.0,5.40405167745044
25,0.3951168313967266,0.7436704826463474,55057.0,4.902422405675274
26,0.9999997594556626,0.625026217649574,55598.0,4.343874929499453
27,0.6515578162446928,0.8818701639688528,53630.0,5.172065958470315
28,0.8731982123054115,0.3219081201769758,54640.0,4.9739815255077975
29,0.9999995704565403,0.3139283963912739,57092.0,4.390027660897605
30,0.9638339612814851,0.2697120754465798,56983.0,4.632752583073572
31,0.4774023328350658,0.8511193308709235,51985.0,5.12893916718512
32,0.9580113278685726,0.11740231508968091,57315.0,4.5424734474998765
33,0.9997940510928371,0.43198495224418676,55470.0,4.585643266392072
34,0.9954477929142116,0.20158209086020762,57965.0,4.2554671134511395
35,0.6838504897701777,0.829635721647566,55168.0,5.0523712275637145
36,0.9999651812071609,0.8346248453768919,55493.0,4.892100319378773
37,0.999755529635376,0.4968798377295165,54210.0,5.01686845935987
38,0.9976352343915998,0.28542714403300984,56830.0,4.609909169613996
39,0.5879209956521869,0.7296319393921822,52184.0,5.2342293641532525
40,0.9819638653093632,0.6732734968238743,53446.0,4.734374479199602
41,0.9999845278445835,0.7830994236804838,53283.0,5.128043940754159
42,0.7447783515800674,0.8236113171153845,54180.0,5.154933490149876
43,0.999990962405609,0.6537928170554412,54763.0,4.714944354624741
44,0.9497055037154349,0.7024230028305325,52900.0,5.011413872234947
45,0.5982032953079413,0.6816783511879536,53519.0,5.097768603559349
46,0.9981959260603476,0.7111635587857303,52863.0,4.972956827609481
47,0.9999247869402156,0.815926642070488,54042.0,4.907951427322178
48,0.9440686048944742,0.6734352118370949,54362.0,5.002653561115665
49,0.8414633868709716,0.4219821430195668,54469.0,5.098152228707956
50,0.89411718497113,0.3167898087137885,56341.0,4.779762520200114
51,0.9985580483785692,0.40060565777440194,58202.0,4.257098059927692
52,0.9474810527735634,0.4703030407539418,57012.0,4.584046277481271
53,0.9298987393389139,0.2823322917407324,57856.0,4.341303577719859
54,0.4501168474186977,0.7305616267908761,55556.0,4.838113015969263
55,0.9916700612770377,0.6349637001282347,54991.0,4.78461883017459
56,0.5656473975503841,0.7208245848421297,51217.0,5.143254927562989
57,0.6698897001981664,0.7698669348202186,51486.0,5.429142085149994
58,0.9990434238971023,0.5137773202664903,56361.0,4.826764057295627
59,0.9999999140913081,0.6199093868118293,57132.0,4.343136806012314
60,0.9790362517240478,0.6196340862186398,53971.0,4.735418521002135
61,0.5981107286923871,0.7965906435158541,53658.0,5.210935653484238
62,0.9998178306187633,0.8503170542997577,54460.0,5.215061554201419
63,0.9898465891547475,0.8400148920213834,53428.0,4.987159244829087
64,0.5199792389618735,0.6458722313215429,56436.0,4.732253854370914
65,0.5581974902858102,0.6182209753599421,53642.0,5.1890440781319285
66,0.9963347915675155,0.12138703890680291,58077.0,4.247291141685757
67,0.5557015335139643,0.8496673585403451,51473.0,5.4787047397481885
68,0.7303790582718399,0.5288203899930642,53590.0,5.1465591634368195
69,0.999623298976758,0.7789971503480669,55276.0,5.021220790476878
70,0.7793123227419113,0.787478268739975,50218.0,5.541236725240008
71,0.9998106228795104,0.439141564119352,55386.0,4.907951427322178
72,0.9998986105617846,0.4251318696061649,56571.0,4.213737220482669
73,0.9996043131558414,0.5637603945847418,54120.0,5.084802289509987
74,0.7673646745022323,0.7099324133078733,54332.0,5.039606873249209
75,0.9999998883187005,0.2114986647052426,58283.0,3.499475226637868
76,0.9283440583319331,0.8500409700472586,52027.0,4.936188689019502
77,0.9999966667427531,0.5837981260785983,55406.0,4.874297702017763
78,0.9974504533861285,0.680215603011399,56049.0,4.887236364390599
79,0.9934483454273728,0.8397707860277435,53225.0,5.098152228707956
80,0.900157545372869,0.6940712516791685,53491.0,5.035733517210073
81,0.5768864708990277,0.7707689200849953,52053.0,5.2853782019202455
82,0.5111580571567194,0.8854709045893085,53084.0,5.1805741378699
83,0.5685044629178868,0.7166903544698399,52614.0,5.186507090713519
84,0.999960731136919,0.7403316531857971,56563.0,4.787436312508245
85,0.9618548741546338,0.10298277407160294,59163.0,4.0523712275637145
86,0.847848988532968,0.3449895699599246,56550.0,4.696377125263524
87,0.9981528686239525,0.32704011101651553,57169.0,4.468252454471873
88,0.999969992093909,0.32409918241615576,57706.0,4.475073601273866
89,0.9993372488052399,0.08678140489158193,57465.0,4.563374495779829
90,0.999998221690077,0.6627939997045887,54855.0,4.503542215363122
91,0.9999998281826161,0.7319470576511828,56412.0,4.66378255471786
92,0.9136660600453476,0.8315493019226361,52870.0,4.939914234826652
93,0.9984614440544944,0.36894310403844777,57518.0,3.797633673070923
94,0.4578242573964613,0.7353099166093566,51402.0,5.598382781779964
95,0.9652115415200531,0.6874777961820637,54300.0,4.677625144317826
96,0.9983738343704646,0.5270917920225657,55867.0,4.924555574697514
97,1.0,0.4483450825611116,59725.0,3.6553224161398354
98,0.9921308067735946,0.21341391872124094,57803.0,4.374031900163178
99,0.9471287670005677,0.42871856882601933,54794.0,4.8637524650451205
100,0.9521939177041294,0.5650595151528867,55406.0,5.011960041934763
101,0.8493961868928817,0.7382442618931904,52654.0,5.088538094317254
102,0.837799467068866,0.3102498658927595,57066.0,4.64407128698387
103,0.999731801654665,0.8446910234221616,54235.0,4.897129082834514
104,0.9978329274734682,0.6970520861542451,54685.0,4.898869478712587
105,0.9371215899307178,0.37657843257325807,55425.0,5.011960041934763
106,0.9999908163608328,0.8448068999242146,55581.0,4.840032057384644
107,0.9981837356169627,0.6195884011989555,55476.0,4.24318981572311
108,0.9945807508500428,0.04107650412714836,59578.0,3.906970141938885
109,0.9872806253898483,0.6388232154890305,54756.0,4.739801100844858
110,0.8604243458119689,0.6944506851311727,53939.0,5.021220790476878
111,0.9758890125678145,0.10610267162164255,58689.0,4.05461481348911
112,0.9999674148331511,0.6170555953010145,57367.0,4.222119858875324
113,0.9479663337925354,0.1934727983357184,56422.0,4.715647333527311
114,0.9833295128306221,0.059437287504851666,60290.0,3.7874363125082446
115,1.0,0.7206877290246347,55668.0,4.54946625157525
116,0.9999887030070113,0.7628768082147712,55736.0,4.7748445605234835
117,0.9999093147847992,0.2588098581901971,56534.0,4.787436312508245
118,0.39821402873991096,0.8823070917287525,51090.0,5.3119733287881985
119,0.42754544683632095,0.8412008383633378,52523.0,5.298217331943391
120,0.9969785913048359,0.18872634362745255,57262.0,4.46159017165828
121,0.9967580293291759,0.49939603079666484,56359.0,4.833979989032077
122,0.9940955471488937,0.12877738639511538,57918.0,4.5156616046293685
123,0.9999985481431064,0.5881775734573087,55214.0,4.857242757239
124,0.9853154554710895,0.7841082959491797,53323.0,5.005450334128643
125,0.9999969588323057,0.8308297932663622,56932.0,4.429142085149994
126,0.9960110188893713,0.08907058676459545,57889.0,4.36481643663593
127,0.9880197665934721,0.7841201710297656,51143.0,5.327497226329015
128,0.9999633943063688,0.42083834489092053,57115.0,4.624721781704746
129,0.998506125165167,0.703436059998035,54574.0,4.653123198078987
130,0.9999996048200172,0.28152240115234983,58772.0,4.257098059927692
131,1.0,0.46993022078762203,55827.0,4.770066182292663
132,0.9744494062536734,0.7948086056823802,53264.0,5.0235250178250475
133,0.9999898799560907,0.7094270107329654,54902.0,4.842898607309667
134,0.999999957045654,0.4423456858806163,58412.0,4.2058706054161945
135,0.9928649652730865,0.28840485026798945,56800.0,4.5156616046293685
136,0.99822315052482,0.62214775605358,54147.0,4.714944354624741
137,0.804236590578856,0.71828932446917,52368.0,5.0792621517047465
138,0.9972419100364693,0.5340345100452308,56101.0,4.696377125263524
139,0.9999641417119886,0.5848647688606092,55658.0,4.950623720334123
140,0.5462796094078849,0.7359792872637685,55407.0,4.891199685590649
141,0.9954426985287802,0.03799183123006278,59614.0,3.6940708897265164
142,0.9999995876382788,0.8145412953137285,53750.0,5.039606873249209
143,0.9999999656365233,0.37433679933464825,57900.0,4.387949607042623
144,0.9998685167470017,0.6028251134896917,54245.0,4.570290314682456
145,0.9999963574714622,0.36334220796813443,58091.0,4.455370483940804
146,0.9956797721550291,0.35903781069898877,55512.0,4.946559805839414
147,0.9992842001879734,0.6765020853152313,53458.0,5.115391495339921
148,0.8647282939598191,0.850670729510206,52765.0,5.192134176193202
149,0.7282533421896031,0.5111595596283827,55787.0,4.989546792187607
150,0.9994031321810807,0.5286871215983147,57141.0,4.214442710283366
151,0.5519576241288032,0.75967892602449,52996.0,5.236498952075523
152,0.9828574961136841,0.5685065545818516,54667.0,4.75019671273035
153,0.8935981504270989,0.2259708717451231,57618.0,4.524520771616748
154,0.9999490561456857,0.6039446904017518,54648.0,5.113168710836881
155,0.9876724549337392,0.37496779213755804,56330.0,4.466709280000469
156,0.9647034001981587,0.21409955015878213,53323.0,5.257098059927692
157,0.9714447067990897,0.5844547254162931,52621.0,4.9260987491689185
158,0.9999996220017555,0.1292271569342709,58851.0,4.075849500529966
159,0.9997798332043228,0.6607911180239774,54756.0,4.875530994237
160,0.8348505481279521,0.5366269527425358,54697.0,4.882713342365715
161,0.9672359368910282,0.8055387185144508,53014.0,4.956656507836588
162,0.9862199880884163,0.5604998865849987,55185.0,4.680879998220886
163,0.9859899675657747,0.6468662268446838,53396.0,5.122164523991636
164,0.817949387529874,0.5225866336435958,53883.0,5.0523712275637145
165,0.9947356184489844,0.29778657391349217,56895.0,4.769573064677825
166,0.9967837332098012,0.5411988920103472,54893.0,4.632107660473972
167,0.9320698925283123,0.3400955132053053,55306.0,4.85443758680093
168,0.6609802128485779,0.8867803768030811,52170.0,5.326681753090739
169,0.9695467346591582,0.799415300040891,55694.0,4.867293759922493
170,0.9999999484547848,0.15155592857463274,57996.0,4.403674690340782
171,0.9999757737488758,0.6065100803752286,53722.0,4.758861364941058
172,0.5236459765690744,0.7008128718421456,54272.0,5.0758495005299675
173,0.8829154389491298,0.6182373771699194,53623.0,4.952709775500086
174,0.9999996048200172,0.1278374904116074,59562.0,3.701598576392822
175,0.4618208156537183,0.7821219412122207,51867.0,5.4823219390769875
176,0.616029769835924,0.8894136288220849,53182.0,5.35168357139149
177,0.7773530289776804,0.7171780636388336,54515.0,4.964961133947238
178,0.848145012703619,0.3823872301307184,57358.0,4.36481643663593
179,0.9999970705136052,0.5068046646817606,56809.0,4.632595076326416
180,0.3231895471252001,0.871781881702444,51606.0,5.3196284944962855
181,0.8271431639227961,0.4024109073829364,57296.0,4.517067562434505
182,0.49599418508118764,0.8237968881933301,50558.0,5.630422228545672
183,0.9918732782877971,0.3324238587689816,55351.0,4.764286782008195
184,0.9994831475367439,0.5312311010150974,56602.0,4.124122095388836
185,0.6129971672382014,0.6617449626669341,55185.0,4.733330437397068
186,0.7741504130786293,0.41495264969635237,57952.0,4.374031900163178
187,0.7794167791204285,0.4758276542756853,54392.0,4.951106247844196
188,0.9999907304521408,0.29154588176960405,57072.0,4.411951862319633
189,0.7839906523783216,0.48931329660361955,55693.0,4.769573064677825
190,0.8373853871737653,0.3858624600931644,52640.0,5.172065958470313
191,0.9193242040858225,0.3582753712256155,55314.0,4.889218024990624
192,0.9999999140913081,0.7036797397114269,58144.0,4.147773075667773
193,0.9994553904383815,0.7435286691920316,54938.0,4.770892690746432
194,0.991153311904212,0.6106704650114941,56519.0,4.655322416139835
195,0.9990061223430664,0.38062355153124683,55502.0,4.857242757239
196,0.8363926521024344,0.8591729651668485,53323.0,5.31498162388384
197,0.9999998797278313,0.7241282966152277,55912.0,4.830523590424484
198,0.9755569668826374,0.687790977763272,54488.0,5.0004571056968246
199,0.9908902508986543,0.07054941227155875,58658.0,4.2913521886132155
200,0.9982172915520304,0.8076811066549634,52141.0,5.149237658098762
201,0.974486432899895,0.854551440023769,53017.0,5.113168710836881
202,0.9919415155617969,0.689526278407232,51958.0,4.897129082834514
203,0.9956777533007687,0.24410978883631007,58731.0,4.011639702539171
204,0.9877509153420785,0.7813230495046484,55156.0,5.073206359195149
205,0.999994304253725,0.5724245687923659,55596.0,4.271070990558956
206,0.4963613931939715,0.8109115314003861,53693.0,5.215061554201419
207,0.9989420516406253,0.6732104929263387,55363.0,4.857242757239
208,0.920484675878146,0.4762373434114897,55467.0,4.64407128698387
209,0.9999854470675871,0.32373514731150266,57003.0,4.787436312508245
210,0.5400361007223401,0.6991656244347271,54712.0,5.021220790476878
211,0.9999987629148362,0.29409694402544917,56580.0,4.577180847170673
212,0.966622600375866,0.5875849371932094,54771.0,4.551559043057431
213,0.9789857116405857,0.6106679843802598,52418.0,5.254601445711781
214,0.4373633326943731,0.8308421630635761,53619.0,5.0523712275637145
215,0.99998041281824,0.7222556076057736,54016.0,4.9739815255077975
216,0.9791565153018801,0.5550933671976069,52230.0,4.876411217811533
217,0.999874891171943,0.6052908382696784,56631.0,4.732253854370914
218,0.9830948704203547,0.6716395419181151,54525.0,4.845594603587962
219,0.9999990120500428,0.18413284589010004,57535.0,4.479067085173927
220,0.9982147486547494,0.7414866137758898,53944.0,4.90630532247714
221,0.9999184039244052,0.24610060009776158,57557.0,4.54946625157525
222,0.978229620652044,0.6864847880616691,52502.0,5.340797675473857
223,0.9865507795066911,0.7436327176134245,55182.0,4.959465091936824
224,0.7424594783948961,0.587154399920046,55539.0,4.874297702017763
225,0.6103063867347976,0.9212594898713377,52663.0,5.195494460842761
226,1.0,0.669992270755174,56318.0,4.809818651215259
227,0.9999923025812031,0.6727146483257385,53421.0,4.9554190450245095
228,0.9059749641281813,0.6324556756292852,58239.0,4.0830151309729885
229,0.9988146146870169,0.6041911998754084,55582.0,4.906970141938885
230,0.4818060811103307,0.8718798557813541,50382.0,5.5053285273066574
231,0.772797480043776,0.6640311950972373,53425.0,5.021220790476878
232,0.9946789015305725,0.07759005547680342,58079.0,4.454269904565518
233,0.9263638715738249,0.3345596640460613,57388.0,4.307993117674265
234,0.999993007032477,0.6057012945833329,53680.0,4.113168710836881
235,0.5456293751095389,0.8649663072006506,51256.0,5.52770355317994
236,0.9999998281826161,0.5946853815466517,56974.0,4.585415869681718
237,0.9734617741586431,0.8276283139282185,53966.0,5.109333900124657
238,0.6073458357569965,0.6701250036910451,53438.0,4.891199685590649
239,0.9993435802758351,0.1764490439015206,58126.0,3.989546792187607
240,0.9916519259521713,0.4794140056002665,54145.0,4.688678305246704
241,0.9999313761368867,0.2023101063107543,59396.0,3.7874363125082446
242,0.9998296001095577,0.5758298870477292,57926.0,4.142847411389695
243,0.6323513732165066,0.6624391305819542,56545.0,4.597902639047968
244,0.9497227885442512,0.7472626312035229,54684.0,4.586785461882165
245,0.9999677928313956,0.5959110092010581,53194.0,4.957331331881676
246,0.7108577942512085,0.9515703431314514,52595.0,5.200838403398052
247,0.9997596618434578,0.7351357361012089,53767.0,4.7515388740801825
248,0.7025496763359963,0.5176007776208313,55753.0,4.865523112483807
249,0.999997817919225,0.25357933331566074,57636.0,4.35168357139149
250,0.9999998711369621,0.808301493238951,53825.0,4.7152618975980936
251,0.9999915294029758,0.3640443474620305,56826.0,4.668799822555435
252,0.9999999055004388,0.16921183335392753,57755.0,4.404428664560097
253,0.6617100501408658,0.6021919598027672,53744.0,5.172065958470313
254,0.468806979208387,0.748716676131778,53687.0,5.24318981572311
255,0.5175020961935602,0.7412117331431745,53201.0,5.294330044908474
256,0.5362841245110066,0.8842827120047829,52093.0,5.117614279842961
257,0.98927152496184,0.4458038883431744,56233.0,4.845450152089157
258,0.999978316646157,0.1302049472937935,59665.0,4.034558167190244
259,0.610477276304784,0.5869219248840799,55700.0,4.898618639028417
260,0.7451389361327035,0.8372000755660578,56506.0,4.643172328243635
261,0.5297211901271291,0.8296751014626065,53056.0,5.203354504407123
262,0.9956441286387475,0.30598808292610546,55312.0,4.889218024990624
263,0.9998534311806989,0.32309946778198395,58738.0,3.9361886890195024
264,0.6044560993139529,0.724511125303023,51170.0,5.5071148392501925
265,0.2971481312492721,0.8402266401987781,53583.0,5.18354061429171
266,0.9291317465373664,0.15589764016032515,58236.0,4.37785841627181
267,0.977944996564812,0.6306694264764536,52007.0,5.106413355615302
268,0.9929362265330421,0.5737311231215889,54996.0,4.805131827835677
269,0.9998132602763526,0.40205026646509145,54521.0,4.857242757239
270,0.8034853706131467,0.39225898928721004,54491.0,5.1835678772382074
271,0.9989631336336249,0.0597427110569938,58713.0,4.154933490149876
272,0.5259692139157958,0.8595236376794358,51726.0,5.390810759600694
273,0.9981415802218329,0.6479768058427058,56090.0,4.836978491710848
274,0.9998755870323476,0.8761791612823575,54240.0,5.24318981572311
275,0.8865964116265834,0.7829587904452486,52779.0,5.067755464311045
276,0.9906782540195797,0.6835653082419884,53739.0,5.090583679840472
277,0.9292300862170182,0.472479822919069,53977.0,5.076159997035493
278,0.989500093627588,0.7365781403914987,51404.0,5.14457795231324
279,0.9903170509243616,0.7428226294203751,55055.0,5.048733082541862
280,0.9972831462085956,0.7695149324999859,55087.0,5.036860370160177
281,0.31260520969035954,0.8707850756094039,50700.0,5.582029628240107
282,0.762614971924567,0.8442877958802538,53982.0,4.870202886700772
283,0.9999999914091308,0.5197910604309803,58270.0,4.186507090713519
284,0.852178348471891,0.40610016861978604,55291.0,4.924555574697514
285,0.9994334064041167,0.47515876239104626,56523.0,4.390182265970584
286,0.9987048663330769,0.24801537477958946,57583.0,4.067755464311045
287,0.9992359710483241,0.8095332541812579,54794.0,4.982750470369723
288,0.9663133376757886,0.6323587513516385,55741.0,4.787436312508245
289,0.9639844647188767,0.30788001235393725,55770.0,4.826764057295627
290,0.9999984106891993,0.46144700136311656,59052.0,4.011960041934763
291,0.97462476307564,0.8425165290035157,53857.0,5.007306801525214
292,0.9987805432997977,0.13300749296477854,58373.0,3.9739815255077975
293,0.4523091083737032,0.788503976776175,53527.0,5.193512800242736
294,0.9999991580948191,0.7108510495393905,53909.0,4.978350593723501
295,0.9938502778334347,0.5916547580036028,54600.0,4.696377125263524
296,0.9999450356189035,0.2500808696709873,59447.0,3.6247217817047463
297,0.9344998112886719,0.24642816065121298,55927.0,4.740520764736921
298,0.9999996907287091,0.6743367058658181,57609.0,4.335333239847596
299,0.9033017605431464,0.7113988519373937,52948.0,4.983901580169963
300,0.5577024242668275,0.727619951867591,53514.0,5.13424506879506
301,0.9999980756453007,0.8637036737413608,54963.0,4.338458544935399
302,0.9998660855310202,0.8594573187456938,55170.0,4.609909169613996
303,0.6836639819999986,0.5394848994103809,54971.0,4.843584959453409
304,0.9909754895027869,0.8436933956141275,54205.0,5.010694113630898
305,0.9997854774053826,0.1257515819479058,57512.0,4.6400765215951285
306,0.7375726483631727,0.6976478390333465,53005.0,5.2554671134511395
307,0.9753876666234518,0.09333326466393654,58450.0,4.404428664560097
308,0.9943771300684313,0.908183265105851,53695.0,5.137643841026076
309,0.9125964366947397,0.18762116403610907,57870.0,4.351067754742163
310,0.9432062963992308,0.890603648067461,52861.0,5.343136806012314
311,0.6649694602761516,0.7668655533897946,57311.0,4.141022200554552
312,0.6459420595528159,0.8867432555609933,52057.0,5.598382781779964
313,0.9999970017866516,0.056460067413227844,60266.0,3.677625144317826
314,0.8295843968578828,0.7731042402069722,50999.0,5.2428274702973745
315,0.6766603360265221,0.6068904011793314,51971.0,5.0830151309729885
316,0.999987981373999,0.7135803539152283,55979.0,4.688678305246704
317,0.990845312061906,0.6902109002793276,56051.0,4.805131827835677
318,0.9999999656365233,0.41795543233480725,58519.0,3.9079514273221783
319,0.9927775188155714,0.23849228412935675,55126.0,5.067755464311045
320,0.9999515560886209,0.8363646274739034,54441.0,4.957755471856341
321,0.5025974278233185,0.7679058830472599,53102.0,5.036860370160177
322,0.9938303727895146,0.8238186147891893,53178.0,5.172065958470313
323,0.9936886148569616,0.25405438194195573,58150.0,3.9245555746975143
324,0.9999661777479874,0.654838335792933,54463.0,4.843584959453409
325,0.9242275801316115,0.4359516785747566,54818.0,4.989546792187607
326,0.5697097704565284,0.9120959500921526,53718.0,5.1402564248842175
327,0.9976983085532145,0.7629007893067156,52648.0,5.353771729197778
328,0.9825545047481176,0.08368924187063131,57950.0,4.411951862319633
329,0.9869692493359494,0.5712023560010422,53637.0,4.8219380404815055
330,0.9967452890701627,0.5623070072742584,56458.0,4.5142398327505155
331,0.9957907661850021,0.39678275210294844,56699.0,4.605290958425156
332,0.9142693881978999,0.40709001471882067,54756.0,4.94101470583362
333,0.999999957045654,0.19896570435729488,58378.0,4.214227863174315
334,0.565897426207376,0.7689459199870387,53029.0,5.157513310588389
335,0.9999999914091308,0.8219755873790722,55400.0,4.3626968095296785
336,0.8234301301215143,0.7009397462504667,55778.0,4.916185605466133
337,0.9841926975945231,0.06844295255220378,57860.0,4.335333239847596
338,0.8367543105137196,0.4908807233247292,54611.0,4.9612300484418395
339,0.8512632404945877,0.3695332682469623,58718.0,4.2291781635492285
340,0.9999944846619782,0.7365515023165784,56314.0,4.36166369645527
341,0.5957407484263869,0.6699869043780663,53536.0,4.967199327245993
342,0.8931784349218077,0.31857097175044424,56032.0,4.94101470583362
343,0.9998362752149206,0.37296186086627825,54969.0,4.80616758413327
344,0.9968687570422039,0.6120579887291564,56192.0,4.8834572830228105
345,0.9982503578075542,0.7297608147684884,52465.0,4.959617191391949
346,0.937952369936023,0.17986491726839882,58148.0,4.087457941103725
347,0.9971741968054905,0.2947432506952169,55532.0,4.576148589333625
348,0.9996506780768759,0.3903797694573926,56377.0,4.327497226329015
349,0.607382407087151,0.5493193079482557,58139.0,4.135342167086922
350,0.9614467735044914,0.716482545428361,53165.0,5.005450334128643
351,0.998265443373857,0.6589155359879802,54262.0,5.186507090713519
352,0.9363430595918442,0.3519659563268397,56059.0,4.793476104117817
353,0.9613334513489671,0.8722733065207876,52007.0,5.092048572677822
354,0.9999023046355376,0.1941138974732587,58369.0,4.186507090713519
355,0.42412064528733223,0.7916363562095488,52583.0,5.3854843726841075
356,0.9999861515188609,0.14061153307442886,58129.0,4.186507090713519
357,0.9999999226821773,0.7986295364296854,54964.0,4.7767143090106785
358,0.999619785311258,0.1326062640839013,60607.0,3.748024310719149
359,0.6295779055971206,0.7498033678864824,55179.0,4.852600345781177
360,0.9957392811059287,0.5547590318937025,54577.0,4.857242757239
361,0.93121119219813,0.6492687801366419,54216.0,4.891199685590649
362,0.9999867185162277,0.7540917658419409,52892.0,5.149861395305548
363,0.28773935976392706,0.8700924251297759,51854.0,5.390810759600694
364,0.8554700774570807,0.314659985328576,57341.0,4.52770355317994
365,0.995815421979586,0.7621841146493873,55813.0,4.618003205832917
366,0.9999993986391565,0.6355533798289039,56079.0,4.383988148525759
367,0.9931802673542065,0.8327588722835844,52659.0,5.186507090713519
368,0.9997110375238256,0.054051666867402925,57765.0,4.501752510612336
369,0.999990335272158,0.6114843142662734,56526.0,4.4953205139840655
370,0.9999673976514127,0.4670531679767521,56397.0,4.493945639052992
371,0.9499533760642594,0.4255551924535952,56062.0,4.403674690340782
372,0.9973086954535755,0.8247125245720898,49852.0,5.24318981572311
373,0.9997868519444535,0.426170838922888,54488.0,4.75669893379613
374,0.9653531705895683,0.40604299950478673,56838.0,4.463789746440526
375,0.9653501466036123,0.17735105794783668,55833.0,5.024504734023907
376,0.9754130268693093,0.552016471759319,53767.0,5.142847411389695
377,0.9937277806296123,0.6653953660680528,54153.0,5.140245626207886
378,0.9976343581229422,0.033591586670603246,60328.0,3.677625144317826
379,0.9999954296575894,0.8010630813636406,57693.0,3.852190309380587
380,0.9999996220017555,0.8704115732745623,54193.0,4.957331331881676
381,0.991301882396035,0.5823912254042765,55614.0,4.955981683791499
382,0.9668681274174008,0.28170582604071004,56141.0,4.677625144317826
383,0.9985059791203907,0.1250591327597298,58031.0,4.249697986590814
384,0.6750407510027885,0.5714033174358182,53870.0,5.0523712275637145
385,0.7111506312093889,0.5450964153642341,55873.0,4.752764006220485
386,0.9929798166033272,0.7925026116959648,53187.0,4.9735078993264175
387,0.6769698908161521,0.6298923641672609,54554.0,4.916760078427764
388,0.9999999828182616,0.4806034685199423,56656.0,4.5396690443989804
389,0.2856378957054219,0.8871882551815908,52619.0,5.301132866679492
390,0.8724415715012416,0.23898778409185661,54094.0,5.1890440781319285
391,0.9997228499689659,0.34048529532662386,56045.0,4.916344646652444
392,0.5565844085500556,0.9013259358341875,52712.0,5.366355480033867
393,0.47944418485224094,0.7823280706454405,55428.0,4.908108499507513
394,0.9959726606584247,0.24342190795880847,57300.0,4.118640995398714
395,0.8996612766321992,0.7096644874906217,53107.0,5.011413872234947
396,0.9996937698767477,0.6983228733159861,54541.0,5.03043625400413
397,0.9997254014571162,0.5329136470409378,54540.0,4.542691218692058
398,0.999999957045654,0.3610007906141989,56915.0,4.338458544935399
399,0.9995800009960254,0.5803490592155827,56073.0,4.937179388827431
400,0.9848479489604778,0.7682527092677872,55392.0,4.957331331881676
401,0.9920419428226626,0.8406165601122,54919.0,4.993300894098418
402,0.9998633965889627,0.32167214865911253,58260.0,3.8051318278356767
403,0.9999960739727788,0.2161896995288335,59069.0,3.8742977020177634
404,0.49117108211713756,0.8583564894787892,49542.0,5.070563217860332
405,0.9511905557276068,0.12260110407000357,56542.0,4.826764057295627
406,0.9880645422037059,0.8277211007467488,52983.0,5.1280664843558945
407,0.9999643135293724,0.7334343780482939,53804.0,5.138154630712368
408,0.9999999656365233,0.6374466210328553,56024.0,4.338165932732853
409,0.6358734663591056,0.5948117184592465,54372.0,5.0523712275637145
410,0.999949159236116,0.8420899772989737,53253.0,5.088998872384199
411,0.9741467069776595,0.6900613531741481,52766.0,4.9338463082734005
412,0.5554091690535896,0.8377026628894827,52688.0,5.215061554201419
413,0.9999999312730464,0.8347665333842692,56881.0,4.37785841627181
414,0.9998918753203374,0.2159431668293612,58725.0,3.8988694787125873
415,0.9999820279016484,0.5570130422766246,56293.0,4.732253854370914
416,0.7938087186446268,0.7670921881439172,52358.0,5.200838403398052
417,0.6172473537266422,0.7892689022009146,53913.0,5.140245626207886
418,0.8014921257338653,0.8534199474387881,54666.0,5.067755464311045
419,0.9999150878488968,0.27784683511500585,59283.0,3.7515388740801825
420,0.8793382697441348,0.3496690375256454,57489.0,4.632752583073572
421,0.9978660968194223,0.17970101370048797,58608.0,4.270904411318536
422,0.9999999828182616,0.12316993765709794,61419.0,2.989546792187607
423,0.8973684165989442,0.44167365020928984,54984.0,5.036860370160177
424,0.9567076806502793,0.5538513477429613,56312.0,4.270904411318536
425,0.9980490307880171,0.27536073110101644,57155.0,4.093712748360382
426,0.9298013618366117,0.5801985418907052,53746.0,5.1281404803447685
427,0.9999840811193854,0.7482860707270864,53126.0,4.733330437397068
428,0.9077297092969279,0.6502528063300081,54402.0,5.000202537613742
429,0.9998914801403546,0.1332197719457895,57660.0,4.5184997973414625
430,0.9893302091892971,0.21312048450631393,57376.0,4.454269904565518
431,0.9912914444899655,0.6260585430046041,53977.0,5.154933490149876
432,0.999716398226202,0.3509157145155932,58243.0,3.8226627313329793
433,0.9999991580948191,0.6113094267957719,55938.0,4.575116331496577
434,0.8597043536557761,0.4602164438742321,55501.0,4.877291441386067
435,0.999996082563648,0.601548532751323,57052.0,4.416451407320718
436,0.9864650941773606,0.7792055137817011,53247.0,4.880767033204181
437,0.901026872608243,0.6397384406463378,55039.0,4.887236364390599
438,0.9793727302977285,0.3854494358767835,55295.0,4.931344054861665
439,0.5217248606275371,0.6635759533821104,53375.0,5.0773028255155594
440,0.8396955835810518,0.538961181411572,56071.0,4.5980426701473185
441,0.9744158760912133,0.1989071869290916,56510.0,4.797493778428347
442,0.9977867343698177,0.2157821621015138,57266.0,4.671092872488067
443,0.8225957247694097,0.7015003200693368,54656.0,4.742992108701003
444,0.9999827065803145,0.521788124470266,56552.0,4.747265491390593
445,0.9866474439668503,0.6390988910977089,55589.0,4.764286782008195
446,0.9999578617866085,0.6986905821970185,52487.0,4.94469686841909
447,0.7278562722155045,0.8539235223682218,55239.0,4.905814679785493
448,0.9781126473771127,0.7246848004601051,52390.0,4.9936577289788
449,0.9998976655661734,0.04854740465847496,59471.0,3.98226992735011
450,0.9989645081726958,0.5867253060114065,54798.0,5.036860370160177
451,0.9996209708512066,0.5025462541885841,54848.0,5.091619956878201
452,0.9999833594863733,0.6673751271199012,56077.0,4.422077617836781
453,0.8026749080134828,0.8844694462812763,51340.0,5.242465124871639
454,0.999531900719414,0.5817935030922421,53593.0,5.2291781635492285
455,0.6198227159024385,0.5890757405965481,53918.0,5.2291781635492285
456,0.7520814322992644,0.670444381473029,52582.0,5.298217331943391
457,0.7795095003716281,0.5532482371950381,56613.0,4.271237569799375
458,0.999918129016591,0.5484085907533975,54007.0,4.710648561959982
459,0.6571514944027438,0.815284874847673,52958.0,5.341303577719859
460,0.6554963603622896,0.8367466255271241,49647.0,5.572749000493388
461,0.9996775503157115,0.5028777949378065,56132.0,4.69966701589134
462,0.41845323169899806,0.6752480359204299,55506.0,4.9744551516891775
463,0.9999930413959537,0.25211117458507815,56293.0,4.69966701589134
464,0.9983172463150906,0.1635658274155145,57620.0,4.40405167745044
465,0.9917142183446895,0.6598603149863588,52896.0,4.957331331881676
466,0.6610130901049793,0.662285837481885,55467.0,4.9735078993264175
467,0.9996275858204852,0.39379951634072186,56936.0,4.282197343585615
468,0.9999998024100085,0.5680702314069807,56438.0,4.5113882219397805
469,0.9796675775193001,0.769029851628316,51470.0,5.315677632238533
470,0.9999374928357521,0.7633874755304564,57109.0,4.677056229886967
471,0.9757200817160041,0.18009454816046,58139.0,4.073052727516984
472,0.72560800738423,0.5614305687824263,56567.0,4.75398262434061
473,0.9926732084818305,0.5895341710192853,55649.0,4.553996123623836
474,0.6233405307921794,0.7095952019879634,53861.0,5.137899235869222
475,0.8829906605997834,0.6215596001382563,55396.0,4.9434215507386785
476,0.999991941764697,0.3654218910101009,56558.0,4.714944354624741
477,0.842563043900278,0.7967223124201964,50288.0,5.436519145304791
478,0.983366462159021,0.5596042345729918,53942.0,4.857242757239
479,0.9999997680465318,0.6103052887610368,57441.0,4.156223400369132
480,0.998532396043159,0.11694930664262948,58121.0,4.055093268748017
481,0.999991855856005,0.8604782655594304,54781.0,4.94101470583362
482,0.4399099927761958,0.8037173214771491,53562.0,5.146308493236784
483,0.7154290558848669,0.7974363998029037,52021.0,5.3112528687412315
484,0.9998782759744049,0.5820656976947376,55341.0,4.0758495005299675
485,0.7391006890847861,0.7780794682411434,52151.0,4.840032057384644
486,0.9952871007059573,0.5526918497985223,56654.0,4.733330437397068
487,0.5551191413096352,0.8370825001757439,52748.0,5.142847411389695
488,0.6823348972180249,0.8059579189373638,53310.0,5.181190783979519
489,0.9999681794205093,0.5438867283287456,54524.0,4.30425946536775
490,0.999757179082261,0.8433488934020046,55199.0,4.785343521026064
491,0.5777258847278718,0.7606558732283313,49149.0,5.111408263687814
492,0.5459523660185867,0.7068255770444669,52884.0,5.2554671134511395
493,0.8251732947985887,0.4736190192531067,56513.0,4.696377125263524
494,0.9206819480074239,0.31863172072637236,55028.0,5.067755464311045
495,1.0,0.3240394020725026,59201.0,3.7333304373970684
496,0.9996593204912839,0.8392908423731422,54139.0,5.021220790476878
497,0.7040469445641606,0.9123381845343179,53210.0,5.157513310588389
498,0.9751329473518805,0.09597472228289916,58594.0,4.316319731342739
499,0.8337314413707928,0.4158361995066988,56834.0,4.563374495779829
500,0.9808593200754859,0.5615411442650222,56466.0,4.7748445605234835
501,0.9711177726810823,0.6175948812674985,56453.0,4.8471378615221745
502,0.9999897510930528,0.6663579514945055,54363.0,5.0353603003485645
503,0.7824747505548778,0.4311393031207943,57456.0,4.390810759600694
504,0.8961809093412705,0.5312328318077073,55914.0,4.723214975260138
505,0.8164041994333514,0.655108616041118,53070.0,4.94101470583362
506,0.999862296957706,0.043597009861271574,59582.0,3.9405324019334564
507,0.9983938253230766,0.5181850359289729,57550.0,4.075849500529966
508,0.9998027278707221,0.6391348384005888,54509.0,4.282670969766995
509,0.649677730294421,0.6498277267393784,54742.0,5.009273948677793
510,0.9999648891176084,0.3753833041547229,58692.0,3.94101470583362
511,0.9999047873967344,0.610210388910354,53371.0,5.186507090713519
512,0.999091360947199,0.7433542673230021,55635.0,4.94101470583362
513,0.9562304664574796,0.43343697667255165,54258.0,4.8637524650451205
514,0.8215786947200011,0.7040924316059656,55944.0,4.716350312429881
515,0.7947850193831916,0.7980068805844642,55219.0,4.598102719581263
516,0.8516338420007028,0.7688453751406767,53485.0,5.1280664843558945
517,0.9999764524275421,0.7689581767103113,55577.0,4.712768189066235
518,0.9413212019722196,0.7902662518821055,53274.0,4.9744551516891775
519,0.9719036482131159,0.751989276608346,52386.0,4.928234645310891
520,0.9996667344113975,0.24859402804460295,57304.0,4.247386037967818
521,0.9999993642756797,0.92327873906994,56216.0,4.396898718465788
522,0.9197892450169759,0.657273592800896,55335.0,4.785343521026064
523,0.962677329607691,0.3780741269936849,56290.0,4.824713394314303
524,0.9999989003687433,0.3729997281053369,56219.0,4.733330437397068
525,0.5753889964900027,0.7721288602675108,52053.0,5.416451407320718
526,0.5207519189188268,0.7541031831329409,52955.0,5.341297999478806
527,0.804818621966679,0.8536359868165841,55807.0,4.880015166018339
528,0.9992639601001547,0.4673486825583527,56899.0,4.347410188701902
529,0.4791724900231444,0.7323139385905744,54334.0,5.113168710836881
530,0.9999969674231749,0.7256286228856504,55176.0,4.6291489763363
531,0.9962556181170332,0.5862413113939802,54115.0,4.735418521002135
532,0.9990326595380035,0.9213716265517907,51645.0,5.480834185327948
533,0.9998856297584341,0.5903841216238106,55766.0,5.002653561115665
534,0.7326802772208197,0.47670017723887104,56196.0,4.852190309380587
535,0.4891831893493634,0.7342195861008489,54155.0,4.9744551516891775
536,0.9996605575764478,0.8224150471029605,54825.0,4.877105416664923
537,0.9995498040908121,0.524351952193868,56541.0,4.71724858197291
538,0.9999034901754863,0.7678151846814838,54164.0,4.989546792187607
539,0.8435625571674021,0.816968772307723,50014.0,5.710592023507729
540,0.9776137584213391,0.19869314891134426,56854.0,4.621365487788186
541,0.9964183893156322,0.624048113398258,53290.0,4.8158880881394985
542,0.9494606553525664,0.7416260738004434,53536.0,5.070563217860332
543,0.9587777966270993,0.5827728392815632,52842.0,4.953018700276299
544,0.9628295941732671,0.6085162274243447,54264.0,4.875530994237
545,0.7699721665288104,0.7282448294623425,54321.0,5.036860370160177
546,0.9962455839818158,0.7421388525468494,54496.0,4.72700408709983
547,0.5463211462604328,0.8438806369396478,51628.0,5.479846631626767
548,0.35164864836375687,0.8459396478352482,52598.0,5.4826012854819695
549,0.6559494084400496,0.7681924251459439,52356.0,5.463789746440526
550,0.9723754415674549,0.23382929452949375,57299.0,4.5946347848123885
551,0.9999731019885568,0.8053527654930789,52951.0,5.004051947622154
552,0.9999998969095697,0.712149290387939,53871.0,4.441747874867012
553,0.851301272272505,0.3450449179585616,56354.0,4.7515388740801825
554,0.998806023817824,0.2950930478656517,56541.0,4.696377125263524
555,0.9998035096398186,0.4246119772131497,54629.0,5.022344104822718
556,0.8272660219431246,0.8099476614972847,52328.0,5.26225811964364
557,0.7879046094282882,0.6475570577166514,51675.0,5.329803908675592
558,0.9995484037791337,0.6897526703550754,54056.0,4.900554038600662
559,0.9999993900482873,0.5732326326572676,56258.0,4.710592023507729
560,0.9999834969402803,0.5338574395020385,55556.0,4.241405161698244
561,0.8864369393217545,0.437385673515298,55626.0,4.764286782008195
562,0.7177678427048276,0.5217274586668663,55388.0,4.733330437397068
563,0.999999957045654,0.3443249856231755,58170.0,4.214227863174315
564,0.9640616536785754,0.22628179791729774,58115.0,4.213737220482669
565,0.9578042277849379,0.7544631395859951,52600.0,5.29279833800522
566,0.943552147611201,0.5329475807052482,54158.0,5.002953719912734
567,0.5979551136878258,0.8664175899603792,51463.0,5.324006297551852
568,0.6523418791033266,0.6805778641085698,54590.0,4.86965093163197
569,0.9993811825102927,0.5229484868950762,54093.0,4.6455154978979
570,0.9610160874592407,0.41301668257663204,57004.0,4.742362032269625
571,0.8833250172287734,0.7562240006097295,53062.0,5.200838403398052
572,0.9999975773748876,0.13205433653819076,57939.0,4.2291781635492285
573,0.4886942228475077,0.7768378584456215,55361.0,5.048733082541862
574,0.666271595501467,0.723347842778578,52930.0,5.270904411318536
575,0.9999943987532862,0.5341627106885238,57103.0,4.680879998220886
576,0.995087234134183,0.559488091763533,53807.0,5.0830151309729885
577,0.9750591260129053,0.43564870751630813,56622.0,4.618003205832917
578,0.9323762686963408,0.558971982250709,51953.0,4.951579863762706
579,0.9581619515781328,0.6294608265971746,55974.0,4.76977947989818
580,0.9999996563652322,0.503145542680306,57870.0,4.067755464311045
581,0.9503357298794305,0.3422665721533442,58608.0,4.102581275484585
582,0.6335535966331077,0.5876392895248468,54449.0,5.022307304508722
583,0.9996884779013249,0.8846928867930565,55404.0,4.891199685590649
584,0.9999903954082423,0.7626764405057989,55091.0,4.64407128698387
585,0.9840458195039311,0.10335547738156281,57162.0,4.619684346810551
586,0.9950348384229751,0.7802682226544188,52427.0,5.200838403398052
587,0.9999977921466174,0.4319656282316132,57750.0,4.227912476989712
588,0.7030969834305415,0.4992007159770879,54387.0,5.032085188250976
589,0.9989255915352516,0.5591342727953496,54775.0,4.609909169613996
590,0.7299881737235603,0.8200862507027484,54903.0,4.907460784630532
591,0.9459349024996913,0.7772527454360267,55169.0,4.787436312508245
592,0.4243661809197362,0.8525688973126034,50993.0,5.671092872488067
593,0.9998380105704976,0.24622770814157302,59427.0,3.986668922153198
594,0.5433700967839592,0.6768349743514201,53587.0,5.102060751096236
595,0.5233321177539788,0.7167186546883098,53242.0,5.3816771785430895
596,0.6025856093645697,0.5445878893348888,54811.0,4.860645455935257
597,0.9999999484547848,0.8256151824931787,55713.0,4.463789746440526
598,0.9274184609033452,0.47520824595227495,54496.0,4.9744551516891775
599,0.48099051553436617,0.6665697743548553,55490.0,4.966080230596615
600,0.9891692334823594,0.5534408322498139,53003.0,5.098152228707956
601,0.8221650902693742,0.42835278094616636,52380.0,5.0830151309729885
602,0.9940560291506061,0.10014619081242682,58524.0,4.178575666276437
603,0.7039172224393468,0.8145108669105083,52033.0,5.479067085173927
604,0.9997560794510043,0.7264440761293562,53790.0,5.087317543925595
605,0.9993850913557755,0.049799626599459135,59598.0,3.9742749068086045
606,0.9999991838674267,0.6000821924120655,57261.0,4.434342920208032
607,0.9999997250921858,0.37610410701462915,58335.0,4.132904415024761
608,0.9950119781200527,0.6312875570921892,54865.0,4.538231616735189
609,0.5662304856151179,0.7730361525777216,52660.0,5.338458544935399
610,0.9997501603421304,0.7330196379493824,52947.0,5.0560269382080065
611,0.999515028252319,0.5911482142054472,53354.0,4.857242757239
612,0.9999994759569792,0.8036171698646696,55676.0,4.835479240371463
613,0.99328785080911,0.8148417821072176,54375.0,4.769573064677825
614,0.9999882992361592,0.8445531349698167,53267.0,5.2428274702973745
615,0.7958210094809091,0.866333015357236,54938.0,4.960410330957544
616,0.43483422375831166,0.8329875564301172,51346.0,5.491344382901957
617,0.9843660699257063,0.30392955455954607,58383.0,4.03043625400413
618,0.9812157981926478,0.5826665688353128,51562.0,5.295353380476776
619,0.9999990378226504,0.3946304097654041,57013.0,4.102581275484585
620,0.9989401530585337,0.7426755514474891,55584.0,4.924555574697514
621,0.9977184025962569,0.7551622852922381,55636.0,4.836978491710848
622,0.9179599998305881,0.8382014665615449,52540.0,4.970518074281127
623,0.999887493977049,0.7295093079475683,52908.0,4.983901580169963
624,0.8788619060473851,0.6802163631163654,55233.0,4.621778043119951
625,0.9547074599852132,0.7718431893820898,52567.0,5.338458544935399
626,0.8301480437856328,0.7804918261015071,51156.0,5.390810759600694
627,0.4462966682968414,0.7285306289549489,54507.0,5.084802289509987
628,0.8907897952879202,0.6689883272826838,53205.0,5.146308493236784
629,0.8057502072310944,0.4464930076521658,54933.0,5.005450334128643
630,0.9999672172431596,0.7664743161467741,54987.0,5.0830151309729885
631,0.9881761805488684,0.23199262631079554,57426.0,4.142847411389695
632,0.7224475898346547,0.6870430996666841,54495.0,5.0830151309729885
633,0.9648822019586718,0.8749881488517651,50608.0,5.463789746440526
634,0.9905896306129851,0.6586185923500345,53921.0,4.429142085149994
635,0.8458999093122075,0.5005615509883707,54769.0,5.0217640474928
636,0.9999947595697923,0.8032332218411933,55191.0,4.805131827835677
637,0.8746084034834359,0.5504054789209079,56526.0,4.753669522736793
638,0.48341824362308156,0.7745262349511404,55722.0,4.94101470583362
639,0.8789959150159261,0.3256813159723362,55243.0,4.836589361477097
640,0.9999849831606507,0.21495440335322658,57386.0,4.426908754606934
641,0.9999164194336216,0.6768120251130632,56406.0,4.64407128698387
642,0.9999958420193106,0.7582421871436578,53812.0,4.728029140284962
643,0.9988985217064246,0.4904887364465842,52230.0,4.8268950168522
644,0.7542572846941114,0.8483692709264483,52692.0,5.1995750046724005
645,0.9863126749761391,0.4159116961434377,54872.0,4.666506772622803
646,0.9999544769841465,0.602692115788672,55953.0,4.857242757239
647,0.99700441545763,0.7172140655592854,54262.0,4.924555574697514
648,0.9998216191920773,0.8642505149412997,53075.0,5.1890440781319285
649,1.0,0.10018450336514606,57001.0,4.441747874867012
650,0.7220606570862038,0.792565195673335,52638.0,5.0523712275637145
651,0.9991924497049925,0.2028640747592486,57003.0,4.277785458923752
652,0.8870823541424832,0.7972557846404944,51731.0,5.047814437227084
653,0.9676877049292784,0.7280240729292966,51709.0,5.0523712275637145
654,0.9962961927922316,0.6170260742918239,54641.0,4.7515388740801825
655,0.9958625085336326,0.15003956012527053,57395.0,4.441747874867012
656,0.8737880442024618,0.8353175272490718,50785.0,5.365190547116576
657,0.9619362640493678,0.8198516258371044,54492.0,4.859844013390035
658,0.9999427332659597,0.7815100154706665,54182.0,4.924555574697514
659,0.6972099700438968,0.46386021420161705,58067.0,4.067755464311045
660,0.9961801559220422,0.8304480043647902,53061.0,4.961863690454926
661,0.9999989948683045,0.10086125453097516,57971.0,4.424276636963212
662,0.9715455120581998,0.8031225617991126,54809.0,4.857242757239
663,0.7639086451437272,0.8746884327103595,51072.0,5.5946347848123885
664,0.9416869925915866,0.7483049794739925,54122.0,4.94101470583362
665,0.9994730532654422,0.08618806836626791,58634.0,4.247291141685757
666,0.9999926891703168,0.11712584470734755,58677.0,4.37785841627181
667,0.9941194297652501,0.259981914610377,56321.0,4.697087195452831
668,0.4754349292903168,0.9088284768147344,49811.0,5.40405167745044
669,0.9020226660290065,0.26863458464070533,55199.0,5.0830151309729885
670,0.4809327333481743,0.8365382977516569,52465.0,5.149237658098762
671,0.9998410001929767,0.1987994682064883,57531.0,4.3340069341351395
672,0.8033794623777359,0.7040217581490141,55389.0,5.021220790476878
673,0.9987873558590677,0.10626723013572548,58521.0,4.240045921314245
674,0.9990684834625382,0.701311331559332,55325.0,4.80616758413327
675,0.9872400678963883,0.514370164605332,54845.0,5.0668539773117764
676,0.994065333061942,0.5789326954746,54468.0,4.693095076965136
677,0.99999808423617,0.12226321474592339,58816.0,4.004051947622154
678,0.8592583500907544,0.45059094214049744,57390.0,4.37785841627181
679,0.99972365751067,0.7522983500082598,55807.0,4.505178428023967
680,0.9989429622727598,0.5070378698356577,56691.0,4.522586684996648
681,0.8809128042498205,0.5092318546012127,53907.0,5.03043625400413
682,0.918326185629938,0.29124328635844077,54832.0,4.993300894098418
683,0.9634159811317708,0.7594585124643904,52108.0,5.472525837161459
684,0.8837169584539638,0.7201768101209263,54086.0,5.234511081163028
685,0.6441361471671562,0.7638743697108965,54723.0,4.846541670886646
686,0.9999951117954292,0.7084248213422971,54523.0,4.698377105672085
687,0.5062452655182949,0.7871760640798143,52344.0,5.161146440450299
688,0.9996178523656896,0.3621060106953631,57208.0,4.1003846769058185
689,0.9375699044395525,0.4009964039856527,54274.0,5.1280664843558945
690,0.5241136892605467,0.6608398046660886,57253.0,4.5156616046293685
691,0.9999039369006844,0.6865241778481728,56787.0,4.434342920208032
692,0.47546576191985035,0.786052365047885,53795.0,5.021220790476878
693,0.6358967819780952,0.7560423205759572,54537.0,4.714944354624741
694,0.9996416576642233,0.7217198639561831,55000.0,4.996497915570245
695,0.9875325354471934,0.6201158207666874,55599.0,4.696377125263524
696,0.3846344847609449,0.7983232544546544,51994.0,5.3268618974902004
697,0.9999993986391565,0.20859986975884914,57946.0,4.37133742645387
698,0.976739663253563,0.6213328513044429,53658.0,5.101426923062764
699,0.9473779022071636,0.44270085810156623,55119.0,4.936188689019502
700,0.9999984965978912,0.26287535667058004,57536.0,4.381836986355086
701,1.0,0.8185159149807165,55063.0,5.061116654720028
702,0.9895420772053339,0.07296454384363849,57440.0,4.489097478311999
703,0.9994939978045346,0.5437753230886373,57189.0,4.298217331943391
704,0.9906846026719133,0.6790805743675862,51983.0,5.184157260401328
705,0.40761105650706925,0.7831005532977963,54803.0,5.163519193091137
706,0.6432388394708207,0.7327043121035393,53629.0,4.995001948942216
707,0.9999971736040355,0.7635260551607821,57104.0,4.721454062430862
708,0.5815559347584308,0.684337511517288,56385.0,4.8471378615221745
709,0.3268536129720819,0.8997792201386114,52014.0,5.392900313361444
710,0.8535117716428071,0.621999450242097,56026.0,4.785343521026064
711,1.0,0.5058034192198048,59706.0,3.8911996855906494
712,0.9938469273944495,0.7281517889884737,54724.0,4.774373906241905
713,0.7910055008452256,0.6695085832590915,53887.0,4.9554190450245095
714,0.9621480289749743,0.6021159366421371,54246.0,4.809818651215259
715,0.9924319339205462,0.7688575881297024,55901.0,4.7748445605234835
716,0.9999882133274672,0.36962938166813586,56904.0,4.298217331943391
717,0.9999997165013166,0.1648562734668897,59167.0,4.0056968929360615
718,0.9999988230509206,0.7569636150930547,56417.0,4.338458544935399
719,0.6521866420970098,0.8148354439811202,53331.0,5.0811209963756205
720,0.5386453420904301,0.638665396593104,54062.0,5.136253383963114
721,0.9903445073423023,0.7763622273218486,52257.0,5.039606873249209
722,0.8853659500229449,0.736448771013851,53144.0,5.224315146924951
723,0.7786070381537769,0.7668339202740924,54982.0,4.9794799821016955
724,0.9999994158208949,0.6803481751909288,58956.0,4.172065958470313
725,0.9999984536435452,0.26532718398109845,57848.0,4.299914624590011
726,0.5591309139962329,0.9019292867509802,50417.0,5.609909169613996
727,0.9916493916457594,0.6577335294492197,55150.0,4.753669522736793
728,0.5571707439633444,0.8231908970252122,50329.0,5.644734980787536
729,0.8259419198652828,0.46502001841437657,56247.0,4.822662731332979
730,0.7577149119542864,0.4488570691157501,57146.0,4.618003205832917
731,0.9750674162016766,0.19925431115783543,55841.0,4.887236364390599
732,0.8956804482564346,0.5392433886788399,54300.0,4.989546792187607
733,0.9999996134108863,0.6434919969826354,56973.0,4.3595561033158425
734,0.9204510941704707,0.6964418902408427,52081.0,4.857242757239
735,0.9999930242142153,0.7284172490790517,54811.0,5.043631686382456
736,0.9999997422739242,0.3458328537108153,56681.0,4.56988420358595
737,0.994009501003057,0.32805830661135127,55517.0,4.822634734981278
738,0.99999946736611,0.21881697868454453,54819.0,4.818446820229729
739,0.9999846910710981,0.21644927013823734,56468.0,4.8471378615221745
740,0.6180203429548863,0.743826454773558,54288.0,5.084802289509987
741,0.9963944637449298,0.5296750234785718,56024.0,4.604493767795528
742,0.9997050840514748,0.8040158226761605,54490.0,4.587008023393452
743,0.9999881016461678,0.2771718894032368,58752.0,3.785343521026064
744,0.939608698107295,0.47131051262525014,57563.0,4.223036514279901
745,0.7736232000271265,0.5676684202453096,53413.0,4.989546792187607
746,0.8440726657983417,0.44797334457094296,55422.0,4.897129082834514
747,0.6256053416375195,0.8143574761989558,52677.0,5.250640372809176
748,0.44549114544696344,0.8309391665271824,52869.0,5.215061554201419
749,0.971372242817447,0.7909316970387796,52641.0,5.112444019985407
750,0.577499858959405,0.8019210696842063,50948.0,5.3196284944962855
751,0.6592251326359329,0.821975232630359,54950.0,4.764286782008195
752,0.994173165652052,0.8315257004810583,53419.0,4.94101470583362
753,0.9999992182309034,0.5722126243868547,56219.0,4.797906300518525
754,0.9993994123347202,0.22369162487461802,57651.0,4.37785841627181
755,0.9998287324317692,0.056375667169932364,60397.0,3.582546207669658
756,0.8983048642953227,0.4181221706973447,55820.0,4.769573064677825
757,0.999460665232066,0.642517829597345,55038.0,4.688540338740472
758,0.909852014804095,0.8299842742249806,51985.0,5.37785841627181
759,0.9999895792756689,0.7340209681057714,57287.0,4.247291141685757
760,0.6313429598088985,0.5819088803404928,55072.0,4.874297702017763
761,0.7089410854255672,0.5241599989891699,55572.0,4.770066182292663
762,0.9999940637093877,0.3975225668013227,57797.0,4.011413872234947
763,0.8902108566130067,0.8242350156766073,51229.0,5.157513310588389
764,0.9633596508024727,0.6293703431627823,52631.0,4.9735078993264175
765,0.999997594556626,0.7763748400561896,54005.0,5.112515677565828
766,0.9222368695587421,0.23061189510799196,56319.0,4.742992108701003
767,0.9964442564227722,0.6635177347579911,56780.0,4.874297702017763
768,0.9999887889157032,0.518461505164177,56876.0,4.616723076330366
769,0.9999994587752409,0.5417456224320185,57604.0,4.441747874867012
770,0.969699566222101,0.24918754326035175,55359.0,5.102489230139602
771,0.9999953265671591,0.28347822874215856,57586.0,4.206850626156342
772,0.9997533990998161,0.6589478928273351,55178.0,4.655322416139835
773,0.9721832294601317,0.6434082765658455,57150.0,4.655322416139835
774,0.969617162604802,0.5357511672070281,53984.0,5.026380850192822
775,0.9999999914091308,0.5921475399734859,57631.0,4.222548223427051
776,0.9975990926049051,0.390119422788491,57019.0,4.706860332098312
777,0.9946680512627818,0.7839379113464044,54010.0,5.3196284944962855
778,0.9964320573885183,0.8675903288918505,53933.0,4.911280712720398
779,0.8028979097959937,0.6244574962941186,56714.0,4.403674690340782
780,0.6386891838731825,0.6101380336969714,56006.0,4.839609885653415
781,0.8484429612289692,0.4938553992334702,53977.0,5.036860370160177
782,0.8877831542968989,0.840083839429485,52959.0,5.171047429683785
783,0.7235202371712185,0.7145864194121779,52593.0,5.02246702639537
784,0.9999564700657992,0.7215322130746737,52503.0,4.933344071821242
785,0.9603806294559066,0.4656064001056127,55602.0,5.01301980206032
786,0.878560486810881,0.6912958995558706,54341.0,4.94101470583362
787,0.8270310874433047,0.3229867123834337,55586.0,4.874297702017763
788,0.9344880332070084,0.8573148545751326,52757.0,5.215061554201419
789,0.9873001094811779,0.412137514068195,55118.0,5.004051947622154
790,0.4260134800874863,0.7505857672210153,54147.0,4.9744551516891775
791,0.9596158015533958,0.4201406826229256,54574.0,4.866701698338545
792,0.37329608378269236,0.8991900725321295,51331.0,5.732253854370914
793,0.9211940754926239,0.1820848047800393,57967.0,4.501752510612336
794,0.9994187933356194,0.40355442759414983,57695.0,3.9554190450245095
795,0.9752496972642128,0.5283427323123642,56411.0,4.304025620157958
796,0.9999976461018412,0.6884304669511112,56562.0,4.479067085173927
797,0.6707229543737993,0.4743167608278256,55722.0,4.601298243688396
798,0.997497222078015,0.7565815666702742,56175.0,4.840032057384644
799,0.9140599685795832,0.36482720262007584,56172.0,4.576148589333625
800,0.9999964433801541,0.3654314136304879,57885.0,4.257002158521267
801,0.923498112246699,0.7382473092100512,50701.0,5.284610351992676
802,0.9826205255778655,0.7436051105457353,55001.0,4.787436312508245
803,0.9997273000392078,0.04729428619647824,60122.0,3.8400320573846436
804,0.9215205027493487,0.3382393434094656,56581.0,4.7712793902652155
805,0.9995830249819813,0.5307072852577586,53952.0,4.94101470583362
806,0.9763444145437333,0.7737691407710519,52019.0,4.7748445605234835
807,0.9819841053971818,0.7331159368070854,56402.0,4.891199685590649
808,0.9612391751504435,0.5419593806190195,54977.0,4.780991189909052
809,0.9862997543088728,0.8257979099627795,53428.0,5.1280664843558945
810,0.9999998797278313,0.6837180057528338,56719.0,4.563374495779829
811,0.990291690678504,0.7167225715219271,57090.0,4.7087621163488915
812,0.8218972527405453,0.4951914981651314,55495.0,4.686382897040506
813,0.9664104832246226,0.5013827471009933,53207.0,5.012440102708338
814,0.8757674406006042,0.42228665797294596,57150.0,4.684134852123947
815,0.9995996139503929,0.9159450855157361,51386.0,5.411091906784819
816,0.999993539666367,0.581407474418065,54132.0,4.632752583073572
817,0.5711312929910183,0.5732938958822424,57284.0,4.390810759600694
818,0.39808066408655945,0.8722373985884375,50302.0,5.575116331496577
819,0.9998176502105103,0.641136313276057,55584.0,4.677625144317826
820,0.970410752737371,0.4193141326748262,55555.0,4.895206771040051
821,0.9999832993502888,0.24546342070690852,57693.0,4.36481643663593
822,0.9936754450544888,0.2548761550273301,56319.0,4.945140133697082
823,0.99980913665914,0.2908006307881791,56775.0,4.692527715255114
824,0.9566632916291593,0.7759051855077872,52374.0,5.028433477185569
825,0.8835119974967581,0.8030604934133285,53886.0,5.036860370160177
826,0.8319948057543051,0.7357919121761797,53623.0,5.005450334128643
827,0.9901588586590425,0.47868669781597684,53569.0,4.930998217556883
828,0.8990091351608924,0.6949754748320107,53648.0,5.168551395109279
829,0.9032832042656895,0.49830377081066757,55789.0,4.598382781779964
830,0.9999994072300257,0.5538906822642983,57147.0,4.429142085149994
831,0.9634355769044001,0.3870979815387827,56911.0,4.5396690443989804
832,0.9985830220353131,0.748891555035107,54060.0,4.774570327953715
833,0.9845517357907045,0.692271024159158,52275.0,5.021220790476878
834,0.9999845879806678,0.43626860037706505,55475.0,4.8471378615221745
835,0.9199914998503858,0.803491044392787,54723.0,4.804430715817034
836,0.987923145087659,0.37326200381201624,58187.0,4.108991478353214
837,0.802762131108399,0.7569468118720369,54188.0,4.820543104226726
838,0.9999996735469706,0.15188425490784763,57830.0,4.244362428928039
839,0.9940035733033139,0.6188387710856602,56304.0,4.3677325479967095
840,0.9999945705706701,0.5627595731000055,54817.0,4.786389916767154
841,0.9508117069870664,0.521894754013899,54660.0,4.874297702017763
842,0.9700413883164196,0.20115864188676402,56052.0,4.822662731332979
843,0.9960291112598916,0.620511065232304,52561.0,5.007033716675306
844,0.7185714497908755,0.5210405615991078,55980.0,4.761790529803033
845,0.9999994330026333,0.23810828090740122,57821.0,4.343136806012314
846,0.9999912544951616,0.670611109003669,53246.0,4.829024472623567
847,0.9985134102222426,0.04202209620402153,59818.0,3.6841348521239468
848,0.8589626180096559,0.7909813751653826,52153.0,5.2021219610423515
849,0.9982298857662674,0.7825411805001652,52005.0,5.102581275484585
850,0.9271261479881855,0.7105453922805411,53828.0,4.857242757239
851,0.9361079704563788,0.5141898525494916,52444.0,5.215061554201419
852,0.7178362861596879,0.7071712592917998,50728.0,5.5396690443989804
853,0.9996343983797552,0.08335594542756841,59747.0,3.621365487788186
854,0.7604903382918484,0.7342858037948399,51329.0,5.223036514279901
855,0.9999993642756797,0.7413962940770386,56061.0,4.163519193091137
856,0.7989220898969686,0.49266613948379556,56031.0,4.787436312508245
857,0.9999933506672446,0.7107763648159509,54359.0,4.86537459644172
858,0.9990950292483444,0.11984445614572503,58555.0,4.0830151309729885
859,0.9999965980157995,0.7869921423489374,56510.0,4.647074111325994
860,0.9997797558865,0.3282063465563031,56336.0,4.733330437397068
861,0.9999999914091308,0.2546443877507987,58280.0,4.257098059927692
862,0.9999688924626523,0.8659698830335294,52542.0,5.256861109307918
863,0.8543517009238027,0.7668719409372117,54416.0,4.907951427322178
864,0.9433557087962348,0.3419320357512091,54214.0,5.098152228707956
865,0.9999996134108863,0.023951598012546205,60813.0,3.3952771309660577
866,0.6018156956674967,0.8113328384029133,54993.0,4.887236364390599
867,0.9999709113169126,0.5430738704068676,55208.0,4.777009654164734
868,0.9999997508647934,0.6393542445390243,56633.0,4.353346544892743
869,0.9692895755807361,0.5352859420853504,55226.0,5.003743238222562
870,0.9947491147044865,0.5037339442478403,55726.0,4.64407128698387
871,0.9052246290219991,0.7108907496916479,56775.0,4.632752583073572
872,0.9571343032144017,0.3971516780085439,54599.0,4.840032057384644
873,0.9999997508647934,0.11457441038155214,59547.0,3.8911996855906494
874,0.9973188240883539,0.6488279506371003,54550.0,5.0523712275637145
875,0.7282641752756555,0.5788728661350961,55858.0,4.721454062430862
876,0.9744084707619689,0.10843472933952769,57768.0,4.37785841627181
877,0.9365003841793749,0.2914335396037523,55182.0,4.983901580169963
878,0.6638850004944474,0.604871732946525,56382.0,4.696377125263524
879,0.957566441116546,0.6048317357831102,52483.0,5.249697986590814
880,0.9998916004125232,0.6232397916413033,56268.0,4.298217331943391
881,0.9801774456059023,0.7805219187246439,52316.0,5.230832010549655
882,0.8745581468986572,0.3936297559384724,56998.0,4.456902361758534
883,1.0,0.26123755264757953,57844.0,4.327497226329015
884,0.997735369562913,0.2870779675565204,57763.0,4.06526206517767
885,0.9991935149727725,0.6585199414068708,54913.0,4.840032057384644
886,0.9961172621686806,0.32758638874279344,55458.0,4.822662731332979
887,0.9999999828182616,0.6252284170097198,57322.0,4.171650272638544
888,0.531059321094363,0.83869888092328,52952.0,5.284610351992676
889,0.9555713492003881,0.5765923571308293,52602.0,5.0830151309729885
890,0.47242671617023313,0.8871875211652047,52821.0,5.176777289877904
891,0.9963244825244839,0.7432812552634342,52519.0,5.065254588224631
892,0.9999753957506313,0.3509679928239994,56338.0,4.80616758413327
893,0.9863290835362977,0.1310921311813995,58840.0,4.091125421338818
894,0.9999975687840184,0.19697408980513598,56765.0,4.803729603798391
895,0.995985899187851,0.08413303938246752,59146.0,3.9941278175986294
896,0.9472004062587678,0.801443050865022,52997.0,5.49996280586155
897,0.9721144767339804,0.7423456324122372,50934.0,4.925527497700671
898,0.8837804449772998,0.3982376566890947,56829.0,4.714944354624741
899,0.996529812889065,0.4337073043574756,57306.0,4.714470453385193
900,0.9721123118349437,0.826363298140641,54238.0,5.005450334128643
901,0.627031254106167,0.6535391525047001,54673.0,5.1280664843558945
902,0.996098181848203,0.5405284007067541,54848.0,5.039606873249209
903,0.4783556529985394,0.734383374883985,53412.0,5.111408263687814
904,0.999935937888428,0.6159710701075058,56843.0,4.64407128698387
905,0.9999861687005993,0.5044152477190853,56751.0,4.727392249913965
906,0.9951615709253098,0.8415226743136943,54381.0,5.036860370160177
907,0.9996594149908451,0.3924522849399126,55463.0,4.9739815255077975
908,0.9999999226821773,0.7368521154671555,56644.0,4.7748445605234835
909,0.9999952922036822,0.4821663509447367,57167.0,4.393083440223942
910,0.9997690001182705,0.6909242552969092,55816.0,4.368616498344714
911,0.9845933155975984,0.15246852564796132,56794.0,4.714944354624741
912,0.5648466684055159,0.6909250458972307,50688.0,5.37976779740745
913,0.8624158639265425,0.6885934055223637,53701.0,5.31172676998078
914,0.7020218447419116,0.8023957763186046,47811.0,5.731942393610186
915,0.9990634835766679,0.7551330022478654,54323.0,5.200838403398052
916,0.9999200533712903,0.5811175204273087,53697.0,4.6898591342923694
917,0.841305271923475,0.3415854341532675,57027.0,4.64407128698387
918,0.9999884882352814,0.5902099903272431,54602.0,5.12893916718512
919,0.999995549929758,0.840007962178621,52647.0,5.157513310588389
920,1.0,0.6560676855128261,52857.0,5.153165359288828
921,0.8793095075140768,0.5952194979864146,53065.0,5.24318981572311
922,0.999999329912203,0.12904654186657394,57876.0,4.491090302250463
923,1.0,0.3097232939109992,57418.0,4.524424338996365
924,0.5940198255096532,0.8257543094224065,53104.0,5.284610351992676
925,0.42513128373006126,0.8050138530497742,52600.0,5.236198182114672
926,0.9937117758403058,0.7817978892958157,55552.0,4.9735078993264175
927,0.7195560836725574,0.6039636827329802,54593.0,4.789464240107728
928,0.5840653706040404,0.7734500521363274,54567.0,4.637891621410189
929,0.9995653707457898,0.0871268445078821,59983.0,3.677049589417704
930,0.9933865513052679,0.368096964315645,57235.0,4.675128530101915
931,0.383622248416546,0.8793970842015177,52126.0,5.3037917749481664
932,0.7496835574809946,0.47067389625102607,56979.0,4.651359094939789
933,0.999998754323967,0.7842213678575257,53929.0,5.0186596051534575
934,0.9804743374543418,0.4323872384551669,57377.0,4.370771804552959
935,0.7292602521951024,0.9078509630580528,55311.0,4.742992108701003
936,0.7290953075065976,0.8350259985551903,54335.0,5.0668539773117764
937,0.9053111992108565,0.8149635010423268,50597.0,5.325140054619542
938,0.9996019077124674,0.6008887862859198,55688.0,4.542782993962248
939,0.9999995704565403,0.6926301167268318,55805.0,4.805131827835677
940,0.9913253268780626,0.38614503837267244,57327.0,4.479067085173927
941,0.999999957045654,0.7539555771572216,54737.0,5.0523712275637145
942,0.9988785221629434,0.6860753147819845,53907.0,4.955981683791499
943,0.7955191778826836,0.5863814113847649,55327.0,4.732253854370914
944,0.9995229748063225,0.6504709781450062,54064.0,4.39005116321291
945,0.993062976217115,0.6359938329377093,53979.0,4.906970141938885
946,0.8605892647278661,0.7574465809166716,53395.0,4.989436264136433
947,0.8994152083659053,0.4707516518867838,56456.0,4.684493320631011
948,0.9996580232700358,0.812646743533117,53609.0,5.241134680190848
949,0.9833733949904597,0.23816142245251215,56468.0,4.710592023507729
950,0.995241362918374,0.4343796301034024,54036.0,4.887236364390599
951,0.8472529883918372,0.4382931506529316,54346.0,5.004051947622154
952,0.9998177447100713,0.145407711282462,58819.0,4.142757242761
953,0.9984566417586155,0.2016572513900564,59502.0,3.696377125263524
954,0.9969219431133776,0.5576911068605015,52474.0,5.097499906585666
955,0.9994351761231705,0.7914273500985718,52725.0,4.999253452023918
956,0.9998450293106282,0.4496244196139393,54086.0,5.005450334128643
957,0.5827729430609131,0.9058082960235583,51062.0,5.464864066931355
958,0.5453690288186464,0.5369224840472868,56802.0,4.610664401435832
959,0.9515226959123451,0.32566412356908725,56397.0,4.712768189066235
960,0.6699080417038934,0.8462817244320103,52661.0,5.098152228707956
961,0.9999383691044097,0.5924165763322709,55849.0,4.857242757239
962,0.9999908077699635,0.09430328175494329,58190.0,4.239079544658587
963,0.6055573456540602,0.7683760251122504,52858.0,5.1280664843558945
964,0.9914788371196716,0.15745380253301589,57373.0,4.419445146689018
965,0.9693184924464396,0.4192725105062123,54786.0,4.945828395643737
966,0.50370852789039,0.664573730753379,55678.0,4.769573064677825
967,0.9978518273856928,0.525038937900162,52881.0,5.150591078540582
968,0.9999981443722543,0.7963858659268509,53234.0,4.9914238431430125
969,0.5015634737615998,0.8016456987718467,53633.0,5.0734127744155035
970,0.8422232922054348,0.7091200116461115,52794.0,5.272159500752998
971,0.8010723586833589,0.8126074236348102,52683.0,5.172065958470316
972,0.916008618256884,0.6050413227144774,50957.0,5.340797675473857
973,0.9897088947033228,0.8297317742868151,53010.0,5.088538094317254
974,0.9989930212675472,0.6111977006284974,55777.0,4.465507666829346
975,0.9774208160901344,0.16727824834500904,56036.0,4.9554190450245095
976,0.44305006714752226,0.8427578485865141,51431.0,5.468894698687137
977,0.8829421651431891,0.720651161303955,54339.0,5.02074688923733
978,0.9812649551461698,0.7130300222163174,53145.0,4.980638274530257
979,0.9992407475715954,0.7206296165257653,54521.0,4.787436312508245
980,0.9192037600997373,0.7377592163398894,52943.0,5.218147903144224
981,0.5032783487064217,0.7441895178448839,52769.0,5.338458544935399
982,0.8367940432837371,0.749492047428032,55458.0,4.594970076857676
983,0.9999979467822628,0.5780879371811721,55654.0,4.7515388740801825
984,0.9999915294029758,0.6546839142182895,54425.0,5.239079544658587
985,0.9999987199604903,0.20749535864965163,59121.0,4.156223400369132
986,0.9999994845478484,0.46617714565371005,55674.0,4.889218024990624
987,0.9990845397970598,0.6320138242133875,55851.0,4.3595561033158425
988,0.9940360725614709,0.34379910016814397,57337.0,4.732253854370914
989,0.8058675670951394,0.46909967180592527,55923.0,4.838475361395
990,0.9973660309145692,0.2937708077617165,56161.0,4.727654551026195
991,0.503495895286995,0.8053521442025817,53266.0,5.142847411389695
992,0.9999991838674267,0.7801024078444313,53511.0,5.202992158981388
993,0.9999915379938449,0.12588535929468636,58014.0,4.563374495779829
994,0.9998714462333965,0.6689326884446423,54744.0,5.021220790476878
995,0.9956683892533484,0.6072769450653877,55096.0,4.714944354624741
996,0.7045398027297607,0.5728415283551541,54084.0,5.008353876530823
997,0.9981544579347531,0.4148883874813041,55944.0,4.5396690443989804
998,0.9998760681210224,0.7104000643327824,57847.0,4.429142085149994
999,0.9995635580723901,0.19922713135586945,56564.0,4.586785461882165
